"","Date","EMP","EMP_PART","EMP_TEMP","UNEMP_RATE","UNEMP_DURA_6mth","UNEMP_DURA_6.12mth","UNEMP_DURA_12mth.","UNEMP_DURA_24mth.","EMP_RATE","EMP_ACT","EMP_ACT_RATE","CLAIMS","CLAIMS_RATE","TOT_WEEK_HRS","AVG_WEEK_HRS","AVG_WEEK_HRS_FULL","AWE_ALL","AWE_CONS","AWE_MANU","AWE_PRIV","AWE_PUB","AWE_SERV","VAC_TOT","VAC_CONS","VAC_MANU","IOP_PROD","IOP_CAP_GOOD","IOP_DUR","IOP_ENER","IOP_GOOD","IOP_INT_GOOD","IOP_MACH","IOP_MANU","IOP_MINE","IOP_NON_DUR","IOP_PETRO","IOP_OIL_EXTRACT","IOS","IOS_45","IOS_46","IOS_47","IOS_G","IOS_EDUC","IOS_PNDS","RSI","CAR_REGIS","RETAIL_TRADE_INDEX","AVG_WEEK_RETAIL_SALE","AVG_WEEK_RETAIL_SALE_NON_FOOD","CPIH_ALL","CPI_ALL","CPI_EX_ENER","CPI_GOOD","CPI_DUR","CPI_NON_DUR","CPI_SERV","CPI_CLOTH","CPI_TRANS","RPI_ALL","RPI_GOOD","RPI_SERV","RPI_HOUSE","EXP_TOT","EXP_GOOD","IMP_ALL","IMP_GOOD","EXP_FUEL","IMP_FUEL","EXP_OIL","IMP_OIL","EXP_MACH","IMP_MACH","EXP_METAL","IMP_METAL","EXP_CRUDE_MAT","IMP_CRUDE_MAT","GBP_BROAD","GBP_CAN","GBP_EUR","GBP_JAP","GBP_US","OIL_PRICE","BANK_RATE","CONS_CREDIT_ex_student_loan","TOT_LENDING_APP","TOT_HOUSE_APP","MORT_FIXED_RATE_5YRS","MORT_FIXED_RATE_2YRS","M1","M2","M3","M4","LIBOR_3mth","SONIA","BGS_5yrs_yld","BGS_10yrs_yld","BGS_20yrs_yld","FTSE_ALL","FTSE250","VIX","SP500","UK_focused_equity","EUR_UNC_INDEX","BCI","CCI","CLI","PPI_MANU","PPI_MACH","PPI_OIL","PPI_METAL","PPI_MOTOR"
"1","1998-01-01","0.000975792909102324","0.00255581586919362","0.00228310601456894","0","0.00524385050601062","0.00711746776886457","-0.020548668227387","-0.0364696797813915","0","0.000999500333083603","0","-0.00711493574188715","-0.100000000000001","-0.000794777220377796","-0.00301659353942574","-0.00259403517704637","0.00307389026440162","0.00091484245515411","0.000837620248983147","0.00174603945969975","0.00427263099824679","0.00225381230331138","-0.00036874552580066","-0.00686956947618916","-0.00458358913514449","0","-0.00382409643840331","-0.0191944472561469","-0.00847911810306101","-0.0221662954572608","0.0208069925059613","0.00354820005609735","-0.0014673516939494","0.0181703484973132","-0.0232268506098174","-0.0238046185853875","0.0212593040579021","-0.00489796897554662","-0.0421223030023716","-0.0592073210642337","0.00116076623596317","-0.0267021586069962","-0.0110362861428861","0.0019102202561192","0.00163532334073047","0.00581851756128859","0.0033669321084826","0.000779576961978279","0.00274205391843374","0.000674161824245881","0.00101246906200713","0.00128622597327495","-0.0024713475904057","-0.00680444932808556","0.00204675085760107","0.00323629078377448","-0.00426900204278333","0.00368133775042655","0.00186404351719296","-0.000452444723074484","0.00314429132350992","0.00544937601745198","-0.0331708106684587","-0.0561317949919911","-0.0346458538417682","-0.0533322016709636","0.116591735227326","-0.116447315638379","0.294294242009647","-0.165624594033066","-0.107228722722933","-0.0926278647007059","0.047628048989254","-0.112986863392891","0.0190481949706944","-0.103958259070095","0.0104286247486387","-0.00516578190712025","-0.00867303051793456","-0.0157643823672462","-0.0148105893883282","-0.123108599948428","0","0.0108114092788032","-0.0299039594757247","-0.0187530783444281","-0.0900000000000007","0","0.00730391575106992","0.00252016080433037","0.00824381531153051","0.0119800111364636","-0.139","0.130028571","-0.2892","-0.2761","-0.0656089053022041","0.0508145134277314","0.0153177697809497","21.46999931","0.0100990103150949","0.0551864155672908","-15.82274","-0.305199999999999","-0.170299999999997","-0.0260999999999996","-0.00533313739601804","0.0026773777707163","-0.0267942024320679","0","0.00210748233956437"
"2","1998-02-01","0.000712477765210551","0.00254930032343381","-0.00686501551968011","0","0.00625653761430556","-0.0434851119397388","0.0051768881795331","0.0169975763685715","0.0999999999999943","0.000606352452011905","0.100000000000009","-0.0142386987780565","0","0.00419382875945207","0.00301659353942574","0.00259403517704637","0.00361581492922623","-0.000127508373768592","0.00348473422928661","0.00283318145924095","-0.000631700165973772","0.00405573647790831","0.0073996227567799","0.0169296051144567","-0.00227278020606956","0.00933495693605124","0.0283305066262258","0.0853950844121281","0","0.0204785313435414","0.00128617381074481","0.0129034048359076","0.0102265317838306","-0.0310081819388914","-0.00523561405394446","-0.0165378446154119","-0.0322781041028977","0.0081500043619247","-0.00315291905961601","0.0531374996971579","0","0.0178804252778484","0.00737104074458994","0.00570886422032002","-0.00163532334073047","-0.00475807348805546","0","-0.00220244509913492","-0.00289784033675033","0.00167374364684311","0.00128731316647061","0.00154905247343857","0.000762242836575053","-0.0018596648096322","0.00824120392480529","0.00320815746127298","-0.00358688723948983","0.000722791134586658","0.00275861949487514","0.00298877605685561","0.00296973059544854","0.00506538683513524","0.00718934396856596","0.00839756615664555","0.0474563978970686","0.0604537995697072","-0.004391069951037","0.134251940271886","-0.0349426761840919","0.307675844294779","0.0375356825303772","0.0553458451803817","-0.0116960397631907","0.0737661502396092","-0.0126583968719238","0.0239155513965583","-0.00353524184017484","-0.001104362343053","-0.0059973754620906","-0.0258076308776038","0.0032967062824919","-0.0765924454813836","0","0.0133967041964009","0.0745239577617109","0.0829553262361209","-0.159999999999999","-0.0499999999999998","0.010004354097557","0.00487351365502775","0.00816878786660524","0.0077619558092703","-0.0366","0.0727395240000002","-0.0851999999999995","-0.0517000000000003","-0.100028352137586","0.0562284980266368","0.0675038825233614","18.54999924","0.0680783666566382","0.0649578962747723","-3.57956","-0.253600000000006","-0.00400000000000489","-0.0327000000000055","-0.00439128907258193","0","-0.0149919146440315","0.00135409634772987","0.00105207795080364"
"3","1998-03-01","0.00112393238266328","0.00314018949628192","-0.000574217644259356","-0.100000000000001","0.00725016122505995","-0.0532445145188127","-0.012121360532344","-0.0084626739187339","0","0.000142617749022023","0","-0.0115094510599567","-0.0999999999999996","0.00203389900622764","0","0.00258732356495095","0.00470957619735528","0.0000990123480347715","0.00263607920417038","0.00348047237455256","0.00198605119035324","0.00465130909646433","0.00792588517299368","0.00660719683462911","-0.00538446659631559","0.00694447235281181","0.0221003470006655","0.0211275464258756","0.018455572599434","0.00673403218134361","-0.00257400399517316","0.0207619914484294","0.00724116125655971","0.00483352176272422","0","0.0910850554291969","0.0114484455940325","-0.00488202759730871","-0.0697450339895056","-0.0499323687482089","-0.00348634867943787","-0.0282432123133951","0.00122324174274446","-0.00189933580365231","-0.00163800200423836","0.0323281117682104","0.0016792991797514","-0.00169021823743165","0.000530695516101076","0.00144976688598541","0.0011372328050054","0.000916762837428572","-0.000401799707344267","-0.000696162057285838","0.000257653919405121","0.00339831240383451","-0.00359338281720371","-0.000905751132105509","0.00204151287315497","-0.000476508751919848","0.00281022594690018","0.00679140194578161","0.0146852316601418","0.0187538848353945","0.0350203146427095","0.0443649119789384","-0.0033709353844511","0.0760268981443319","-0.0228892826710645","-0.0810101834909682","0.0407728733793249","0.11617480426702","0.023256862164267","-0.107832704803215","0.00317965291737998","0.00743497848751762","0.017033475890508","0.000892079666645174","-0.00311004944599333","0.0389222776337013","0.0128987163945568","-0.0714326409191921","0","0.0269968864122916","-0.0411131377415952","-0.0408106443622032","-0.0900000000000007","-0.0600000000000005","0.0173548811106237","0.00583929893277713","0.00253627070910234","0.00711003002698973","0.0228999999999999","0.062683636","-0.00389999999999979","-0.0541","-0.043833497028478","0.0359632295089316","0.0605047104460308","24.21999931","0.0487384620342608","0.0756790643857634","36.3967","-0.388599999999997","0.0858999999999952","-0.070999999999998","-0.00281587995514791","0","-0.0265428450229395","-0.00406780221932568","0.00733371542547001"
"4","1998-04-01","0.000037442665922427","0.00283265191271376","-0.0132988372239886","0","-0.00103252461418979","-0.0317486983145798","-0.00699303549097063","0.022409901399584","0","-0.000320918542932702","-0.100000000000009","-0.0040377399496121","0","-0.000903444443155266","0","-0.00258732356495095","0.00203102145159559","0.00429625876631382","0.00260107458296921","0.00190663780375425","0.00355513542095237","0.00286651922485432","0.000643483490916652","0.00515345349192196","0.00126810504772905","0.00460300007196057","-0.0146791626630489","0.00694447235281093","0.0176079121895807","0.00835426746985757","0.00770222036209223","-0.0219281723386118","0.00144196131690144","0.0053433202204376","0.0104439591610834","0.0169815401480937","0.0147108505165692","0.00974033674838459","0.0452366149607739","0.075478461175905","-0.00233100338647585","0.0320334884871762","0.0012217472503222","0.00757579380845774","-0.0016406894574601","-0.0728851757112849","0.00167648386111807","0.00173755208436788","-0.00171439271840512","0.00159544115544904","0.00144810142831088","0.0000417699887798363","0.00046344774777519","-0.00527717390813279","0.00302668057630244","0.00258883747265755","-0.00393202444453924","0.00363520319979383","0.00483599660252828","0.00177739860750925","0.00327039371985265","0.0112371243099299","-0.0141522713863758","-0.0244132095042957","-0.0359566969048863","-0.0473656249251793","-0.0769090944334341","-0.0726711902973589","-0.172884418830679","0.0575284415962516","-0.0284328971437482","-0.0883379553182149","-0.023256862164267","-0.109770666135379","0.0250796843970233","-0.0716418796585279","0.00233976272898317","0.0155466466765145","0.00409858560306711","0.0283698236837093","0.00677602808513444","0.0322972119755911","0","0.00829934301082424","0.00910817564859379","-0.0447763247308206","-0.239999999999999","0.12","0.00137188693486934","0.00366928980263914","0.00634856201731893","0.00329692882581334","-0.0314999999999994","-0.151463636","-0.17","-0.1671","-0.00855313299173847","0.00263167937654174","0.0153376518720094","21.18000031","0.00903552566870935","-0.0087848295557329","-21.8087","-0.546549999999996","0.0551999999999992","-0.145700000000005","-0.00442956185952364","0.0026702285558784","-0.0641391769820991","-0.00272109011436061","0.00416667269484616"
"5","1998-05-01","0.000224626559290897","0.00119029920317537","-0.00233100338647496","0","0.0102775827582411","0.0160003413464409","-0.0159154553059002","-0.0111421765532418","0","0.000142643178332236","0","-0.00693883348006263","0","-0.00113045456307237","0","0","0.00619830380666063","0.00774441884390215","0.00247730136031122","0.00310023914300314","0.00436100784800734","0.00573157854120094","-0.00251672659130078","-0.0206683070563385","-0.00674382553658248","-0.0080692080484468","0.00552996800946115","0.0205486682273879","-0.0165635256716747","0.00828505153410752","-0.0180650073976389","-0.00702579002440551","-0.00433213673913446","-0.00346990872644337","0.00388853373969233","-0.000467836265842791","-0.00424178790836294","-0.00161681522690493","0.00430571171121219","-0.133107574012541","0.00929158833409982","-0.0411898637731625","0.00122025640522949","0.00751883241402718","0.0098040000966213","0.0126133168077285","0.0100000106222096","0.012750282647092","0.0220320813553716","0.00205646705329513","0.00167244179754673","0.00382415826768665","0.00238008235004045","-0.000701778527701951","0.00155749686299624","0.00357791782218535","-0.00336182608532541","0.00163682493121134","0.00409874061984524","0.00373722356191851","0.00270681208367364","0.00797571749613458","-0.00263425684602225","-0.00891382353189307","0.011179129688367","0.0127303497782805","0.0276642814723562","-0.157506387674231","0.101684040928517","-0.312444568685914","-0.00526992639137447","0.0444149221524714","-0.0606246218164355","0.213149020589213","-0.0573405466152446","0.0642069011710102","-0.0289039278688756","-0.0111404199993196","-0.00994406348260534","0.000456085683170571","-0.0221768054072466","0.0595371214373812","0","0.0157995054671822","0.0467876543409442","0.0424923496229894","0.00999999999999979","-0.0199999999999996","0.0112532452199225","0.00447859022792763","0.0104888621340411","0.00383809978952598","-0.0472000000000001","0.00771315799999961","0.0203999999999995","0.0398999999999994","0.0130213523540293","0.00471814187452324","0.0504963171836845","21.31999969","-0.0190056929246536","-0.0420482362434997","13.8466","-0.657219999999995","-0.150599999999997","-0.235799999999998","0.000627682622094032","0","-0.000851350603408001","-0.00409556886473705","0"
"6","1998-06-01","0.0020940849773492","-0.00372439909098254","-0.00526470944010793","0","0.0292212226837449","0","-0.0363016266762148","-0.0487901641694313","0.100000000000009","0.00245739746507567","0.200000000000003","-0.00430555189660975","-0.0999999999999996","0.000565387022467334","-0.00301659353942574","-0.0051948168771041","-0.000968073771533671","-0.00465479470264414","0.00204869956204319","0.0035934004332147","0.00098134709082289","-0.000809944134955456","0.00738950114986223","0.0144668625476064","-0.0137452322026143","0.00346620797648622","0.00549955556603843","-0.0309835455199674","0.0134786903204649","-0.0116183879538658","0.00648931543975007","0.0243772953356052","0.00577202179712177","-0.00509316206195543","-0.00518807908177799","0.0263233855160276","0.00572217307879708","0","-0.0173352120015453","0.0983871053088041","-0.0151429801025635","0.0233776880090621","-0.00122025640522949","-0.00563381771825577","-0.0130934767470201","0.0618099803694454","-0.015037917632899","-0.0136176305306446","-0.0333483650484112","-0.000167607069110121","0.000506250453708871","-0.00033627737512573","-0.00215057217150457","-0.00437791076892887","0.00259435681185597","0.00202937261414264","-0.00402041929757332","-0.00269005727552765","0.00063464385930334","-0.000937088334445787","0.00256717791744149","0.00225824055071573","0.0133660348465074","0.0139059854139933","0.0372076740909399","0.0451893308463003","0.0996416017114079","0.340665114881249","0.120322997608729","0.635145667437276","-0.00884540025929503","0.0507257804884969","-0.077961541469711","0.026433257068156","-0.0504308536268923","0.04618074506336","0.0219970199778485","0.0221167483940456","0.011238945413025","0.0472394397266962","0.00857852126021402","-0.162191275497465","0.2159","0.0114303876847188","0.0227656102320086","0.0117953768174033","-0.0800000000000001","-0.18","0.00735026675002004","0.00241749535276981","0.00608190810800657","0.010115643000125","0.2259","-0.118626794","0.1112","-0.0904999999999996","-0.0804104448643067","-0.0211777781345841","-0.0697508669611988","19.70999908","0.0386804144059028","0.0302137785964969","-20.56089","-0.591909999999999","-0.440100000000001","-0.320300000000003","-0.00144398921707627","0","-0.00612694324528921","-0.00548698221625976","0"
"7","1998-07-01","0.00201515163166555","-0.000895923607783899","0.0168657676228694","0","0.000992555912751492","0.0615578929994332","-0.0186572576045423","-0.0208031276297636","0.199999999999989","0.00255781872374072","0.100000000000009","-0.000148798452770826","0","0.000903954863814782","0","0","0.0019198907715645","0.00727332138891668","0.00199015354801926","0.0018577219298026","0.00452989261330099","0.00210106349767179","0.00277593434618064","0.00592067085126896","0.00858514603621781","-0.00346620797648622","0.0163194918286012","0.061035890586369","-0.0181870432508511","0.00996685991539259","-0.00779224722016636","-0.0196879549722189","0.0014378147696279","-0.0369550741815443","-0.00914441381899778","-0.0791694943831756","-0.0416412226418119","0.00484262447578754","0.0237592169629002","0.0227800283318196","0.00585139176846372","0.0152869218969061","0","0.00375940292390542","0.00820349145282773","-0.0381147735183101","0.00671158497705182","0.0111985847736396","0.020561742077108","0.00213044139843138","0.00130338966874489","0.000406802213427151","0.00093729562413674","-0.00212858649828687","0.00141251408415982","0.00321673281798121","-0.00513538474252558","-0.00327578319832967","0.00248843935361282","0.00079537497059721","0.0021601229300292","0.00937651105052148","-0.000395426241682983","-0.00555985988201968","-0.0173948745421946","-0.0249887057797782","-0.0457323594589756","-0.243129249760195","-0.0744310043520731","-0.421792001395593","-0.000410144239806343","-0.0546237876980005","0.102654154060083","-0.0219789067187754","0.0471467784257023","-0.0893894993945974","-0.000810304000400386","0.00991594045168942","0.00530777133965156","-0.00115042933378096","-0.0042496421410157","-0.0107040956159445","0.0340999999999996","0.010625269901702","0.0280752320070636","-0.0046540277039675","0.19","0.14","-0.0033371768287811","0.00804998574053428","0.0131423812331768","0.0170313059475475","0.0921999999999992","0.187333201","0.0841000000000003","0.0575999999999999","-0.0134228937285525","-0.00319083984972224","-0.00384101141234439","24.79999924","-0.0116833118938127","-0.0302137785964969","25.38418","-0.53531000000001","-0.546399999999991","-0.361319999999992","0.000766713350240126","0","-0.0129658776863287","-0.00967526552341802","0"
"8","1998-08-01","0.000372731004352644","-0.000149398670631129","0.00632367729604066","-0.0999999999999996","-0.0129807114727214","-0.00749067172915741","-0.0113637586503152","-0.0181823190831905","0","-0.000177415063003394","0","-0.00245837647557945","0","0.00248167076039785","0","0.00260078170005773","0.000649938409593249","0.0111390404440292","0.00251631023498156","0.00315295845676938","0.00696950641486657","0.00132039160041884","-0.00657260005196943","-0.0168833163227796","-0.0135677122050866","0.00577035646133606","-0.00360360750329836","0.00982004618097543","0.0187018437770208","0.0115038244814842","0.00130293178041629","0.00699303549096975","0.00143575042610422","0.0157701428434853","0.0104439591610834","-0.109370078055829","0.0288805220515975","0.00160901080570053","0.0273701295597037","-0.06834957780121","0.00349447064977326","-0.0191454475844353","0","0.00747667034302024","0.00651468102119424","-0.034103454022949","0.00333882731921431","0.00859545844374665","0.00174664700815796","0.000953036514853619","0.000884100603763485","0.00248662207294175","0.00105585734644065","-0.00474228575701358","0.00214089522659986","0.00210531228809436","-0.00408648140943644","0.000953278456061999","0.00283112750327019","0.00252740612244405","0.00281197032778859","0.00469483995873039","-0.0177566679105929","-0.0284319787735434","-0.0242322448419419","-0.0321931230141317","-0.249469477386745","-0.0985167381766452","-0.338585285479282","-0.258283097596999","-0.0152948210621293","-0.019887252520407","-0.0246926125903721","0.178610977397419","0.0195445960729703","0.0870113769896301","-0.00372745439636368","0.0235085981439614","0.0134071707913503","0.0217458637567187","-0.00714354168842746","-0.0141728091394597","0","0.0119844883081193","-0.0202341752051804","-0.0154002417610766","0.0999999999999996","0.25","0.0000852706348357657","0.00403709413827436","0.00218793087369917","-0.00655911995175273","-0.0779999999999994","0.202630435","-0.3226","-0.2613","0.0134316237452528","-0.113686765020406","-0.135860898013982","44.27999878","-0.157586078728966","-0.152107778197458","4.4568","-0.664509999999993","-0.390500000000003","-0.324150000000003","-0.0041949065114188","-0.0013342230131359","-0.0510586252969306","0","0.0010389611324193"
"9","1998-09-01","0.001638367956593","0.00655251786001898","-0.00574714225556772","0","0","0.0149256502166759","-0.0172914971100608","-0.00613498856751615","0","0.0014184399541346","0","-0.0101204057312811","0","0.000675751799563251","0","0","0.00237081831677175","0.000372358905040176","0.00209962178984221","0.00348756888409369","0.00169984691951796","0.00157670346161619","-0.00389511234518919","-0.0164560027640808","-0.0256579423041072","0.00344629864358748","0","-0.00653597097978542","0.0076903737130154","0","0.00907329620567499","0.00809721023262","0.00286533147328605","0.00683903636779171","0.00388853373969233","-0.0132965947910382","0.007463516893079","-0.00160901080570053","-0.0167543186120476","0.0238295628329839","-0.00466201310581127","0.0038585256875292","0","-0.0037313476128582","-0.00162469572700186","0.0567300710699907","-0.00333882731921431","-0.00407529456953348","-0.00635592239411764","0.00263445488703643","0.00140260947308723","0.00116988887694831","-0.000208396667533617","-0.00283732035837593","0.000759456364042916","0.0038710274731669","-0.00351483202368231","0.00367542735344645","0.00199749748861069","0.00000553513795718483","0.00333990596646484","0.00436451560261998","0.00314865939773945","0.00761908447643833","0.0355750677508198","0.0480849499470803","0.164524216834586","-0.179577533119982","0.369756640382222","-0.392561703272256","-0.00836591605442649","0.047651211882302","-0.147920130076622","0.0786118875696538","-0.049596941139372","0.109281390401063","-0.000502499405570234","0.0234374921497496","-0.0102276750845595","-0.0438898132497112","0.0302962040042846","0.113388657120269","0","0.0108466144492247","-0.0318278067940678","-0.0429721347919045","-0.11","-0.0600000000000005","0.00669092086758027","0.00732234366451578","0.00628437017205385","0.0152438354750544","-0.2605","-0.251886364","-0.5097","-0.4196","-0.122354719595037","-0.0401336095183114","-0.0518850804585256","40.95000076","0.0605262784253773","0.0316370849431826","91.9454","-0.598190000000002","-0.100800000000007","-0.210070000000002","-0.00364085306604921","0","-0.0500532242687294","-0.00557104504945549","0.00103788281241979"
"10","1998-10-01","0.00226694264352822","0.00709957130830929","0.00172761344437777","0","0","-0.022472855852059","-0.0156253179030807","-0.028082968742825","0.200000000000003","0.00159334370258613","0.0999999999999943","-0.00400136429088072","0","0.000337704736703692","-0.00302572091653719","0","-0.000652878283981483","-0.00533782566901742","0.000837048850872726","0.00107470947941072","0.000161974712256699","-0.00142027276309748","0.000130382588794702","0.00851569134331146","-0.00732800103426601","0","0.0125562187754129","0.00653597097978542","0.0116782236080955","0","-0.0156049980688904","0.0148659112758294","-0.00143163947143776","-0.0126201949329969","-0.00388853373969233","0.0436512288389554","-0.0046848467286198","0.0032154368539743","-0.018114507038776","-0.0110498361865847","-0.0105696814896872","-0.0129200763651038","-0.0012217472503222","0.0093023926623137","-0.00652530863492284","-0.0512385763262975","-0.00502946100723189","-0.0050142847995609","-0.0102437315472841","0.00075069451014417","0.00127240214340792","0.00125838721581647","-0.000311030296798719","-0.00245486828887259","0.00369422393298003","0.00342603673011634","-0.00457778713644618","0.00184811006371654","0.00222305731233308","0.000741206353944711","0.00263755823996867","0.00577075009089193","-0.00613900181927285","0.00200094848500321","-0.0224483655563361","-0.0264565695368315","-0.03990769266664","0.084954065463112","-0.180058864685924","0.200401697478013","0.0139045621711915","-0.00890307947567948","0.27675300191959","-0.116495205471955","0.0463659205579257","-0.159322336472147","-0.0222239567667391","0.0222896721977791","-0.00957617773026863","-0.0982922857392028","0.00769826742575253","-0.0491650470229321","-0.1932","0.0130411816386182","0.0717995100851621","0.0153873867684009","-0.27","-0.359999999999999","0.0152863793702043","0.00562067673729594","0.00364983997847013","0.00032121939301355","-0.2492","0.274422728","-0.400600000000001","-0.1396","-0.171836601867898","0.0660202227381372","0.0571363442440003","28.04999924","0.0772334377110004","0.0538850884949795","-85.35274","-0.535020000000003","0.0315999999999974","-0.0567199999999985","-0.00195475930412759","-0.00133600554274249","0.00243522650582642","-0.0268947562001216","0"
"11","1998-11-01","0.000593758135231326","0.000294724434787952","-0.00230414848485072","-0.100000000000001","0.00900456309308151","-0.0152674721307884","-0.0158733491562906","-0.0191699161077201","0","0.000459827042394778","0","0.00256875330127926","0","-0.00598297207187493","-0.00607904607638243","-0.00782272568120934","0.00324457496349235","-0.00111837901341704","0.00179297803916452","0.00184366422007584","0.000966428903039655","0.00263348799409671","-0.00868508305769759","-0.0156943946343042","-0.0196590901965655","0.00229095174655569","-0.00895261127211455","0","0.0135374341130685","0.00326264563481615","0.00392413845613415","-0.00341103230106299","0","-0.0027647239064823","0.00518135874199732","-0.0498050944133333","-0.0122411063589549","0.00640002184546784","-0.0195445960729703","0.0450037151169287","0","0.0142029501779932","-0.00122324174274446","0.00554018037561521","0.00326797676461599","0.0280796785345006","0.00670034245547857","0.00358980565203559","0.00974829594557214","0.00220804828046065","0.00158363596317636","0.00160739520171085","0.000918309390220388","0.00141644779013648","-0.000132032486975676","0.00274300227831705","-0.00443841021206407","0.00316055969487441","0.00103684968702481","0.000639471038920504","0.0028596847240558","-0.000713437331144957","0.00137868441563249","0.0014192974233147","0.010269619721754","0.0132140206971307","0.0635494557236811","0.183758854921375","0.076199272174601","0.261618969109721","0.016977406679425","0.0222670076324505","-0.399985642343538","0.0599430359670343","-0.0634603539172263","0.0595196900256285","-0.00336453244508839","-0.0221334283007385","-0.017963432257974","-0.0248643311826191","-0.0197790315386959","-0.140076952615597","-0.4854","0.0111081757982436","-0.0226589034872902","-0.0247105943341861","-0.15","-0.25","0.0150863473199419","0.00396239886594074","0.00135998703210305","0.0101749230710961","-0.244","-0.695688745","-0.0369999999999999","-0.0822000000000003","-0.117734834934091","0.0475603656584749","0.0185940418142572","26.01000023","0.057444036255629","0.0480092191863606","16.73684","-0.0864200000000039","0.218700000000013","0.127260000000007","-0.00161887621134193","0.00133600554274249","-0.0177467894762613","-0.00719945514285403","0.00103680672844053"
"12","1998-12-01","0.00166805710069617","0.00660843876464767","-0.00636392081255721","0.100000000000001","0.0245954355823752","-0.00385356931599024","0.00399202126953746","0.00963089306096077","0.100000000000009","0.00233125039352089","0.200000000000003","-0.00833464439867004","-0.100000000000001","0.004518760513327","0.00304414238122819","0.00261438057407082","-0.00304382825801142","-0.00832333712044848","0.000521292118793107","0.000673686638359036","-0.00152083665333037","-0.00391934433850101","-0.00821416557907456","-0.00147792796019455","-0.018255536015534","0.00342661671664768","0.0035906681307285","0.0257248912384358","-0.00199401860686432","0.0177567215892598","0.00650620382273814","-0.0126076168545746","0.00713778904829265","0.00964327627180417","0.0128371467606812","-0.00788736483316654","0.00903426234937577","0","-0.00439561147303813","0.0632098695233045","-0.00948998818484803","0.0203052661607455","0","-0.00554018037561521","-0.00490597876885435","0.0468103539788425","-0.00502104327572717","-0.00438585662057989","-0.00332704183980681","0.00212467177066956","0.00142569616969872","0.00268410088850601","0.00212725536061158","0.000790373060370296","0.00169422954340036","0.00241009689280451","-0.00467602775373637","-0.00908433068927591","0.0000465512541962423","0.00251994883921567","0.0027082116099339","-0.00792819151734588","0.0188738231289598","0.0146528498334515","0.000617923433505752","-0.00469197107193509","0.00548246987274403","0.0735307345402845","-0.0648898867370882","0.136555705735764","0.00730423915641509","-0.00438253949217504","0.0787808778531138","-0.044617065488807","-0.0279738520424058","-0.0287101058824311","0.00128988219257575","0.00611336911655491","-0.0111570178102871","-0.0225966916693805","0.00510128638141782","-0.117103918482575","-0.4047","0.0058585026543323","-0.0441484785214712","0.00189573516489894","-0.149999999999999","-0.24","-0.0077755287858654","0.00452589471800202","0.00806867639485631","0.00137199625167383","-0.5032","-0.482785714","-0.4316","-0.4117","-0.188843650877535","0.0177562740483115","-0.00963477547056435","24.42000008","0.0548435071646738","0.021639175103481","-21.04103","0.353340000000003","0.188499999999991","0.280329999999992","-0.00179898457570631","0","-0.0413769713592161","-0.0160236494681572","0"
"13","1999-01-01","0.000666444543160338","-0.00454779629276736","-0.000580551540253715","0","0.000971345389632283","0.00769234562315635","0.00199005040801037","-0.00963089306096077","0","0.000634853475983022","0","-0.00350610115260519","0","0.000901306956012426","0","0","0.00360751035953405","-0.0000179654716716245","0.00139615466233194","0.0009266937522356","0.00205913555201548","0.00293686436614814","-0.011878616457613","-0.0201620683196751","-0.0173201597217885","0.0147144703540025","0.0386691411591542","0.00632913505164767","0.0119049025063189","-0.0161293819298836","0.0256095942043251","0.0351310915216576","0.01552607052892","0.0019175461292722","-0.0232268506098174","-0.00510349846003066","0.00640343703520685","-0.00319489089651892","0.0335711006069692","-0.109802147325371","0.00712592088996722","-0.0345082163387387","0.00366524539829616","0.00185013928816113","0.00978800636616306","-0.0576102460015369","0.0116764944833276","0.00941763392741102","0.013655531287192","0.0023262528501733","0.00139127419682809","0.000591998392253252","-0.000918771690179152","-0.00394563860008141","0.00543701888620131","0.00334272539469497","-0.00489789103481084","0.00763311042262522","-0.000808582888932867","0.0000407991145172596","0.00210232507694758","-0.00891461104467007","-0.0267003313854541","-0.052389137110227","0.00760184656254381","0.00255271492068587","-0.0760866285763147","-0.0548552251120116","-0.0876407036309166","-0.367182921537148","-0.0538501139622642","0.0143282314199666","-0.112117298120705","-0.0956904802462537","-0.0812254399225862","-0.0574440057310808","-0.00726353473550212","-0.0266325754001223","-0.0230828097383672","-0.0441524822558135","-0.0118023890629885","0.123424481285164","-0.3792","0.0101998125742604","-0.0271567331295781","-0.0239404466865079","-0.46","-0.52","0.0074851719188036","-0.00561423048845811","-0.0085499510219762","0.00595420291093163","-0.5679","-0.382756905","-0.2129","-0.2307","-0.126226367690847","0.00820138438947282","0.0343189280685881","26.25","0.0401908592715543","0.00609757986811887","1.20098","0.243790000000004","0.254599999999996","0.397770000000008","-0.00169033653293021","0.00797876573180467","0.000773417811581738","-0.0298084662978262","0.00207039411430809"
"14","1999-02-01","0.000666000690618063","0.000441014340113455","-0.00757800187208524","0","-0.0136854530852544","0.0152094186635283","-0.00798407434822046","-0.00972454989199534","0","-0.000176307763286587","-0.100000000000009","-0.0039782777585744","0","0.000337780783485009","0","0","0.00266806655342276","0.000434465195483218","0.00299243491716432","0.00211509435603431","0.00275108687366253","0.00399215961649831","-0.00378183866887782","0.000443677885642065","-0.012310736153889","0.00112296474462426","-0.0138891121606672","-0.0158985860677983","0.0243558069480985","0.00648300487807774","-0.00253164692177954","-0.0236630759300169","-0.00140154192528907","0.00763362485507102","0.0168288761301572","-0.062758790656634","0.0048816821979667","0.00319489089651892","0.0021276603771172","0.022013467537179","-0.00712592088996722","0.00518807908177799","0","0.00552996800946115","-0.00162469572700186","-0.377140286343463","-0.0033221887351722","-0.00216346358739727","-0.00845311923235315","0.000181537608142852","0.000362306867381389","0.000303196878458414","-0.0016397219034766","-0.00526456380339798","-0.000611596122944114","0.00314215722500748","-0.00535267508703647","-0.00249702912920244","-0.000408837049888498","-0.000507102247230891","0.00270782206495122","-0.0027044235762032","0.00940461653330615","0.0165006854516516","0.00826005773792282","0.00300384616060612","0.0661964380688627","-0.0168817869742464","0.0728256178457753","0","0.00990667598293093","-0.00309741613597403","0.0655972824858129","0","0.0377403279828474","-0.00774197415361488","0.00980785527655392","-0.0290836928617925","0.020716764546498","0.0138797481583577","-0.014214056606288","-0.0786185797110717","-0.462499999999999","0.0113336844954492","0.159626466570778","0.102489901578032","-0.2","-0.12","0.00725822736089299","0.00332441873568889","0.0010298140492111","0.00571400034366398","-0.3714","-0.22287","0.1504","0.145099999999999","-0.0167022204180048","0.0468994545716477","0.0436379013843187","27.87999916","-0.0328151379191493","0.0120847392150716","-23.54132","0.292810000000003","0.340700000000012","0.480199999999996","0.00360613277982629","0","0.0440761461132164","-0.00303030534917959","0"
"15","1999-03-01","0.000221901698459703","-0.000146983170690618","-0.0052801530712836","0","-0.0208858909798346","0.0297419691987377","0.013930573535947","0","-0.100000000000009","-0.000141068594837535","0","-0.00538048953673975","-0.0999999999999996","-0.00236686501026551","-0.00304414238122819","-0.00261438057407082","0.00132816470933255","0.000775190681364232","0.00244831534028021","0.00191809927115199","0.00141313730524584","0.00216151246641973","0.00165827254236346","0.00655593809388849","0.00825610282885229","0.0100503358535011","-0.00174978172378726","-0.00966191091173707","0.00575817329968409","0.00322580924888261","0.0262679268206103","0.0113379899373971","0.0111577168706534","-0.00217509601795207","0.00639797447966028","-0.00607166406854986","0.00780347732934938","-0.0015961695328226","-0.0568459040714755","0.0184905113976326","-0.00358209338250504","-0.00129449856264596","0","-0.00368324541629628","-0.00162733965937623","0.598063740547127","0.00497922709991627","0.00447330356526621","0.0103765420973954","0.00408965986114187","0.00220287771556696","0.000913887498328313","0.00406236232181062","-0.000419987614255142","-0.00106084193855643","0.00162740613260798","-0.0049018465843968","0.0113861216026529","0.00124357459979064","0.00312546668415751","0.00327420948665045","-0.00763653656479689","0.0273028525161401","0.0499724675513384","0.0401350633580897","0.0476977986294518","-0.0279973493872081","0.00625281179718673","0.0707472579018456","-0.00706716722309242","0.0375890598075568","0.0258760513929079","0.0312525435041042","0.133008243253449","0.0110498361865847","0.0393701639219852","0.0168744336584528","0.0099649603489953","0.0250046999370916","0.0215325306453744","-0.00344658145217658","0.197301300538353","-0.0750000000000002","0.0200767723175819","0.0581675932078909","0.0308669530504382","0.0999999999999996","-0.140000000000001","0.00301985401807414","-0.00297706565190836","-0.00051718620518848","-0.0011749008129982","-0.1279","-0.202830652","0.235399999999999","0.2235","0.09574538981924","0.0242662127098452","0.0423246628436651","23.26000023","0.038060632211975","0.023739987303073","2.35785","0.533720000000002","0.292199999999994","0.487200000000001","0.000767315339309121","0","0.0350393931599295","0.0060514556833553","0.00103359182328333"
"16","1999-04-01","0.000591497244601058","0.000881575137904989","-0.00826939148250627","-0.100000000000001","-0.00201207311341989","-0.0411272914238632","-0.00197824001210556","-0.013114942077828","0","-0.000282196904763055","-0.0999999999999943","-0.00727107163800156","0","0.00124048507590224","0.00304414238122819","0","0.00518254276631909","0.00343048410881073","0.00287592186266075","0.00211694369978715","0.00398426970176034","0.00609585563750207","0.00395880410336812","0.00436243429815813","0.00464253452627647","-0.00222469502211098","-0.00175284882741433","-0.0262310121488696","0.0071514011576248","-0.00322580924888261","-0.0161795688762698","0.0134380521620407","-0.00556329668532829","0.00488732984767104","0.0076239251106589","-0.0563705892692097","0.00920123597440803","-0.00641027836091901","0.037531998988948","-0.0744603536690853","0.0023894873973811","-0.0222668007757516","-0.00122025640522949","-0.00184672259316487","0.00325203538637808","-0.10260959716444","0","0.00177654716721243","-0.001128093316213","0.000212781934942422","0.000595004660825485","0.0000628427161296768","-0.00262937451140563","-0.00534067611361196","0.0020551267828181","0.00424997436569911","-0.00537922061657675","0.00863419118582899","0.000671706562310395","-0.000170622246431768","0.00255239196495937","-0.00187471840992296","-0.0283098681428449","-0.0321571116345325","-0.0295333773800817","-0.0413633714894051","-0.0751568774550808","-0.165719268002239","-0.159755999035715","-0.0154857174393799","0.000948959604867738","-0.0161515015009126","-0.0968498259899171","-0.0760823064574394","-0.0487901641694322","-0.0226709961643534","0.000343894050976346","-0.0269780163504741","0.00994900203868992","-0.00622372300376384","-0.00711526590410472","0.200670695462151","-0.2125","0.00950490640092561","0.0281080346347444","0.0592389580881783","0.0899999999999999","0.0700000000000003","0.00938943624515609","0.00798459832053844","0.00406516854776307","0.010693954931881","-0.0853999999999999","-0.237014348","-0.0143999999999993","-0.0634000000000006","0.0340260942424827","0.0451218118804277","0.0661444592600464","25.06999969","0.0372418602797273","0.0430482535685139","-8.98591","0.806259999999995","0.116200000000006","0.417900000000003","0.00216720112256429","-0.00132538124106851","0.125080354026713","-0.0060514556833553","-0.00103359182328333"
"17","1999-05-01","0.00136649883690865","0.000146853660591972","-0.00594885751977259","-0.0999999999999996","-0.0131780923805556","0.0189041546391531","-0.0179825025504323","-0.0233733511853087","0.100000000000009","0.000811101555585836","0.0999999999999943","-0.0117133933344427","0","0.00371224904630996","0","0","0.0044835293383613","0.00740250802625878","0.002875902537277","0.00233554697535318","0.00439999272119071","0.00533158821662677","0.00586946474110538","0.0131318397346118","0.0104139168316371","0.00997238181293714","0.0139375078437816","0.0326826474303585","-0.00810879711395174","0.00964637705180582","0.0174133753251979","0.00111172885269006","0.0124741742251748","-0.00979866304870125","0","-0.0182059644965724","-0.0151009581015966","0.0111911639612616","0.0171862447054103","-0.0300523450664016","0.010682594169972","-0.00398142529918477","0","0.0164989993800355","0.0129034048359076","-0.058094573847268","0.0131580865043892","0.0117217150153444","0.0179741740307175","0.000660421095995034","0.000741252641472604","-0.000192729028032278","0.0000390983147794039","-0.00110304237257334","0.000328789085856237","0.00172499079635957","-0.00460578961623576","-0.00176870346450791","0.00094414716316601","-0.000290792324206562","0.00276235423205671","0.00302993242438575","0.0140067653774825","0.0245229000983542","-0.00429116714870581","-0.00475974365615173","0.0614345351999805","0.100408706561452","0.0946992795802375","0.340579721430874","0.019855763670698","-0.0267761949517489","0","-0.00793654959573686","-0.0194180858571018","0.015170961007807","0.00775005923317806","-0.0148044929575442","0.00886366432748636","0.0236420905766144","0.00303791423694233","-0.00393185303390053","-0.0374999999999996","0.0097311429624547","-0.0208005276913834","-0.0102536634780606","0.0800000000000001","0.00999999999999979","-0.0025848321677362","0.00517903983944024","0.00133819905605037","0.00228345757459714","0.0297000000000001","-0.0606057890000002","0.2955","0.3148","0.021622413341947","-0.0468990412770065","-0.0366488039037378","25.38999939","-0.0252875324145867","-0.0578195708888263","-0.87867","0.758929999999992","0.00509999999999877","0.321799999999996","-0.00100871788402572","0","0.00601265932804081","0.00454202143450111","0"
"18","1999-06-01","0.0007378712749464","0.00102737221922666","-0.00538439829123405","0","-0.0112879597738509","-0.0304205967007123","-0.00201816415623757","-0.0239327662116278","0","0.000246726469715242","-0.0999999999999943","-0.00788585428766986","-0.100000000000001","0.00190700601850402","0.00303490369515425","0","0.00619855665566544","0.0037188369940535","0.0036637241209325","0.00311587562567182","0.00313039203562375","0.00732775219496555","0.00667281542217358","0.0108900088148484","-0.00051172744261115","-0.0022075064152105","-0.0121846590163672","-0.00969312920565946","0.00953296065872333","-0.00160128136697413","0.00369231188712771","-0.0304592074847081","-0.00275862243907898","-0.0184960414264337","0.00126502230658687","0.0169164736667007","-0.0213592058454459","0.00158856268513752","-0.042420715883952","0.049596941139372","0.00588583217726146","0.0158314652166807","0","0","0.00479617226349305","0.0890679581203333","0.00163268997170274","0.00428013596067522","-0.00156478371756741","-0.000188028137654162","0.000324489332064084","-0.000320097662449461","-0.00217774978973274","-0.00561779528128536","0.00233460745345494","0.00203891140575562","-0.00445771115779596","-0.00287253711245599","0.00115468730687469","-0.00102843938736116","0.00266745364266961","0.00391435879123","-0.00066255882633115","-0.00888573289790529","0.0444533078040603","0.0622296197296137","0.0017256259674685","0.0977268908027549","0.0372713947972318","0.0897829382990167","-0.0187723399460857","0.0653468090897871","0.304489190768161","0.0428915646293131","0.118218670601196","0.0357400947307625","-0.000165993471304304","-0.00701578233267297","0.0123696724292283","-0.0238471874154929","-0.012708867789251","0.0405330492996314","-0.1705","0.00853327170690221","-0.00371002430155443","-0.00990224914596816","0.32","0.17","0.0249905293035759","0.00545286646380383","0.00290187316237933","-0.00444778541727686","-0.1273","-0.371702393","0.3442","0.2648","0.00233189751110184","0.0193706416540156","0.0381179267674003","21.09000015","0.0530082374975933","0.0264332570681556","24.61581","0.148060000000001","0.00969999999999516","0.216499999999996","-0.000405863027804146","0","0.00345017440170446","-0.0152209940103551","-0.00103466124077567"
"19","1999-07-01","0.00202634314523387","0.00161231255154703","-0.0090389286698711","-0.0999999999999996","-0.0198026272961798","0.0415938972988377","-0.020408871631207","-0.00694447235281093","0.0999999999999943","0.00109191465736913","0.0999999999999943","-0.0146744797729976","0","0.00123201001191209","-0.00303490369515425","0","0.00359574598848673","0.00455891991362443","0.00243683932545709","0.00259032975049868","0.0038622128563746","0.00401263014811646","0.00601502983688819","0.00848890928895872","0.00600787767714835","0.00989562775422392","0.0121846590163672","-0.00325203538637764","0.00803217169726445","0.00798088833101307","0.00367872885746223","0.0326789642230212","0.00825314175671998","0.0361188371990151","0.0138106400988605","-0.0743065030259249","0.0445456231503973","0.00632913505164723","0","-0.0129871955268115","-0.00352734051796855","-0.00656601177089033","0.00122025640522949","0.0126469617007672","-0.0015961695328226","0.149358975084508","0","0.000617492198628611","0.00198167473803323","0.000682011731517699","0.000437479965997027","0.000113490272399705","-0.0000989411023735367","-0.00392023936453812","-0.00341087867914195","0.00262115655419768","-0.0039320372953837","-0.00238938514873933","0.00186904366744313","0.000951444367480238","0.00470489841036366","0.000787459164708205","0.0239357890138017","0.0208998852277897","-0.00702762759932263","-0.00602757278424804","0.0145488231598669","-0.287107524892167","0.0524280582052867","-0.565095253700048","0.0306568057194188","0.0158361080691254","-0.133531392624522","-0.197706475633434","0.0308772385644387","-0.0702042586732485","-0.0116367153303099","-0.000341413455006379","-0.011119219799938","-0.0234357446132956","-0.0128089582925812","0.184840449813439","-0.0795000000000003","0.0108133907824417","0.0198901978338633","0.0222835838312019","0.00999999999999979","0.11","0.00336705952417482","0.00109885829457212","0.00170270771599057","-0.0000992322065851425","-0.0541999999999998","0.0998227270000003","0.2079","0.2005","0.0178836910428245","-0.00716368905687315","0.0188207493487234","24.63999939","-0.0325708087678436","-0.0145987994211527","-3.21016","0.103210000000004","0.0253000000000014","0.0878000000000014","0.0018044271045661","0","0.109353370889759","0.00306278953054573","-0.00518942524222599"
"20","1999-08-01","0.00176509569986827","-0.0010257162596119","0.00723766730023101","0","-0.00210748233956526","-0.0377403279828474","0.0183866262504395","0.0034782643763247","0.0999999999999943","0.00147746887255806","0.100000000000009","-0.0126937064408974","-0.0999999999999996","0.00156582069795697","0","0","0.00396072434437997","0.00439581071613158","0.00315712207097551","0.0028647457201678","0.00264313785502797","0.00476115974219414","0.00925820770846143","0.018226250686161","0.00825093079118133","0.00762946480115634","0.0103271141558494","0","0.00796816964917646","0.00317460584077267","0.00731710581706668","0.00992837719733419","0.00818558458643981","0.000805910050335257","0.0037336695520489","-0.00697352895750036","0.00144434152830009","0.0047207011349375","-0.0373557865437686","0.0194180858571018","0.00704228262541307","0.00525625388882656","0.00121876919412944","0.00358423322781487","0.00478088560034262","-1.83820311578545","0.00650408867537777","0.00325993966817784","0.00978778262609303","0.000999735625884249","0.000986476863325307","-0.00111756752802451","-0.00000616943298923246","-0.00439750975207629","0.00203012434394696","0.00186298191663756","-0.0050543468904221","0.0055615073146344","0.00124620874436734","-0.000408420204706405","0.00302931385004865","0.00412115529074135","0.0418839728876659","0.0485529845725434","0.0215397111096269","0.0274962309635853","-0.0544134217237939","0.187477683943325","-0.119380480085541","0.312441688961907","0.0639394312438633","0.0379665979238517","0.0141846349919561","0.122423415212886","0","0.0494084022107621","0.00426223267948878","0.0237051886240675","-0.00382208043537141","-0.0319551173434025","0.0204909746487315","0.0580315475721846","0","0.00853299337282998","0.0363332213843304","-0.00550662184419437","0.34","0.19","0.0173750872447638","0.00137725321665627","0.00478548453589767","0.000742118789384349","0.0894000000000004","-0.155075974","0.277","0.0590999999999999","0.00458930033293484","0.00476454463162668","0.00807517316551731","24.45000076","-0.00627373080270299","-0.0451204352804697","-26.1072","0.546360000000007","0.0632999999999981","-0.0584999999999951","0.00219967036558078","-0.00265604405811626","0.0427275150397141","0.00609757986811843","0"
"21","1999-09-01","-0.000220466655310503","0.00146498707712972","0.00120120134563351","-0.100000000000001","-0.00741136266964215","-0.0194180858571018","-0.00609138939340248","-0.0317486983145807","0","-0.000527416900114375","-0.100000000000009","-0.00497574337070983","0","-0.00246167742080505","0","0","0.00282816464372355","0.00763097305393196","0.00325543598843337","0.00286239117012102","0.00415952645513581","0.00402029390654355","0.00606021726986489","0.0101888690505023","0.00958326127405791","0.00541419839087265","0.0102215540715385","0.0161554402222852","-0.0269711167747921","0.0157235943794563","0.0132772016816771","-0.0121481339356473","0.012154099650683","-0.0154244703256321","0.0160200591841839","-0.0298317576150353","-0.0187310367060629","0.00625980134850668","0.0114680155916407","0.0206192872027353","0.0011689072049812","0.0104303422788723","0.00121728560375178","0.00713015498459146","-0.00159109023224246","1.78817005001925","-0.00162209668121616","-0.00308746600273402","-0.0145213520004166","0.00120760962812788","0.000705910211760219","0.0021789485479835","-0.000558396074931048","-0.00308258181148027","-0.00328122731936828","0.00416782517233673","-0.00563178195603354","0.00381711369433747","0.00180336870928087","-0.000272850190845724","0.00343524307943519","0.00430257663739629","0.00871182525645331","0.00458838255797112","0.000167512605715459","-0.00552358283080778","0.0687536084160651","-0.133803538496389","0.089406587715585","-0.329062570197947","-0.00741568099881107","-0.026108179859456","0.291197014559225","0.0941872150597014","0.0748316484607843","0.0207958564624864","0.013110866587521","0.000125044286681142","0.0203901979930484","-0.0475382004678844","0.0105212011502548","0.108619295019305","0.1932","0.0115270912144467","-0.0171479806629815","0.00851224950035068","0.0300000000000002","0.0299999999999994","-0.00713148972068112","-0.00793168747344986","-0.00492159451296992","-0.000826285467093513","0.1544","0.0770850649999995","0.2511","0.2597","0.0769677347216449","-0.0392056051978269","-0.0565378756033503","25.40999985","-0.0289673232362908","0","3.82431","0.55534999999999","0.00839999999999463","-0.174000000000007","0.00210678499183273","0.00530505222969335","0.0317971362374135","0.00454890852636947","0.00104004169541394"
"22","1999-10-01","0.00212914437468292","-0.00102526556033489","0","0","0.00529942946649875","0.0078125397367943","-0.00203873668984844","-0.0217399866364056","0.100000000000009","0.00224837614477558","0.100000000000009","-0.018320367158652","-0.1","0.00223813880357771","0","0","0.00535204278633377","0.00512532127182154","0.00292119359737643","0.00288328130107858","0.00388051978887274","0.00604154545242464","0.016910282637642","0.0270051374865922","0.0208993313423248","-0.00650056460309312","-0.0153717800478539","-0.0194180858571014","0.00335169095191201","0.0015588467692913","-0.0181493185056771","-0.0100503358535011","-0.0107963261902224","-0.00109140529251128","0.0073081933067245","0.00503417100563741","0.000839983249724341","0.0108612394316046","0.0608258223134088","0.00937506866545679","0.00814431494168577","0.0154443224274745","-0.00121728560375178","0.0123567326889056","0.0063492276786592","-0.190112422834252","0.00324156642535911","0.00747249176484388","0.0123071485308213","0.000759297881896032","0.000259918080194464","-0.00030707932090085","-0.00148115723655181","-0.00396691132604075","0.000995687034293769","0.0031810072900765","-0.00636754737295275","0.00515607053088741","0.00336834040383305","-0.000530236261582423","0.00492839757184197","0.00993742424044143","-0.00397578074440652","-0.012315307164716","0.00857257705729353","0.00360782867621268","0.0455678341152552","-0.013702598612201","0.0239702721761228","0.117162110457918","0.0134312905704483","0.0293242911402771","-0.135036283803943","0.00746272120158942","-0.0286188053056522","-0.0109556786609746","0.00960450939322754","0.0200126338218624","0.00213254143954655","0.0110435174041834","0.0200524774778966","-0.0242490552533141","0.0568","0.00943470272638969","0.0202375290251915","0.0241805905746073","0.21","0.28","0.0138930972869247","0.00505262810347595","0.00201825804153266","0.00473746837900357","0.6149","0.143319697","0.254499999999999","0.1892","0.0405670641480535","0.0273186564717891","-0.0114596711951815","22.20000076","0.0606618367719172","0.0182931930473256","8.25761","0.228099999999998","0.110500000000002","-0.244900000000001","0.00100820092813417","0","0.0114450799102844","0.00603320080416747","0.0010389611324193"
"23","1999-11-01","0.00190504160779703","0.0059902290305569","0.0166670524852117","0","0.0021119332031434","-0.0117418178766835","-0.0143887374520997","-0.0259754864032606","0.0999999999999943","0.00115734664925249","0.0999999999999943","-0.0139217276997616","0","0.00267917106004845","0","0.00261438057407082","0.0056285239955149","0.00297273115737721","0.00250603774357658","0.00272127887868867","0.00115519198852029","0.00487560303703107","0.00811908763462849","0.00831499545820043","0.0026298066739994","0.00757989552276861","0.00686109037994509","0","-0.00287218962409597","0.00621120009264065","0.0133416169375744","-0.00675678246288047","0.0107963261902224","0.00978002905363962","0.00725517088117211","0.108011231828218","0.0143797413698934","0.0046189458562953","-0.0140466923299041","0.0366453216780043","0.0103747328255519","0.0177219827994115","-0.00121876919412944","0.00524935588614373","0.00473560474583401","-0.0358366204169389","0.00484258898105061","0.00755230318112332","0.00462059247103852","0.00207781877941953","0.00108515439449105","0.00146325719600732","0.00178398187794799","-0.000237486823983971","-0.000106567534625197","0.00300940365451658","-0.00647647551424345","0.00495022615971228","0.00271050698539731","0.00105297187994288","0.00330078299499027","0.00728582203173634","0.0090993557440715","0.0128933975556116","0.0158822409905266","0.0167431965939642","-0.0153208211131695","0.0169634710668989","0.035880056144407","0.202814077184072","-0.0224033133720063","0.00847992848236956","0.0697957619355414","-0.160989376047599","-0.0129871955268115","-0.0272969802056711","-0.00117835535642552","-0.0289719167263867","0.013783594828457","-0.0346359330130559","-0.02183945764964","0.110890650779573","0.2159","0.0101433506706883","-0.0964622686437178","-0.0783007608510591","0.0600000000000005","0.0999999999999996","0.0167079182018774","0.00835447829310709","0.0164079250564928","0.00781647074170344","-0.1531","0.189007576","-0.3838","-0.5656","-0.113933192923055","0.0609474172259059","0.0969694008115756","24.18000031","0.0188824576201316","0.00902261759963752","13.37835","0.0328000000000088","0.132300000000001","-0.239699999999999","0.00300752618223246","0","0.0489141972753902","-0.00150489117941977","0"
"24","1999-12-01","-0.000549158885462475","-0.00306368318998729","0.0041237171838624","0.100000000000001","0.0301321497877609","-0.00394477829101625","-0.0251585596361545","0.0259754864032606","-0.0999999999999943","0.000175238763263863","-0.0999999999999943","-0.0211666176605556","-0.1","-0.00805914368685468","-0.00916036939866416","-0.0104987840982194","0.00348231244261401","0.00525661331290106","0.00237931252384918","0.00179284654974321","0.00373591657264444","0.00398085307879226","0.000705717266553426","-0.00099825035512532","0.00798864874537629","-0.0130295002903331","0.0102041701742417","-0.00655740054615928","-0.0326460172478802","-0.0250796843970233","-0.0133416169375744","0.0201349084090561","-0.0107963261902224","-0.0310251376673758","-0.0293419582840153","-0.0569690450057063","-0.0330243492531244","0.00153491971808339","0.0161903158731551","0.0295442463067257","0.0114026320978118","0.0186456613714627","-0.00366524539829616","-0.00174672533494213","0.00627945548484288","-0.0549620134321396","0.00481925128250626","0.00749589388954597","-0.0088134721207318","0.00203031086654078","0.00113605193721374","-0.0000113582831056161","0.00106600066213784","-0.000110952185804113","0.000209838714405091","0.00183529461576464","-0.00639963234467183","0.000792002692201902","0.00356505099516622","0.00127654507078538","0.00285890653356107","0.0117367174012559","-0.0136182281463668","-0.0194029768646082","-0.022513719714107","-0.0275114101125329","0.0217021243415676","0.0414512050987339","0.0561035500671174","-0.147244226029261","-0.017042639344087","-0.0171731969147277","-0.045985113241823","0.0343381375808915","-0.00985229644301189","-0.0152094186635292","0.00587492724274963","0.000714661091899105","0.0156040943661776","-0.0237526410325026","-0.0050701895543937","0.0355681848534766","0.0340999999999996","0.00797699196608193","-0.0233220846900437","-0.0203918797933582","-0.0200000000000005","-0.0800000000000001","0.00303377659046156","0.00912803595808498","0.000406680583795449","0.0088643766608385","0.180300000000001","-0.469990909","0.0405000000000006","0.0745000000000005","0.056001700142168","0.0490416290965996","0.0395789061792868","24.63999939","0.056232775174478","0.0265894541892395","-37.74681","0.0114999999999981","0.229600000000005","-0.197800000000001","0.00676467371410356","0","0.141069918051553","0.00300752106395485","0"
"25","2000-01-01","0.0000732386114297157","0.00756917733144569","0.00176211499339907","-0.100000000000001","-0.00822204015201589","0.0117879557520419","-0.0258078839558724","-0.0335226920386438","0","-0.000631003316177825","0","0.00310051062264272","0","-0.00179977551393939","0","0","0.0100803178468785","0.0188197663828372","0.00488800394145935","0.00403681616188052","0.00903139013148989","0.0122125519830066","0.00823509351954236","0.0108140982296679","0.00938478037853002","0.00870516922733078","0.00337838159162729","0.0637158143861076","-0.0149703394588654","0.0358573098908526","0.00487211682400002","-0.0223973528130248","0.012137708014424","-0.00195394339905253","0.0245110310143497","0.0659434642130394","-0.000855798083896353","0.0152209940103551","0.0159323603810853","-0.0205889625776221","0.0323508412531668","0.0098040000966213","0","0.022472855852059","0.0216726748988965","0.0970832278303178","0.0221878483309652","0.0183583029402339","0.0338178400161908","-0.00156198566790285","-0.000594134627899937","-0.00299381850911275","-0.00649574671063879","-0.0182467327454076","0.00266928022267521","0.00360006929773825","-0.00684858932179708","-0.000588999201915367","0.00123404144824518","-0.00298515009092516","0.00447290783447957","0.00990599771391077","0.00600007985696038","0.0157844169612318","0.017335247914275","0.0287524757495241","0.0343873423094756","0.226365839846315","0.022806418343202","0.502802928541015","0.0479773877655614","0.00281254580003143","0.111225635110224","-0.069897439617379","0.0388398333162643","0.0821036534935597","0.0157222891191449","-0.00151400483121511","0.0154260694094207","0.0424440646731501","0.0165984016030978","0.00156924316235463","0.1625","0.0115599241236577","-0.0709545457132066","-0.103580400571657","0.17","0.260000000000001","0.016317418910349","-0.0000172194667396042","-0.00394368064262984","-0.00115777137661333","0.0861999999999998","0.5713","0.3858","0.4337","0.0881435633076677","-0.0856724758976641","-0.0418090344840181","24.95000076","-0.0522448509206006","-0.0947272593564579","-13.22622","-0.119900000000001","-0.00180000000000291","-0.153899999999993","0.00122250024439626","0","0.0327576988014337","0.014903405502575","-0.00416233691468726"
"26","2000-02-01","0.00193887130665971","0.00231749814036242","0","0","0.0112879597738509","-0.0197245053477788","-0.0175828705578667","-0.0152674721307884","0.0999999999999943","0.00175180480648685","0.0999999999999943","-0.0092437270007153","-0.0999999999999996","-0.00428749387471061","-0.00615386557437825","-0.00794706169253212","-0.0165293019512109","0.01947210341282","0","0","0.00636944828548014","-0.0244340253372819","0.00836505642525598","0.0186092072347165","0.0033331105774229","0.00324500014332685","0.0183797989370893","-0.0155524130074847","-0.00554576667131457","-0.00460476638674834","0.00484849434662138","0.0235041597882164","0.0080107237460787","0.0119429276773326","-0.00121138718629776","0.0849884856956038","0.00640070459195208","-0.00758153745239731","-0.00846565902454799","0.0688938076402215","-0.0132598627883374","0.0181273845925567","-0.00613875469832514","-0.0155041865359653","-0.0185476723557612","-0.396952456647542","-0.0205865311223681","-0.0166179679828851","-0.0308726224918541","0.001460348299374","0.0014350524653659","0.00173651124537492","-0.000574839748589366","0.00347774255035703","-0.00546994914122612","0.0031872603432142","-0.0054536227037226","0.00643245389744797","0.00304048104527407","0.0000516013627500089","0.00284174685653557","0.0099260916282238","0.00917761471763967","0.00693610988463789","0.000755497925467807","0.00123952730205268","-0.205376586499565","-0.165771839805027","-0.3273514665384","-0.309961111072881","0.0148168704780094","0.0369442428065234","-0.0765400771223339","0.236626901651497","-0.0257248912384362","0.0244056273681403","-0.00411071657295903","-0.0230325854742155","0.00400407101630229","0.0126687427326289","-0.0249395641875893","0.0852458051724776","0.2542","0.00995016088199208","0.125768641429209","0.14890658908919","0.0200000000000005","0.00999999999999979","0.00977010314092119","0.00979880512235454","0.0161777912307564","0.00543272417416851","0.0987999999999998","0.488159524","-0.1584","-0.188000000000001","-0.118799999999999","0.00454623849377267","0.0427861195646013","23.37000084","-0.0203130024416991","-0.0161554402222852","21.01182","-0.284499999999994","-0.265900000000002","-0.113900000000001","0.00277564186829543","0.00132187725791599","0.0268439156864166","0.00736923010654866","-0.00208768343048416"
"27","2000-03-01","0.00160677802608689","0.00101221901491932","-0.00411644215503415","-0.0999999999999996","-0.0133540762113231","-0.016064602503806","-0.0224224640558326","-0.0352286918837441","0","0.000594915242126959","0","-0.00714226535853957","0","0.0163735854883287","0.0153142349730424","0.0158314652166807","0.036010437523033","-0.0138698478641501","0.00576370471674981","0","-0.00956945101615059","0.0482852411594621","0.0150237963209598","0.0105930482816158","-0.0034901351209644","-0.00324500014332685","0.0229142595228762","0.0666913744986721","-0.0240482297541433","0.00153727931888703","0.00241546011160398","0","0.00265604405811626","-0.0169849551655803","-0.0208213278135849","-0.0321647739707007","-0.0199770363795073","-0.00304878284935839","0.0737283646633031","-0.0324200345225769","0.00665190922830572","0","0.00736199644106961","-0.00696866931609375","0.00311526731695011","0.520205434320624","0.00796820582779922","0.000213419834143025","0.00781260462332334","0.00128505938500279","-0.0000880448953931587","-0.00034990551590589","-0.000511025972098529","-0.00620618331835411","0.0000726059404832176","0.00309790698227918","-0.00631798569668922","0.00619205545347738","0.0040659494436584","0.000291344674609376","0.00390324435355345","0.0146954335384106","0.0311336110846074","0.038328608771474","0.0158643000084293","0.0133532803338383","0.216074599888625","0.0524929664578853","0.335549694597866","0.0436088054274339","-0.00239435047945236","-0.0224451738080145","0.0765400771223339","-0.0180185055026776","0.0782872213292913","0.010279930619749","-0.00238161143622673","-0.00600446738032989","0.0068008717231467","-0.0413869295522211","-0.0123272001260886","-0.0104940351490432","0.0833000000000004","0.0114413470082972","0.0138607129196444","0.0101060795003836","-0.17","-0.34","0.00894763787122699","0.00389723687695387","0.020205902023088","0.0176318028933409","-0.0094000000000003","-0.0788051760000004","-0.237","-0.263999999999999","-0.168600000000001","0.0397200822268076","0.003697876374952","24.11000061","0.092323750560162","0.0631124233100562","2.47667","-0.370900000000006","-0.340099999999993","-0.0768000000000058","0.00143442765201481","0.00395517984292759","0.0358094345569553","0.00731532157637282","0.00104438651790595"
"28","2000-04-01","0.0013127189749742","0.000289017343051867","0.00235432716163508","-0.100000000000001","-0.00935071748243388","-0.0371176629565024","0.00677968698537867","0.00397614837963989","0.100000000000009","0.00108393513995786","0","-0.0272023152050815","-0.1","-0.00636056376382665","-0.00916036939866416","-0.00788440352414854","-0.00645163528148807","0.00557104504945549","0.00573067470898447","0","-0.00966191091173663","-0.020408871631207","0.00276947053020796","0.0126081527462183","0.00105521420715829","-0.0021691982475458","-0.0048661896511728","0.0260506771999425","-0.0315649561544245","0.0317486983145798","-0.0194890455874841","0.00551573378530179","0.00132538124106851","-0.0477376432849814","0.0340665545636059","-0.00607166406854986","-0.0530190978571934","0.0106303203017557","-0.0139167256001294","0.00713778904829265","0.0142624469205641","0.00834828939147148","0.0012217472503222","0.0138891121606672","0.015432405038811","-0.146480858628259","-0.00477324359101949","0.0241919735217238","-0.00558820553496631","0.000250723223931749","0.000453641744150136","0.0000114167848543709","-0.000015516625484692","0.00311280606068642","-0.00516628605154457","-0.00239281929991713","-0.00575224573367579","-0.00224165141780531","0.00432797892990877","0.00454352225377534","-0.00567067698344151","0.0100440434700443","0.00224838861654852","-0.00648841317887339","0.0175873064248933","0.0125069112734426","0.0455637117339176","0.172510686229695","0.0376219917895844","0.432914223946452","0.0289430160965978","0.0412149968694884","0.0310905870700315","-0.00729930248161192","-0.0525623300908551","-0.0405852801150779","0.013436793519511","0.00690849034381169","0.0213256035310025","-0.00420244252411983","0.00221246020904736","-0.188817692919024","0","0.00553827718582056","0.0244229738328734","0.00862278327178956","-0.0200000000000005","-0.140000000000001","0.0188416233397852","0.0131487079877672","0.00518526007823539","0.00956492541164167","0.0667","0.172728985","-0.0852999999999993","-0.0494000000000003","0.0693999999999999","-0.03555073528576","-0.0442861060001309","26.20000076","-0.0312799107178776","-0.0405671849889999","-2.83435","-0.406480000000002","-0.213700000000003","-0.071399999999997","-0.00263199826880081","0","-0.0315233829728522","0.00726219604178446","-0.00104438651790595"
"29","2000-05-01","0.000947004259447937","0.0034617083465811","0.00352113039857915","-0.0999999999999996","-0.0459237126953393","0.004192878260036","0.00224971973401544","0.00790517950711322","0.0999999999999943","-0.000489373611555877","-0.0999999999999943","-0.00775477285643245","0","0.0022363869323172","0","0.00263504763800482","0.00645163528148807","0.0110498361865847","-0.00573067470898447","0.00689657905906049","0.00323102058144631","0.0170361871525673","0.00668634416648255","0.00673641986041374","-0.00445324816630397","0.00325203538637719","0.02091789866168","0.0281708769666964","-0.0205190784343845","-0.00298062813813793","0.00368324541629583","0.00767127049665195","0.00528402814660556","-0.0356805950198362","-0.0132452267500209","-0.00549619704190896","-0.043246191857369","0.00752448997861599","0.018840418461914","0.051293294387551","-0.00985229644301189","0.0176579043554526","0.00365631120311072","0.00515908281002719","-0.0123268124806586","0.0874635742200676","0.00159351956219389","-0.0164721978486977","0.00879206536985855","0.000677255198734996","0.000327492575693677","-0.000194476699622942","-0.00110805834308052","-0.00369877248899668","0.00168112581066271","0.00314150790945225","-0.00736576023993145","-0.000871281334445201","0.00198531963159542","-0.000999197032600527","0.00307947740907574","0.00700994491853034","-0.000946073864321662","-0.011457021672431","-0.0096042601020585","-0.0195487139901154","-0.163473433904691","-0.291863991771677","-0.240820234902776","-0.494118791264265","-0.0201124097870959","-0.00826891881441938","-0.107630664192365","0.00729930248161192","0.00947874395454384","0.0187578770705565","-0.0192215525412855","-0.0303172653613708","-0.00449304335308975","-0.0245093682379238","-0.0493112318963397","0.197870805628555","0","0.0114893661279627","-0.0154137972349879","-0.036889920640073","-0.0199999999999996","0.0800000000000001","0.0170658229482523","0.0138635886156173","0.0191043833529179","0.00619709686022141","0.00770000000000071","-0.0225285709999996","0.0122","0.0819999999999999","0.0569000000000006","0.00508712734073669","0.00534514849044676","23.64999962","-0.0221587523033051","-0.0356601803988843","11.43646","-0.225759999999994","-0.0631000000000057","-0.0597999999999956","-0.00097726389279989","0.00393959800407995","-0.0213020430772012","0","-0.00104547840155256"
"30","2000-06-01","0.00218197773674866","0.00488366382870709","0.01280576288885","-0.2","-0.042417072903338","0","-0.0204320388172059","-0.0525373335278818","0.0999999999999943","0.000314624812508768","0","-0.0100987984684897","-0.1","0.000781555334819828","0","-0.00263504763800482","0","0.0109290705321907","0","0","0.00643089033029032","-0.00338409798423989","0.0103793300585322","0.00742578054362997","0.00364773151083575","0.00539666717215503","0.00159109023224246","0.00277392688272515","0.00217983737542049","0.0192171471857785","-0.00122624172324404","-0.00877198607283702","0.00525625388882656","0.0400891253046023","0.0227691082612766","-0.0160497272329527","0.0464440018003378","0.00597909105605776","-0.00888017675685848","-0.0177237086646969","-0.00110071557618507","-0.00820156911341741","0.00243013485329158","0.0102389973010943","0","-0.0348934862971468","0.00159112584449339","0.003127379824857","0.00308075307089695","0.00246238969713791","0.0013543825779169","0.000884204932247717","0.00232639105465264","-0.00368710353019038","-0.00163341235433235","0.00360971395431322","-0.00766764502824399","0.00995679599653363","0.00338188490337126","0.00339072993172902","0.00346277413027952","0.00657811504445286","0.0238207402326776","0.0281943928222628","0.0270124277331583","0.0372741747518681","0.0462349122829977","0.161680442916839","0.0957450569583846","0.0224290240783986","0.0437024801674255","0.0500202197407518","0.0444517625708336","-0.00364299127850121","0.0156009404424795","0.0387292138471249","-0.0291655751396425","-0.0116438602238205","-0.0475240791726237","-0.0198248037102902","0.000928258918265035","0.0716329786246734","0","0.00643036084133009","0.0382227596572644","-0.015124052511311","-0.0300000000000002","0.0700000000000003","0.00724854023503596","0.00757248726112536","0.010655608350099","0.00677427008823273","-0.0760000000000005","-0.00903203499999972","-0.2077","-0.1936","-0.0677000000000003","0.00413761864522399","0.0581980435996279","19.54000092","0.0236516315516191","0.013114942077828","-24.07269","-0.100960000000001","-0.0524999999999949","-0.0550000000000068","0.00767255057287535","-0.00131147559781031","0.111113212138117","0.00577202179712177","-0.00314300939719914"
"31","2000-07-01","0.00134318354646723","0.00400400935338219","-0.0110498361865856","0","-0.0103152777118325","-0.00840341079637952","-0.0279087881170765","-0.0510749299364148","0.100000000000009","0.000768666401706142","0","-0.0174334535626315","0","0.00423210343214109","0.00306278953054617","0.00526317004427446","0.00641027836091901","0.00271370587159581","0","0.00343053509678892","0","0.0101181301655844","0.00832861209592111","0.00888172180155814","0.000394168225985024","-0.00647950431098643","-0.00478088560034262","0.0137553750684853","-0.0142546273317121","-0.0147495299260623","0.00976808743620694","0.00658619285285678","-0.00657464564208521","-0.0306708572957701","-0.0251962939188877","-0.0182108643316923","-0.0348062977201282","-0.00298507684345317","0.0225389256878987","-0.086136431617895","-0.00330943490136715","-0.0310658195748905","0.00484262447578754","0.00338983375451196","-0.00310559255815246","-0.00185116956068931","0.00317453562786341","-0.00036987516446807","0.00601611276216474","0.000603846479779048","0.000688392960317009","0.0010875967202071","-0.0011997694586571","-0.00482065481518408","0.00312196443485363","0.0020327900776098","-0.00880033079199276","-0.00347861003188169","0.00135477550543562","-0.000186259001728967","0.00314722288731472","0.00290030318833943","-0.0297243128616813","-0.0504994430847194","0.0179995581612413","0.0292598237774957","0.0462725460105258","0.0721962912044889","0.0988969842236109","0.125786920229045","-0.0544527031431823","0.0290020954569936","0.0108109161042158","0.148923276392106","-0.0443110463249106","0.0711506906954371","0.00758812564569045","0.000762554144650984","0.010647059931651","0.0191206769408367","-0.0000662756404126164","-0.0383083777799391","0","0.00756287918617282","0.0095508151532151","-0.0318987600368832","-0.0600000000000005","-0.0899999999999999","0.00915904535306922","0.00168859632552376","-0.0024127765970352","0.00406724356491495","-0.0343","0.0835320349999993","-0.0355000000000008","0.0291000000000006","0.0149999999999997","0.0107253549903366","0.0266232115278555","20.73999977","-0.0164762675163637","0","-1.53085","0.125109999999992","-0.0311999999999983","-0.0404999999999944","0.00173022907863881","0","0.0270335034632942","0.0100215584610197","-0.00315291905961601"
"32","2000-08-01","-0.000362844706447873","0.00270790445523872","-0.0141345109349045","0","0.0406376457318256","-0.0343381375808915","-0.0214549350012598","0.00869570696755328","-0.100000000000009","0.000768076007455321","0.0999999999999943","-0.0133953574322376","-0.1","-0.00423210343214109","-0.00306278953054617","-0.00526317004427446","0.00636944828548014","0.0107817756032889","0.00286944242795251","0.00341880674878592","0","0.00668898815079633","0.00103850961542387","0.0174402140584159","0.00190722190883841","0.0129172947858347","0.0267943531375217","0.0506100008864183","0.00550662184419437","0.0191322980811579","0.00846950011357439","0.00762946480115634","0.0157071292053583","-0.0204681041954178","0.00846950011357439","0.0797501817097714","-0.0118766241625794","0.00892863074430128","-0.00875918008988119","0.129211731480006","0.0131725285565389","0.0543226817391576","-0.00120845936156844","0","0.0138998376890331","-1.38856506551102","0.01259859404444","0.00752866882658942","0.00513681407667832","-0.00167809285970111","-0.0002598557994136","-0.000900810406991313","-0.00454748153031262","-0.00105926943072061","0.00210681719493299","0.00312115578021076","-0.00769403214003238","-0.0107663155697569","-0.000952078180635952","-0.00468039117072224","0.00246117496725071","0.00364341693283565","0.0395536729111345","0.0639883048706622","-0.0170326060124104","-0.0185561238663343","-0.0730290725265785","-0.0116765296618349","-0.11885772678615","0.0901950791375548","0.0645235096162278","-0.0256954664744313","0.0725706928348355","-0.20522332108064","0.068777098479317","-0.0880525014980407","0.0107700258388901","-0.00891777292205476","0.0261927054887279","-0.011817095832134","-0.0118675971144545","0.0516419086494042","0","0.00430768896554312","-0.0318608797811795","-0.0140822901571021","-0.0499999999999998","-0.0200000000000005","0.01113286549859","0.00945323409706944","0.0107163502513519","0.0142271683212734","0.0255999999999998","-0.102082035","0.0706000000000007","0.0923999999999996","0.1074","0.0464424107268346","0.0402889963488189","16.84000015","0.0589282239202173","-0.0398723912473771","5.11786","0.16901","-0.0225999999999971","-0.0126000000000062","-0.00393237224188819","0","-0.067857673240524","0.00709726187076143","-0.0137787023561646"
"33","2000-09-01","-0.000980338840019357","-0.00570940745899584","-0.0209776946416724","0.100000000000001","0.0283552257551252","0.00435730536895562","-0.00968530573446369","0","-0.0999999999999943","-0.000244323835005389","-0.0999999999999943","-0.0148207158927036","0","-0.00134018335895547","0","-0.00264200946283877","0.00632913505164723","0.0026773777707163","0.00571430126343841","0.0101868453069924","0.0063897980987706","0.00664454271866877","-0.00631934478788764","-0.0314845964214904","-0.0109135011160602","-0.0032137146030955","-0.00311526731695011","0.0103360093306617","0","0.00581396986541982","-0.0109025913382155","-0.0297542610817922","-0.00260078170005773","-0.0168071183163807","0.00480770156810273","-0.00999714294942322","-0.017110912710673","-0.00148257996022316","-0.0439631234211166","-0.0709711114990572","-0.00437159166149659","-0.0350913198112703","0.00602774579751753","0.0050633019565467","0","1.35010893326612","-0.00156620619340231","0.00142119778249672","-0.00505016101095102","0.00529524716325222","0.00291678202084929","0.00369240507523191","0.00379922994071679","-0.000873083906863203","0.00278385947098935","0.00658041948419984","-0.00668656969718368","0.0132119158373732","0.0044621617126617","0.00340803147627625","0.00472149276808826","0.00431893458776854","-0.0198146393803373","-0.0200029450983337","-0.00528283062289425","-0.00921142435333522","-0.0830291774620573","-0.382041920966203","-0.116624432902291","-0.503342683417736","-0.00791232792981234","0.0232174575245843","-0.0833816089390513","-0.0555698511548099","-0.0495457365514298","0.00340329313170784","-0.0146867729201157","-0.0358784942433726","-0.000424899092859476","-0.0507406766272052","-0.0379338152036198","0.0928990876175932","0","0.00773957652363322","0.0365296081187179","0.0589341269358954","-0.0599999999999996","-0.04","0.00133191614778738","0.0045765302418328","-0.00364041420594141","0.001810360391449","-0.0123999999999995","0.241258225","-0.00950000000000006","0.0560999999999998","0.1302","-0.0572931582653755","-0.0554795672831805","20.56999969","-0.0549663209040547","-0.0309835455199674","6.9078","0.340500000000006","-0.094300000000004","0.0229999999999961","0.0025384279137392","0.00131147559781031","0.0330233838084031","0.00423430413878823","-0.0042780813910781"
"34","2000-10-01","-0.000436014831411313","0.00114449225654489","0.00543643743046029","-0.100000000000001","-0.0151682214731714","-0.0399166074054431","-0.0196566525495516","-0.0307716586667537","-0.0999999999999943","-0.00164200781036783","-0.200000000000003","-0.0000957166787047825","0","0.0021211283420266","0","0.00264200946283877","0.00314960890289662","0.0159154553058993","0.00284495213223135","0.0033726844786397","0.0063492276786592","0","0.0038812429657862","0.0097867061876799","-0.00303627515556598","0.00214362354325104","0.00466926918368404","-0.0155443544378002","0.0049301661078589","-0.00873367996875452","0.0084900449328309","0.00779948243482309","0.00260078170005773","-0.0305951205782025","-0.00842870733505574","0.0233655489562121","-0.040680212317735","0.00148257996022316","0.0192216337809539","0.0070472455154027","0.00109469085918157","0.00475060275859818","0.00599162966826672","-0.00168492036491941","0.00611622701743642","0.0146258683590244","0.00780647713694194","0.00714934139077705","0.0162877424490002","0.000758559716284878","0.00133912160368681","0.00208400382947725","-0.00155640713481203","-0.00253319448167113","-0.000305561812099626","0.00308017800706607","-0.0060305398502876","-0.00198688359288279","0.00102839003704676","-0.00052834153926484","0.00219562704122651","0.00430165706520926","0.0063394419591436","0.0237852000462446","0.0180767105051913","0.0199307524428072","-0.0469540622583136","0.363840360271872","-0.0752588205954474","0.44905960530288","0.0270922200736692","0.00309655291711586","0.0215062052209634","0.122759295642611","-0.0127797266463991","0.00113186203368354","0.0261666108076648","0.0284769392820702","0.0312590817808109","0.0266212925692084","0.0108086689359286","-0.0680449632768907","0","0.00917242865560297","-0.00584354248386454","-0.01791914142302","-0.0899999999999999","-0.26","0.0177236044817075","0.00939969166486065","0.0147106040744589","0.00918345640576312","-0.0430000000000001","-0.312380952","-0.1904","-0.1694","-0.0620000000000003","0.0159968351307143","-0.00715460478507701","23.62999916","-0.00496177514471796","0.0275879565188291","1.81677000000001","0.359480000000005","0.236699999999999","0.0667000000000115","0.00304755560140786","0.00130975788206378","0.0473771648126803","0.00140745976787926","-0.00537346806114325"
"35","2000-11-01","0.00119858363572689","-0.00143082010388262","0.0024067400305654","-0.0999999999999996","-0.0154018446115058","0.0134833503372871","-0.0251269500774214","-0.0456700368331884","0.0999999999999943","0.000733996293067918","0","-0.0087487939660793","0","0.00744406526250252","0.00611622701743597","0.00526317004427446","0.00626961301359508","0.00524935588614373","0.00566573753567745","0.0033613477027048","0.00630916919326463","0.00660068403135217","0.00725828804579709","0.00137116321787462","-0.00482034350524696","0.00852883634752022","0.00927363678532878","0","0.0237592169629002","-0.00146305805176095","0.00481928643594909","-0.00111049428402676","0.00518135874199732","0.0312226700183142","-0.0012099215027126","-0.0239567402237997","0.0367834709036776","0.00148038517043414","0.0286439336170945","-0.0212925006514517","-0.00438597194325485","-0.00594178812875068","0.00832842410648205","0.00168492036491941","0.00152322954052142","0.059206305754139","0","0.00511471471492264","-0.00672598302657335","0.00334533732026798","0.00153101562263927","0.001646612819072","0.00277072973805642","-0.00559707895686758","0.0012120436084155","0.00336301087593321","-0.00645265151739212","0.00994124994845307","0.00433495304520898","0.00417427438783257","0.00363909661063949","0.004775870114618","0.0193495156708909","0.0277013746305386","0.0411568313396753","0.0482167696583087","0.0856839549134918","-0.127386886600451","0.0901005591877961","-0.312319996901262","0.0253012405839641","0.0459239708801533","0","0.190113025637728","0.00960007372901917","0.0803907153332171","-0.0164287788559445","0.00218529565682068","-0.0196096366226787","-0.0128763360990245","-0.0177291117805024","0.0500813199330516","0","0.00768149939310803","0.031795801751981","0.0302752386339336","-0.0300000000000002","0.00999999999999979","-0.000940522081336326","0.00555289675942028","0.00803193103679511","-0.00106857336209032","-0.0764000000000005","0.167613636","-0.1412","-0.1196","-0.2091","-0.0442190360965578","-0.0320966625235162","29.64999962","-0.0834561877646234","-0.0631789016215314","36.39619","0.297999999999988","0.241","0.0815999999999946","0.00216634188282583","0.00261438057407037","0.0411486538357047","-0.00281690327111317","-0.0152011613320502"
"36","2000-12-01","0.00318921735904354","0.00542625920893869","0.00419790721423929","0","-0.00333148559100405","-0.0225743220385386","-0.0153849188394792","-0.00938974034983886","0.200000000000003","0.00289577175750999","0.200000000000003","-0.00551925874562631","-0.1","0.00507895538078973","0.00304414238122819","0.00262123347987409","0.00933132742888443","0.0258412311838869","0.00282087634164174","0.00335008688528227","-0.00947874395454384","0.0195445960729703","0.00770562789593116","0.0236087105864786","-0.00727696558836035","0.0210091760893434","0.0495224966811074","0.0850512326181558","-0.00106780576082954","0.0245854754726151","0.0225796877521658","0.058268908123976","0.0267702410646047","-0.0225227601427687","0.00362538161431658","-0.0281877732824549","-0.0297198693849277","0","-0.0068393036502421","-0.0232231046110112","-0.00883007944827163","-0.0144060114435156","0.00708385488840513","0.00168208618298493","-0.00304878284935839","-0.00909296737027709","0.00155403669812504","0.000157323303032086","0.00374431227201022","-0.000734670186000313","0.0000923364257310938","-0.0013599339020849","-0.00225053354511515","-0.00409534125282517","0.0026178365329909","0.00103099685650879","-0.00688343442336931","-0.00814532764533568","0.000543025513082335","-0.00186963357902144","0.00311354273536023","0.006383349434995","0.0161325663665401","0.00466648614972343","-0.00610372265336778","-0.0113717182753508","0.189020285789574","0.265978075378405","0.165060340233185","0.429829546982305","-0.028841850611526","-0.0207669475251997","0.354545017680907","-0.154648316065445","0.0883374612576864","-0.0415616556151734","-0.00189313033639849","0.0129675374107885","-0.0219629042864052","0.0538209930094036","0.0255545223894666","-0.237844009467088","0","0.00607468181278392","0.127496821475843","0.0841011075931544","-0.38","-0.0299999999999994","0.0231645401446912","0.0109596574887725","0.0124335988090447","0.00804729283078487","-0.1213","-0.242771531","-0.198600000000001","-0.1865","-0.120299999999999","0.0130718167214416","0.0196807714081952","26.85000038","0.00404525245153575","0.0215062052209634","-8.7199","0.262800000000013","0.233699999999999","0.0571999999999946","-0.0016743333751786","-0.00130633591405527","-0.0154632174856272","0.00140944350323391","-0.00219058137981865"
"37","2001-01-01","-0.000687720595379915","-0.00228115297094611","0.0101221465605095","0","0.00665190922830572","0.0136056520557784","0.00515465058866393","0.0324854551444886","-0.100000000000009","-0.000139363110809754","0","-0.0208984794891318","-0.0999999999999996","-0.00353045379938344","-0.00304414238122819","-0.00262123347987409","-0.00621120009264065","-0.0128371467606803","0.00841519692528436","0.00333890126551406","0.0219789067187754","-0.00647251450561814","-0.00321302625829032","-0.00776765253491949","-0.0162267162500807","-0.00312337578226796","-0.0192171471857785","-0.0072202479734873","0.0438941935572252","-0.00429492428288114","-0.0142014221061677","-0.0341184478916929","-0.0126583968719229","-0.00450161531895699","-0.00120700075003555","-0.0159414779976883","0.000251351013011103","0.00589972212718859","0.0270809586026708","0.0515135344501081","0.00883007944827163","0.0274316544606714","0.00820156911341741","0","0.0181548102803717","-0.00188632118928034","0.0169366137992215","0.00693482632977727","0.0244437208217239","-0.0013613906775332","0.000237637267871687","0.000868986879042059","-0.00778073114445232","-0.00696903661304814","-0.00116942755285017","0.00409534456156749","-0.00738668730476386","-0.00250368788673915","-0.000998434044022943","-0.00486539041259729","0.00146714275169987","0.00494334964945356","0.0268581815847764","0.028016161280636","0.006871454339338","0.0148479911256185","0.0500104205746617","-0.0018611581772916","0.174595598535952","0.187656196021322","0.0434874702384143","0.0184017619382182","-0.243879449793388","0.221050770641079","-0.060078123943283","0.0993577691202008","-0.0114511559890627","-0.00229208432745376","-0.0342569763484339","0.0508478863679462","0.00979799632625317","-0.00156006271890208","0","0.00651478316772724","0.00129413869178308","-0.0476188469467314","-0.0600000000000005","-0.25","0.00679839726738685","0.0105797261850036","0.0126385161958975","0.0120214136894123","-0.1216","0.182471531","-0.0914999999999999","-0.0647000000000002","0.0141","0.01537811004121","0.0283681192754894","22.02000046","0.0340502318056943","0.0115640789703231","-17.05077","-0.292200000000008","0.0884000000000071","0.00760000000001071","-0.00872822305929116","-0.00130804466001511","-0.0998259431544333","-0.0141846349919561","0"
"38","2001-02-01","0.000181024963838539","-0.000285510351689666","0.00531759007832378","-0.100000000000001","-0.0223472986919964","-0.0367013668504281","-0.0181587350118706","-0.00457666702741211","0","-0.000627374458554542","-0.100000000000009","-0.00906335570216932","0","-0.00476376018589963","-0.0030534374868898","-0.00526317004427446","0.0123840591997215","-0.0130040844232067","0.00278940208757827","0","0.0031007776782479","0.00647251450561814","-0.00596475234043337","-0.00994485625113682","-0.00852568850891318","0.00104220957844348","0.0148150857851412","0.0744529781947496","-0.0144183754242722","0.014245255136049","0.0011911853701525","-0.00108518730128715","0.0038143720754702","-0.0100405701808173","-0.0084900449328309","-0.150449256724072","-0.00655574713024354","0","-0.0192684188658765","-0.0544547130409248","0.00438597194325485","-0.0202027073175195","0.00581735206591372","0.00167926151971987","0.0119226449569059","-0.218795420161715","0.0121396206720705","0.000889016055891645","-0.000860544844840661","0.001358031528136","0.000446230457472485","0.000792715873327257","0.000519670376391685","-0.00354385330275904","-0.00164585525148364","0.00167414000542679","-0.00652194092838247","-0.0042657200043664","0.00282123616458075","0.00122599863773634","0.00362802776735206","0.00522494021312704","-0.000544870061974123","-0.0123881450605285","0.00365340260813163","0.00703812835917184","-0.237570638941767","-0.172828753381966","-0.336090872604641","-0.417936752650676","-0.00223107662267985","0.0218991127416341","-0.0487901641694313","-0.0197467629348349","-0.0508045756354596","-0.0557106070140057","-0.00459527781960567","-0.00487123781338394","0.00209264796237879","-0.0213386646915312","-0.0163837373549715","0.0708127082039374","-0.1875","0.00885326419628107","-0.000963255013557429","-0.00762822155351728","-0.14","-0.0800000000000001","0.0086314420217839","-0.00149375611460911","-0.00435934784635705","0.000788697468991018","-0.0869","-0.0761436360000003","-0.0402999999999993","-0.0223000000000004","0.0599999999999996","-0.054964214469269","-0.0129097528041378","28.35000038","-0.0968311453200803","-0.0660726579397894","19.5876","-0.8065","0.0222999999999871","-0.0327000000000055","-0.00334064341354358","0.00261438057407037","-0.0454827950061417","0.00285306898240645","-0.00219539056343621"
"39","2001-03-01","0.00144702119811768","-0.00472272791934358","0.0105510943658134","-0.0999999999999996","-0.030983545519967","0.0230957147946498","0.00261438057407037","0","0.100000000000009","0.000627374458554542","0","-0.00864153287560132","0","0.00321525860449334","0","0.00263504763800482","0.00307219903697042","0.00522194398115161","0.00278164296187722","0.00664454271866877","0.00617285910708087","0.00322061470004176","-0.00477774899587355","-0.0119133932474006","-0.0262535964883486","0.00829880281469553","0.0160470255975174","0.0221738574943222","0.0215503465615434","0.0070472455154027","0.00237812240496815","-0.00435256399884132","0.0050633019565467","0.00907329620567499","0.00243309122464108","-0.0493291024740428","0.0125692956958883","0.00440206140063726","0.0048520231045277","0.0131677103746473","-0.00989562775422392","0.00119976019190382","0.0034742362681861","0.00502093105009926","-0.00148257996022316","0.237655738990858","-0.00150946812528208","-0.00278274092942254","-0.00821183930208491","0.00127148094632287","0.00162559251360318","0.00230030379798129","0.000731455615665335","-0.000454412567605015","-0.000046307675212274","0.00295610438225889","-0.00658100825624351","-0.00702451328097014","-0.000132349677462605","0.000781497680334689","0.00274347567483358","-0.00472931593315445","-0.0118146684794951","-0.0151930066430364","0.0088715099698593","0.0112872565288331","0.0644108503092706","0.0709396024795979","0.105849719821371","-0.0654572166546439","-0.00522528514952469","0.00796081504510227","-0.105360515657827","-0.0616935690053397","0","0.0216391751034815","0.0093757014109217","0.0181016636723906","0.00725852904404928","0.0382966753351619","-0.0051754592284125","-0.115512887121844","-0.0625","-0.000565569245010167","0.0676869229030963","0.0442846168415958","-0.0899999999999999","-0.0200000000000005","0.0226559571824723","0.0178878970298406","0.0216060847226576","0.00823731928826454","-0.2052","-0.442983636","-0.1745","-0.121799999999999","-0.0171999999999999","-0.0561498522179118","-0.0871220908268935","28.63999939","-0.0663585342674295","-0.0624237353550736","5.93857","-0.696470000000005","0.0143000000000058","-0.0606999999999971","0.000800594509097359","0.00130463162666494","-0.0181446785057535","-0.00142551699122162","0.00219539056343621"
"40","2001-04-01","0.00130053123348617","0.00114695353075334","-0.00408998525152438","-0.0999999999999996","-0.017637141486107","-0.0230957147946498","-0.0237791917661134","-0.00921665510492353","0","0","-0.0999999999999943","-0.0156634610016884","-0.1","0.00342560697440142","0.0030534374868898","0","0","0.0180650073976389","0.00554018037561566","0.00660068403135217","0.00613498856751615","0.00321027563024856","0.00289126998319785","-0.00138344551216192","0.00149305617633062","0.00515199490942742","-0.00580553154532026","0.00437637459979845","0.0329535559383789","0.00140350900232011","-0.00118835426937913","0.0151518050206016","-0.00126342404677171","0.0223294763980881","0.00121432923240228","-0.0384662808277954","0.0178266666823896","-0.00440206140063726","-0.0244990204883244","-0.0370138477474811","-0.00554018037561566","-0.0193710657559993","-0.00115673812782369","0","0","-0.0402055949565874","0.0045214521577579","0.00185834050385303","0.0129754437692498","0.00295234857382685","0.00147498551988719","0.00254879814507395","-0.000859428731504501","-0.00108674714571167","0.00273386456683199","0.00673795251724694","-0.00754853209726","0.00350103313536639","-0.0000980653269855433","-0.000406305809222767","0.00421639747392664","-0.00560379465735904","-0.0294945550292791","-0.0323086327088298","-0.0137062825136685","-0.0198779898985659","0.0272584681442751","0.0431954133559191","0.111225635110225","0.244098916490198","-0.0665291678987199","-0.025017303310948","0.0327898228229913","0.00302572091653719","-0.00326264563481615","-0.0300074247739985","0.00808074268467429","-0.00806941361792035","0.0114429887047677","0.0115768865865382","-0.00722125065515916","0.046260241636809","-0.2105","0.00991679934503686","0.0155744296768709","0.00767758089903481","-0.15","-0.0499999999999998","0.00639097365355745","0.00124721850556142","0.00450133016977183","0.00482977376717386","-0.146400000000001","-0.0857705749999997","0.0968999999999998","0.243799999999999","0.293","0.0565124221160902","0.0503149155324145","25.47999954","0.0740070172627432","0.0600241592298372","-11.37565","-0.278029999999987","-0.0553000000000026","-0.0712000000000046","0.00107168229091483","0.00130293178041629","0.0223824141021981","-0.0114778878446868","0"
"41","2001-05-01","0.000288777390736072","0.000572983828883267","0.00641963103433341","0.0999999999999996","0.0338224659071242","0.0139213385186086","0.0106383982050557","-0.00464037955650287","0","0.00111436144698018","0.0999999999999943","-0.000615258427939303","0","-0.000110320481108594","0","0","0.00306278953054573","0.0127066512691147","0","0","0.00609757986811843","-0.00321027563024856","-0.00583759009841306","-0.0128808616783836","0.0128134695038396","-0.00515199490942742","-0.019104181310043","-0.0332994140690492","-0.00591134726305675","-0.00421645037893459","0","-0.0129731549213794","-0.00634117533844769","0.00910667307819235","0.00725517088117211","-0.0254183660818157","0.00806554537348614","0.00146950797936007","0.0293276150945196","0.0208962827264125","0.0132452267500209","0.0181713055640955","-0.00347826437632559","0","0.0205587270210366","0.0417795034500639","0.0178843679209919","0.0248902795095987","0.0186813201784179","0.00469422008824152","0.00315157224119519","0.00495968236726851","0.00587647357155137","0.00220371712450596","0.0044070569761265","0.00455509337021537","-0.00674608290590987","0.0103173166612894","0.00471556027290232","0.00676652998783927","0.00421693607878286","-0.000545601282769248","-0.0124885526804981","-0.00585666403517138","0.00174203212189639","-0.00126838665968698","-0.0330205913720381","0.0436784404264525","-0.0151518050206025","-0.102633396190255","-0.00929918876124347","-0.0305065824557911","0.263191052443485","-0.098335900720862","0.063312279414327","-0.0451204352804693","0.00211586304897349","-0.0166553916668215","0.0135854874453414","-0.0216874350569229","-0.00636165590564813","0.0982817399363176","-0.218100000000001","0.0116337596452247","0.0236466281554879","0.0438553099895973","0.0200000000000005","0.0200000000000005","0.00301091918937146","0.00144431022257585","-0.00142791521705199","0.00154185003916396","-0.1551","0.204350878","0.1905","0.168500000000001","0.1309","-0.0203589501264254","0.0249467725209271","22.63999939","0.00507727591229923","-0.0230872440997887","-21.78961","-0.0464300000000009","0.00679999999999836","-0.0737999999999914","0.00326788893984977","0.00260078170005773","0.0386173082322537","-0.00144404357223316","0"
"42","2001-06-01","-0.000288777390736072","-0.00014321518105298","-0.0307171226320548","0","0.0237971569675191","-0.0423592738391418","-0.0160003413464418","-0.0379192348622936","-0.100000000000009","-0.000591849896295571","-0.0999999999999943","-0.013736337854283","0","-0.000662178591682938","0","0","0.00305343748689069","0.0125472160520887","0.00275862243907898","0.00328407520119001","0","0.00641027836091901","-0.008862687257845","-0.0327898228229908","0","0.00720538372126978","0.030681734652485","0.0655256184467974","-0.0290747297002447","0.0277795641070755","0.0118204686004262","0.00974561043051292","0.016404153337068","-0.0388831646274763","0.0131659591823041","-0.0335409764155585","-0.05710113843113","0.00439561147303813","0.0643578689828033","-0.0103935605272634","-0.00991743665734646","0","-0.00116211518017728","0.00499584719337243","-0.00436999967111795","0.0306209846885608","-0.00741296624552579","-0.00040721515616049","-0.00365226548301578","0.00239200824095992","0.00148492836263128","0.00213566334420761","0.00234806818655193","-0.000253132407570522","0.000744926534829781","0.00193655552164721","-0.00616803383965542","0.00250854551544713","0.00215126575136399","0.00338949078306806","0.00373526186581847","-0.00493676506351275","0.00898921056993451","0.0199071639199726","0.031477627889009","0.0372109790620598","-0.171592310010704","0.008661323210438","-0.333423453771855","0.0152029955196564","0.0623735495190569","0.0641056650782321","0.0794067776044098","0.0831149067105068","-0.0123458358222992","0.0398544936751826","-0.00172833139189077","-0.0280629483061358","0.00794188302862703","-0.013164399044487","-0.0173314563516399","-0.0163821327505151","-0.0713999999999997","0.00836098117333606","0.0261396373593232","0.0173132605252828","0.149999999999999","0.0699999999999994","0.00525927644724966","0.00245805353052475","0.00665398558611763","0.00996449213301176","0.00870000000000015","-0.740647619","0.1398","0.0797999999999996","0.1207","-0.030005772338896","-0.042306261677826","19.05999947","-0.0253541051659312","-0.032482584232199","4.76223999999999","0.104569999999995","0.0718000000000103","-0.092000000000013","0.00258151092780945","0","0.0349714552976329","0","-0.00219539056343621"
"43","2001-07-01","0.000721787176306776","-0.0068985614200141","-0.0360344330118822","0.0999999999999996","0.013348362823427","0.00956945101615059","-0.0108109161042149","-0.0244510958641637","0","0.000974625020585762","0","-0.010243635093933","0","0.000662178591682938","-0.0030534374868898","-0.00263504763800482","0","0.00745345065458114","0","0.00653597097978498","0.00606062461169099","0","-0.0164551207264445","-0.0339015516756813","-0.0270286723879192","-0.00308166653740827","-0.011577553342442","-0.0278688990087921","0.0226310890655403","-0.0151831764213899","-0.00707550121620049","0.0064447054426422","-0.00753772413142606","0.0196305579709355","-0.00835825761420139","0.142435064654696","0.0226790201657456","0","-0.0576367683097256","-0.00448766646938736","0.00552182518430833","-0.00722894714315192","0.00464037955650287","0.00165975141836405","0.0101671173554445","-0.0391686853248903","0.0118344592057094","0.00312426273834632","0.00346576687916844","-0.00215853668455179","-0.00000092874887997179","-0.00180221595797248","-0.00819309066908421","0.000223255997303272","-0.0042830308639987","0.00443455247570195","-0.00712657260161151","-0.00203450729209377","-0.00158913669597357","-0.00465312595720296","0.00265751977748497","0.00334289692195834","-0.0143813027566058","-0.0206755776355454","-0.0307403930758294","-0.041519119892941","0.245051435810103","-0.219681235592332","0.300536691802336","-0.390902753827967","-0.0428423478878415","-0.0695871332156699","-0.270027137213059","0.123899262673819","-0.0608187400350397","0.0188290081529079","0.0068278052574211","0.0122820804224539","-0.0000608513098432351","0.0268361150774279","0.0088801066613613","-0.123680101970328","0","0.00850794883620587","0.0363758888816861","0.034378932461637","0.140000000000001","0.2","0.0173398938648237","0.0143650879064747","0.0120976516147095","0.00632299601227437","-0.00409999999999933","0.514644588","0.0259","0.00860000000000039","-0.0689000000000002","-0.0238215925223448","-0.0350084947246643","21.62000084","-0.0107982418017398","-0.0127797144277491","18.40394","-0.0504300000000057","-0.0705999999999989","-0.117399999999989","-0.00230830928362063","0","-0.0345653685567285","-0.00725166339532013","0"
"44","2001-08-01","-0.000144315763138891","0.00129711050830572","-0.0137760475441189","0","-0.00110558330774957","0.0188684843043827","0.00271370587159581","0.0340665545636059","-0.0999999999999943","-0.000173970529830925","0","-0.000630583310438304","0","-0.00165626935670904","0","0","0.00910476699291873","0.0073983074814441","0.005494519317641","0.00649352931054903","0.00602411460338104","0.00636944828548014","0","0.0666913744986721","-0.0277795641070755","0.0112533156867274","0.0215991118034617","0.00650056460309312","0.00594944739509362","0.0151831764213899","0.0117648415795868","0.00640343703520685","0.0162605208717803","0.00761908447644011","0.0166472334331562","0.0416874207966842","0.00327003184107699","0.00146092063967451","0.0104712998672953","0.0539883102424188","-0.00552182518430833","0.0179753192186363","0.00231213975837896","-0.00332226219197818","-0.00289435802636451","-1.10776681357924","-0.00147170358533621","-0.00485326044006129","0.00126682935160538","0.00234286295302926","0.00167866842099113","0.0028535048468711","0.00012377647520339","-0.0000693115186373642","0.00223551098674001","0.00421196260163474","-0.0056632777429338","0.00195549783006592","0.00305819921785552","0.000662815661084018","0.00394007435185648","0.00564930966093071","-0.0108137445144667","-0.0174702826310131","0.0143702079219246","0.0203507226784954","0.0324515961996816","0.0478778467087055","0.0277847100856228","0.302442488034901","-0.0500974315729064","0.048167613261608","0.0861776962410516","-0.261822405879321","-0.00995033085316788","-0.085411150733905","-0.011698618304842","0.022177913494708","-0.029519248468946","-0.00943896080811513","0.0158577558215495","0.0425596144187961","-0.2386","0.00817731631910235","-0.0278456356039278","-0.0182403476160058","-0.16","-0.34","-0.0070038260907026","0.00240095599464851","0.0113483979825411","0.00807818234581426","-0.2578","-0.489636363","-0.2527","-0.2183","-0.2097","-0.0280561037579945","0.00559080195452033","24.92000008","-0.066255628190409","-0.0240818587841827","-24.72973","-0.398089999999996","-0.301300000000012","-0.116799999999998","-0.00245379300072405","0.00129785871559918","-0.0466676354735745","-0.00583943265155984","0"
"45","2001-09-01","0.000721370635428542","0.00187063872090043","0.0193574573823136","0","0.0153680302283146","-0.00938974034983886","-0.0302636576398267","-0.0340665545636059","0","0.00066092706119214","0","-0.00537607366617365","-0.1","-0.000773865496582538","-0.00306278953054617","-0.00264200946283877","0","-0.00246002584086202","0.00273597981887441","0","0.00299850299625692","0","-0.0368705358083279","-0.0666913744986721","-0.0431721718652085","-0.00509945011234869","-0.00858374369139181","0.0150056406178702","0.0122821489916527","-0.0137933221323356","-0.00940077428470598","0","-0.0124845566622458","-0.0085755647023964","-0.0238674814066435","0.044662361726207","-0.00933525134416691","0","0.0650710497735698","-0.0890796300536891","0.00221239028294118","-0.0203966279076466","0.00460830308619453","0.00332226219197818","0.00722024797348642","1.20202563313516","0.00879777712702889","0.00983984594977549","0.0126593730667377","0.00132413966363174","0.000493141840369101","0.000385462649906686","0.00132027873060293","0.000873697863173564","0.00380211696860677","0.00159713716323786","-0.00760322401302085","-0.00631726164294901","0.000940303515446231","-0.0000402755276373923","0.00273980090620552","0.000893157732342169","-0.00892469887571856","-0.0141806908489102","-0.0454164230389313","-0.0532885827742522","-0.0360376656164867","-0.0724653737418226","-0.0885736955217142","-0.068208250026534","0.0111164815528948","-0.0613232711229141","0.062242308877221","-0.11163997114267","0.058268908123976","-0.0297845613575278","0.0127313420057682","0.0361511901075587","0.00655944878840886","-0.00508814514035283","0.0186212277125962","-0.00233918235317221","-0.1239","0.0061353504946613","-0.0194820634205826","-0.0690814295878628","-0.140000000000001","-0.19","0.0211183949937723","0.0144518496586414","0.00283236544661136","0.0102738978391361","-0.2653","0.0479927269999996","-0.1573","0.00219999999999931","0.1361","-0.101370492131903","-0.178076323343133","31.93000031","-0.0852566331114488","-0.0809214624444516","141.34779","-0.409940000000006","-0.278999999999996","-0.0998000000000019","-0.00263503631817847","-0.00389864041565691","-0.0247910521283778","-0.00440206140063726","0"
"46","2001-10-01","0.00187313191902483","0.00601979745345993","0","0","0.0183491386681967","-0.0142520227072014","-0.0169018108026036","-0.0612436252407189","0.0999999999999943","0.00173719729603228","0.0999999999999943","0.0072666319438035","0.1","-0.000774464828221966","0","0","0.00602411460338104","0.00736199644106961","0.0054496047675654","0.00323102058144631","0.00298953884836539","0.00632913505164723","-0.0205540832774362","-0.0350913198112703","-0.0298529631496818","-0.00615386557437869","-0.00865806274311431","0.00847462699097257","-0.0332619394608473","0.0219789067187754","-0.00710903467910651","0.00847462699097257","0.00125549294583216","-0.0232343462342461","0.026223195099103","-0.00265076364624406","-0.0261956427151313","0.00436999967111795","-0.0188093319574962","0.0704410976633163","0.00441015047755222","0.0239532410224932","-0.00115008638323744","0.00165700120762935","0.00716848947861326","0.00524784270092926","0.00582243331736532","0.0027913978171572","-0.00119549461116186","-0.000599292126483506","-0.000208163024092804","-0.000691733989888546","-0.00283856411286282","-0.00389581277261883","-0.00293609282510232","0.00127461713288984","-0.00745415621135873","-0.00176571046800472","-0.000139242229949617","-0.0012248796361546","0.00364278361180972","-0.00327200727862786","0.0434807199578664","0.0624185213948003","0.0379497839049652","0.0544160694041214","0.12389439476623","0.532513106669215","0.146766770602439","0.712084381579697","0.0641121101150031","-0.00210617683011982","-0.0807613566444587","-0.0525373335278818","-0.0352036351929801","0.00695251931488183","-0.00193710627898458","-0.00537953144080494","-0.00224411015509851","0.0149086992983829","-0.008095543664558","-0.220999091968176","-0.3549","0.0107925763514416","-0.00645399738731278","-0.0453820088379704","-0.159999999999999","-0.33","0.00467156117763956","0.0068391531657479","0.013326293034666","0.00497035194608841","-0.3031","-0.25528087","-0.1683","-0.162299999999999","-0.137","0.0307133943604221","0.0469780770753534","33.56000137","0.0179372723728264","0.019102134108945","-10.39517","-0.397489999999991","-0.241299999999995","-0.0663499999999999","-0.00190957104881263","0.00130123635797208","-0.0461046655736453","-0.0148150857851412","0"
"47","2001-11-01","0.000575643117173286","0.00328126408961538","-0.00994414658039222","0.100000000000001","0.0274278796816052","0","-0.0056980211146378","-0.0485270408946601","0","0.00100619337809249","0","0.00700583196937998","0","0","-0.00307219903696998","-0.00264900817157709","0.00299850299625692","-0.00244798163864068","0.00271370587159581","0.00643089033029032","-0.00298953884836539","0.00314960890289662","-0.0390929257912775","-0.113328685307003","-0.0787808778531138","0.00102827772556591","0.00144822617636464","0.0208775850215548","0.00854491250994815","0.00406780221932568","0","-0.00105540906894408","0","0.00260841360804775","0","0.00924709363279685","0.0018198367169866","-0.00145454571099357","-0.00634922767865831","0.00720983656674967","0.00657897109804306","0.00472255895417373","-0.00115141060504165","-0.0033167526259934","0.00995033085316788","0.0151099433119013","0.0101083583151267","0.00335162147218426","0.00911583008338468","0.000632803290400043","0.000329843511735227","0.000608027265988022","-0.0031309489537313","0.000336097688538155","-0.00000805808279660339","0.00214449072147789","-0.00722006425030835","-0.0117829662148576","-0.00251255228879872","-0.00501484454935833","0.00370250890341389","-0.00421048173949275","-0.0213742495860991","-0.0348454874129231","-0.0220218453614134","-0.0267966032423992","-0.019920521345842","-0.196246047356111","-0.0578277782730101","-0.213093215460709","-0.101495161985193","-0.0131079836981485","0.155484902840396","0.056466611667771","0.0445933755428189","-0.00231213975837985","-0.000263890259582844","0.00293390178267661","0.00882267294813549","-0.00262867669889211","-0.0110130983249999","-0.0885173346645085","-0.419","0.0103606876893885","0.043006370282157","0.0145898940601032","-0.12","-0.22","0.00711513501536132","0.00146164065833609","0.00635028013419081","0.00166295833922625","-0.4315","-1.021270948","-0.1989","-0.1982","-0.264600000000001","0.0408369494861169","0.0864971271237387","23.84000015","0.0724842800659991","0.0111499301980968","-39.38425","-0.386499999999998","0.155299999999997","-0.00887000000000171","-0.0071639779659971","0","-0.129181798202546","-0.00298953884836539","0"
"48","2001-12-01","-0.00122363795588853","0.000854214174948353","-0.0100440266853337","0","-0.0136199067152711","0.051293294387551","0.00285306898240645","0.00550965581096907","-0.0999999999999943","-0.00104090776547316","-0.0999999999999943","0.00706056302480373","0","-0.00421473560921015","-0.00308166653740827","-0.00265604405811626","0","-0.0024539889615669","0.00270636159774273","0","-0.00600602406021267","0.00626961301359508","0.00497101272202105","-0.127833371509884","0.0787808778531138","-0.00411947029523851","-0.0131101659242079","-0.0103843093057163","0.00747946643129271","0.00135226525001375","-0.00955801780610521","-0.00317292704057692","-0.00755671102256095","0.0196685366698706","0.00469484430420763","-0.0039525743158233","0.0233613499131735","0","-0.0239422117729235","-0.0321195494221129","0.00870516922733078","-0.0106572944739884","-0.00115273787980819","0.0033167526259934","0.00985229644301189","-0.061120276257812","0.00715825936484915","0.0110158188780218","0.0112633269741096","0.000517245442383122","0.0011905079133875","0.00201937038353521","0.000179718372962579","-0.000770928938051172","0.0038450931985049","0.00289018309753796","-0.00600864599158447","-0.00256551297879797","-0.00129948657573771","0.000800226016869766","0.00318736449639959","-0.00962979818219962","-0.0273100418211207","-0.0453251187605392","-0.00862631399334823","-0.0162530665624612","0.00346300703925273","-0.17401144834849","0.134763285103797","-0.358377072009262","-0.012407259463064","-0.00264234189599755","-0.100925918589961","0.0308904870193389","-0.00312012733624378","0.00115673812782369","0.00571616522484852","-0.00570051971229968","-0.000928304055276552","0.0438470787895771","0.00354573319650581","-0.00479872954990546","-0.1136","0.0114577318437075","0.0863569062817984","0.0793704777700484","0.16","0.140000000000001","0.000981255333693198","0.00536692717636811","0.00169150705106702","-0.00440986846673219","0.0517999999999996","1.008016029","0.3197","0.2657","0.2018","0.00389035980941621","0.0152014357387564","23.79999924","0.00754529671224446","0.0178575676726069","-53.76574","-0.130189999999999","0.339100000000002","0.0409499999999952","-0.00147117220469997","0.00129954534208565","-0.00954818237473354","0.00149588659158262","0"
"49","2002-01-01","0.000432043211040067","-0.00113911446177539","-0.00442618490556157","-0.100000000000001","-0.00105540906894319","-0.00913248356327312","-0.0230557762999259","0.00547946576462621","0","0.000104139547087101","-0.0999999999999943","-0.00862477419936347","0","0.000444493839966142","0","0","-0.00299850299625692","-0.0248769047554038","0.00269905696916517","0.00320000273067045","0.0149479614358734","0.00312012733624378","0.0180185055026776","0.127833371509884","0","-0.00621120009264065","-0.00440853028476607","-0.0168425033944972","-0.0261715994434457","-0.0191001713734202","0.0154857174393808","0.0271699053519274","-0.00126502230658687","-0.0138243641921116","-0.0201071232990948","0.013114942077828","-0.0174050976802516","0.00435730536895562","-0.0103045408288143","0.0176475168135788","-0.00543184388236195","0.00237812240496815","-0.00694447235281181","0.00824406977508207","-0.0042105325363444","0.0372495105472863","-0.00285720875954887","-0.00319513459883858","0.00068791203180929","0.00278493862701383","0.0019230038436151","0.00328596578952684","0.00132051002692527","-0.0013056867955994","0.00128756709116501","0.00484189074572549","-0.0069516908012662","0.00587848435492564","0.00464074801027525","0.00215779369793939","0.00570632758234742","0.00654979526299672","0.0435607928312969","0.0756440212837841","0.0250996841577749","0.0322461901913744","-0.0946881101355039","0.111204213806738","-0.186479566942618","0.178196079714419","0.098675675464678","0.0291783068466369","0.177886959726089","-0.00380952841666815","0.0810037841530873","-0.00696058494762397","0.00130120236378328","0.00792803258983932","0.00438637839177691","0.0346160732986194","-0.00598637455306905","0.0372453225771805","0","0.0106663714351658","0.0575632123123277","0.100695031713709","0.00999999999999979","0.0799999999999992","-0.00824989713206215","-0.00722366769851135","-0.0137155363721515","0.00228218666143043","-0.00439999999999952","-0.815602393","0.0427","0.0242999999999993","0.0629","-0.0111158349067617","-0.0152526901507954","21.09000015","-0.0156963786972364","-0.036039902599446","-5.86999","0.412909999999997","0.212000000000003","0.0881700000000052","0.00202533110168232","0.00259403517704637","0.0379978440142115","-0.0105185041912206","0.00109829774906256"
"50","2002-02-01","0.000575767405880612","-0.00128305670178719","-0.00126823098799456","0.100000000000001","0.00841224729465218","0.0316053394153313","-0.0265894541892386","-0.0221003470006664","0","0.00062460963929567","0","-0.00659653719176223","-0.1","0.0015541743803329","0.00308166653740827","0.00265604405811626","0.00299850299625692","0.0297788753556114","0.00537635703638095","0.00953902304675935","0.0029629651306573","-0.00625002034517141","0.00162206037186863","0.0392207131532816","-0.0152674721307884","0.00103788281241979","0.00587373201209385","0.0736529095747653","-0.0347635524503227","0.0431333708175758","-0.00950125912414101","-0.0250535024455507","0.0100756519887417","-0.0312371279390078","0.0329054364424044","0.0103695031552418","-0.0360138801660188","-0.00290275965796205","-0.0209332096664658","-0.0310905870700315","0.0119113481933484","-0.00834828939147148","-0.00232558244347469","0","0.0139667074817087","-0.0637566826956286","0.0156141989185041","0.00688633745666856","0.0116272035466984","0.00124423165069126","0.000403335037172482","-0.000280615772534718","-0.00191247127919794","-0.00239430923435697","-0.00310004334166714","0.00309809788054058","-0.00774184752351879","-0.0000791867615951376","0.000496706083533699","-0.00219280201822368","0.00351027982560524","0.00237219469168401","-0.00740596429142037","-0.0135700530251555","0.0295853823770091","0.0303709240223196","0.0963000851535281","0.044515093793148","0.126293725324292","0.135133814404246","-0.0156896948379934","0.0484871091393124","-0.22314355131421","-0.0549157575961141","-0.132297078540637","0.0184549643733591","0.00212349976654291","-0.00942431416988743","0.00773722005387789","0.000516144250886086","-0.0064439530962051","0.0433317158598037","0","0.00931999318328813","-0.0271381179395345","0.0341193170172538","0.0300000000000002","0.0800000000000001","0.00497198817491906","0.00210464656251652","0.00628814552295509","0.00744033193554117","0.0085999999999995","0.288873182","0.0122","0.00800000000000001","0.00999999999999979","-0.011686612959962","-0.00260206164795029","21.59000015","-0.0209848613912635","-0.0163646837922089","-4.10479000000001","0.503450000000001","0.115200000000002","0.117699999999999","0.000379383240230523","0.00129449856264596","0.0235270074934917","0.00301659353942618","0"
"51","2002-03-01","0.002120281821405","0.00398633785289526","-0.012771565679488","0","0.00730311018497609","-0.0134230203321408","0.011904902506318","0.0166208812360402","0.0999999999999943","0.00225229222535894","0.199999999999989","-0.0046330503006784","0","0.00265869216099279","0","0","0","-0.00490197060020758","-0.00268456537066974","0","0.00295421189743106","0","0.00807106883379127","0","0","0.0185000137439202","0.0415830518411857","0.0574870909176814","0.0198647410264394","0.0195956629450507","0.0130410858292649","0.0644724513017314","0.0186225120980019","0.000333945569975569","0.00576370471674981","-0.0188746247549076","-0.010493840412102","-0.00145454571099357","0.0340297485863115","-0.0477380862186285","0.00429646203350487","-0.00962702982716479","-0.00116482249629346","0","0.00415225510076755","-0.00821743735608838","0.00281300442839072","0.0118445311023816","0.0148390515350201","0.00124215460887605","0.001316630336056","0.00104900882526543","-0.000340362866585103","-0.00155168203007438","0.00231200799856356","0.00427805992388851","-0.00653208783400851","0.000612088932452017","0.00264472539203719","0.000651966476146207","0.00330878351446266","0.00624687090328799","0.00339646124464821","0.00968638160947322","0.00538716083311108","0.00429244363167847","-0.0570501389298457","-0.126441098399498","-0.0184746958282584","-0.321025528506906","0.0301440269900652","0.0331357343031815","-0.0870113769896301","-0.0666913744986726","0.0227652107730121","0.0303906337050099","-0.00691666445402639","-0.00609623304264673","-0.00761393829325818","-0.0204800041590998","-0.000421703689128194","0.155839869418103","0","0.00618852581735041","0.0204660116014264","-0.00878907191812495","0.0999999999999996","0.0800000000000001","-0.0007045181734604","0.00535327289045107","0.00585956115112829","0.0000884810335151087","0.0750000000000002","-0.0142100000000003","0.290900000000001","0.295100000000001","0.2766","0.0359882415275417","0.0568869794504021","17.39999962","0.0360801073971615","0.0503603106822652","-15.54244","0.411749999999998","0.0775999999999897","0.128799999999998","0.000403483850164883","0.00129282500230499","0.0257012137169976","0","-0.00109829774906256"
"52","2002-04-01","0.00114810575183277","0.00312101260575659","0.0121368465213969","0","0.0123968529768286","0.0354019270509163","0","0.00547946576462621","0","0.00165998101473797","0.100000000000009","0.00777968599957557","0","0.00485598570380308","0.00307219903696998","0.00529101763441586","0.011904902506318","0.00978002905363962","0.00803217169726445","0.00315956029036801","0.00294551022975753","0.00936044275956416","-0.0145751568029677","-0.0392207131532816","-0.0155041865359653","-0.0216168993841732","-0.0241660658471838","-0.0264166304439417","-0.00570985200390606","-0.0328760706129447","-0.020226745490139","-0.0571001166994067","-0.0261697177333851","0.0263606696910683","-0.0339015516756813","0.0208069925059613","0.0384713843918707","0.0144511185381742","0.00740744127786197","0.083192316576433","0.0117209652981574","0.0367994044642712","0.00349040493976815","0.0114286958236232","0.0150791068271197","0.081939491804909","0.01671348304634","0.0104879079664801","0.0181976107166584","0.00161639907096271","0.000870766837911425","0.00123761010187567","-0.00292004739050466","-0.00163646385260595","-0.00467261696097361","0.00474053958073061","-0.00622088245190732","0.0078781751978515","0.00187340777673189","-0.000757019442197898","0.00418047344508057","0.00369915435867542","0.0137246236561666","0.025883643889296","0.0322780084298344","0.0427691701613906","0.0137899850670511","0.114527853087285","0.00928001160563952","0.276460547707817","0.0256102919756351","0.0376275439078384","0.233193887167712","0.17366349405084","0.0773182477839702","0.0507942785473041","0.00716212579985598","0.0112358257220451","0.00356857574301334","0.0119826848238107","0.0145855546376868","0.0821825781525671","0","0.00885434852089872","-0.00925869504601096","-0.0285774730699","0.0700000000000003","0.13","0.00645897623878788","0.00236521973984516","-0.000291825787874345","0.00506196139323656","0.0448000000000004","-0.291187857","-0.0104000000000006","0.0129000000000001","0.0259","-0.0179118304688091","-0.00842333004674245","21.90999985","-0.063384655000303","0.00612039690031141","22.54995","0.424269999999993","0.0381","0.0985000000000014","0.00342278354123625","0.00129115576361993","0.0518573943737697","0.0075019106517944","-0.00109950533341685"
"53","2002-05-01","0.0016122967968375","0.0098661829210549","0.00947874395454384","0","0.00205128277055699","-0.0535842461341067","-0.0392207131532816","-0.0221003470006664","0.100000000000009","0.000794432109204379","0","-0.00820193872410169","0","-0.0120730269662852","-0.0123458358222992","-0.0132804076678945","0.00295421189743106","-0.00732604009207272","0.00531916147760025","0","0.00293685967330948","0.00619197024792051","0.00488202759730783","0.113328685307003","0.0155041865359653","0.0307401253596957","0.050501614184987","0.0412043305983212","0.0246799158705686","0.0341688956152497","0.0272690281155521","0.0640137244842247","0.0359617176380027","0.0414071891141523","0.0327514652924439","-0.00645580034287097","0.0490132373755472","0.00143369200184829","-0.00740744127786197","-0.0324512250980344","-0.0085106896679088","-0.017637141486107","-0.00116211518017728","0.00808411839995848","-0.00819676720417828","-0.048047754201626","-0.00693006647719319","-0.0100012790951123","-0.0201991366385972","0.00077281593246747","0.00077907987082102","0.000247143066086787","-0.00323229394779517","-0.00334669118061596","-0.00413181549265454","0.00454878144490931","-0.00581389368685876","0.00141944033802022","0.00142714387513693","-0.00274713562367641","0.00377583684020733","0.00776551694101605","0.0547400329756655","0.0783309578875269","0.0079502570795551","0.0109339814682716","0.0402644147863285","-0.0554389367172785","-0.0380035274369117","-0.358723171076919","0.0624584056782993","0.0227648615349718","0.113328685307002","-0.139761942375158","0.141313533066578","-0.0530140352856172","-0.0122805431066455","-0.00977464633479386","-0.022860978196443","-0.0227470502488725","0.0109554270355272","-0.0148788962564605","0","0.00767268066429949","0.0396568769975083","-0.00672723132631248","0.00999999999999979","0.0800000000000001","0.0102300122806049","0.00612707333896445","0.00926867367250495","0.000973100501484581","-0.0188000000000006","0.175329221","0.0139000000000005","0.0358000000000001","0.0542999999999996","-0.014596418136521","-0.0122735517244124","19.97999954","-0.00912296909812227","-0.0198568632889584","-8.78437000000001","0.24633","-0.0915999999999997","0.0155999999999921","0.00042828277635898","0","-0.0046711490843108","0","0"
"54","2002-06-01","-0.000895399497512273","-0.00252773621460101","-0.00694228095863547","0","0.0112074530203898","0","-0.0123840591997215","-0.0112360732669261","-0.100000000000009","-0.000656224659604021","-0.100000000000009","0.00274146101685169","0","0.00167010003747059","0","0.00267022855587884","0.00294551022975753","0","0.00264900817157709","0.00628932890756406","0.00292825977908784","0.00615386557437869","-0.00651468102119335","-0.0363676441708747","0.0152674721307884","-0.0528346590659385","-0.0737923321910827","-0.045035752909877","0","-0.0408758288719682","-0.0892467283914495","-0.105798056684277","-0.0680363080851727","-0.0368646764361884","-0.0399114004145362","0.0103093696588612","-0.0294249821995631","-0.0188002645001468","-0.0603342364730466","-0.0666396775461964","-0.020508004221127","-0.0411680409433632","0.00116211518017728","-0.0211561999673116","-0.0165978914090372","-0.0842146626261275","-0.0125964209975375","-0.0205494893017804","-0.0283929528594911","0.00104624388457289","0.00103146643519758","0.000882174377315865","-0.00341796605360684","-0.00338439903023387","0.00310335596937358","0.00474080645141223","-0.00606246041503819","0.00435272121087524","0.00106395228545669","-0.00296329006482337","0.00366910791998895","0.00769501867570868","-0.0649661107893191","-0.112161193060539","-0.0352093276633187","-0.0474355034089431","0.00529406231294161","-0.0782435323270203","0.0252645016594819","0.0284814842063419","-0.0967162016522725","-0.0590399877904897","-0.241162056816887","0.0800427076735364","-0.19010369723601","-0.00780818244781223","-0.0098039101730496","0.00788880493208965","-0.0253919270549994","-0.00632012628367384","0.0183329414811492","-0.051397109596572","0","0.00436779957584221","-0.00635497927850004","-0.0156142397823498","-0.0600000000000005","-0.0199999999999996","0.0106925474442363","0.00348424484824683","-0.00333778681041963","0.014985387277541","0.0224000000000002","-0.426708586","-0.157500000000001","-0.1699","-0.1522","-0.089747232361435","-0.0957632320284922","25.39999962","-0.0752143499570899","-0.0394974066983544","40.28565","0.357300000000009","-0.08659999999999","-0.0587000000000018","0.000193444030737217","0.00128949082987173","-0.0194582837745611","-0.00149588659158262","0"
"55","2002-07-01","0.00146803470875057","0.00630740054485734","0.00945484509451866","0","0.00807269772511088","0","0.0185190477672377","0","0.100000000000009","0.0021742515165819","0.100000000000009","0.000315839345679692","0","-0.00524232977947303","-0.00623054975063608","-0.00534760632659559","0.00293685967330948","0.00732604009207272","0.00264200946283832","0","0.0087336799687554","0","0.00163265342388552","0.071458963982145","-0.0465200156348926","0.0638734063807602","0.0994520789716598","0.119274778074729","-0.0864113446621948","0.102260155959311","0.110080815294292","0.0428330999941364","0.102749548117107","-0.119889493536466","0.0958543975048318","-0.0312525435041042","-0.142688630343902","0.00872098550544465","0.0320571403761853","0.0815209045428471","0.00760459938521851","0.0364117894087146","-0.00699303549096975","0.00655740054615883","0.0152252075970649","0.109330868253794","0.0167601719837576","0.0163107947387573","0.0220093488757911","0.00163092410557931","0.00152158848286175","0.0024738397022527","0.00080599357983223","0.000492771531694396","-0.000455049183328332","0.00215963387493766","-0.00599933003821342","0.00518436357576125","0.00270546652627543","0.00225207550151034","0.00254208064741242","0.00611693367484887","0.0447541721603866","0.0489259910582707","0.0398677846337545","0.0481800496424292","-0.148732266906396","0.114824055689758","-0.204180350606454","0.315815207160353","0.062371884392812","0.0530768139065625","0.303465940153043","0.213869914528881","0.158605030176639","0.0650283227777031","0.0234589248676826","0.0533784762150717","0.00962162650381143","0.00213803582443095","0.04492846764127","0.0666645817273603","0","0.00962724933842551","-0.0176014069895469","-0.0192814929395571","-0.0899999999999999","-0.11","0.0109730772608589","0.00694327687542184","0.00207208210824206","0.00367324240678535","-0.1156","0.360435265","-0.1624","-0.0963000000000003","-0.1185","-0.0985056132874735","-0.138936315497107","32.02999878","-0.0822998845880241","-0.0592765535837771","-12.68388","0.264119999999991","0.0433999999999912","-0.0936999999999983","0.000201065576283707","0.00128783018442835","-0.00760658374081416","0.00745715610808162","-0.00330578813449911"
"56","2002-08-01","-0.000501037874629517","-0.000139733109987716","-0.00188383101237388","0.0999999999999996","0.0169411126888184","0.00457666702741211","0.0271509890659507","0","-0.100000000000009","0.000172357331646111","0","-0.00453659057312006","0","0.0107892710044846","0.012422519998557","0.0106667678041954","0","-0.00243605479788034","0.00263504763800526","0","-0.0145987994211527","-0.00307219903697042","-0.00654666822631444","-0.189241999638528","0","-0.00199800266267225","0.00664454271866877","-0.0417451916884062","0.00607233441924038","-0.0183941421559739","-0.00459243057421066","0.019720410737718","-0.00353565483230778","0.026293609107741","-0.010941028178209","-0.0508756706604538","0.0321533853314895","0.00433213673913446","0.0356845373747232","-0.0376267109856219","-0.00325203538637719","-0.00958091161175822","-0.0023419214450815","0.0113729901722701","0.00137268381197231","-0.849859961269046","0","-0.003107988647848","-0.00476698076298732","0.000987996704492716","0.00080858958296308","0.000312358038280475","-0.00222752708492128","-0.00304433983189751","-0.00134194970188655","0.00541449119053026","-0.00584947076233975","0.00139351884125162","0.001991473172818","-0.00191553925215285","0.00454145900425818","0.0075307628826916","-0.0562915534723025","-0.0995720392680077","-0.0613094293961325","-0.0834317674642708","-0.150339800929752","-0.225931197559883","-0.166551950582819","-0.398881805858966","-0.132351451484674","-0.10070760985802","-0.312598423716316","-0.237217278525872","-0.0604579690371141","-0.0980421348501466","-0.00106397416863135","0.00494012670007193","0.00369568408398385","-0.00285100275575889","-0.010930484274472","0.0347429484438728","0","0.0163120305974509","0.0456609561916661","-0.03440584943381","-0.45","-0.71","0.00443600884898387","0.00897047660909678","0.0103648132533909","0.00871100085624121","-0.0750000000000002","0.276106005","-0.3521","-0.256699999999999","-0.2541","-0.00224559430464844","0.0155980321114342","32.63999939","0.00486955773418529","-0.0184905672326376","3.44009","0.0190200000000118","0.148600000000002","-0.117899999999992","-0.0000899684109910548","0","-0.0108596704017608","-0.00446761725971623","0"
"57","2002-09-01","0.00314521864770967","0.00765647228814892","0.0081377600886734","-0.0999999999999996","-0.0189531858022383","0.0225743220385386","-0.0210534091978323","-0.0286552557603761","0.100000000000009","0.00213476650296585","0.0999999999999943","-0.00211707499417901","0","0.000442428942069029","-0.00309119256967261","-0.00265604405811626","0.00292825977908784","0.0048661896511728","-0.00263504763800526","0","0.0145987994211527","0.00307219903697042","0","-0.0425596144187961","0","0.01488861249375","0.00791560861266127","0.0383322190921662","0.0493927553295768","0.0196084713883762","0.00802296567099958","0.0203465818591679","0.00823049913651541","0.0606873537940809","0.0142001293791152","0.000695652201967434","0.0701704371013641","0.00143988505798731","-0.0176831038560659","0.00611622701743642","-0.00435256399884132","-0.0024096397201534","-0.00352319800731671","0.00322580924888261","0","0.81879542630385","-0.00138603273590299","0.00418529787160793","0.00286609128954751","0.00146384393690744","0.00100413807389241","0.000982377233659448","0.00254669100876604","-0.00200685120256668","-0.00132764877932392","-0.000153310310445178","-0.00284811078129363","-0.00538110753523098","0.0043779018078103","0.00196197810965523","0.00494927012201704","0.00636988093280839","0.0317469031097524","0.0543386338758491","0.0221767725946247","0.027411000219006","0.18154726329805","0.141268158244361","0.201628615480662","0.233327736477209","0.0490517105925701","0.0405101103118266","0.0535842461341067","0.00392927813988919","-0.0734544485491524","0.00806920804844768","0.0116587409111188","0.0146348085962944","0.008738657433284","0.0274948190731452","0.011894897503817","0.063599994555307","0","0.0104821866051878","0.0513889296533385","0.0442519394448571","-0.21","-0.0899999999999999","0.0124625572061614","-0.000118802449650346","0.0087875903808019","0.00990748422484522","0.00320000000000009","-0.266004762","-0.2462","-0.2454","-0.2044","-0.127364739309863","-0.125180917172118","39.68999863","-0.116561140478117","-0.0953879524262686","47.36563","-0.168430000000001","0.162300000000002","-0.149600000000007","0.00137801963097907","-0.00128783018442835","0.0216157516336858","-0.00149365225678277","-0.00110436234305311"
"58","2002-10-01","0.00128383456170234","-0.00430825487448949","-0.0100251466193795","0","-0.00910476699291962","0.0220759516992004","-0.034006367985195","-0.0723206615796261","0.0999999999999943","0.000584543986386521","0","-0.0044605001737672","0","0.00231954596736283","0","-0.00266311741948355","0","-0.00975617494536518","0.00263504763800526","0","0.0057803629154991","0.00306278953054573","-0.00164338574372991","0.0833816089390509","0","-0.0128906098310777","-0.01456015133133","-0.0172418064345061","0.000523697314927851","-0.0245712607305055","-0.00917437627604123","-0.0306772522470471","-0.0165293019512109","0.0149429976245399","-0.027489361497798","-0.0735731841844007","0.0199954044073598","0.00573889666901817","-0.00564973254211942","0.0300322870988747","0.00108991836402517","0.00960391535418026","0","0.00801928916661954","0.0041067819526539","0.0258694887901205","0.00415234822687616","0.00408180277000447","0.00829592201503537","0.00197573716807862","0.00171518782780866","0.00141232664143103","-0.000690881444990923","-0.000534020569117449","0.00189749417591324","0.00532614501175178","-0.00374400046532253","0.00428554356140132","0.00316071239916843","0.000595294004213604","0.00393201075729975","0.00800912034857974","-0.0206355189926963","-0.019189111552155","0.0208101935441452","0.0280582639230342","0.0043797570977393","-0.0427295986106762","-0.00123178007773372","-0.277600560155197","-0.0272000172900491","0.00430108189939027","0.107098135556367","0.0571584138399492","0.101389225880706","0.0125500791542885","0.00226713411545809","0.00289329650275616","0.000441236730660821","0.0253562098272004","0.000835073117421425","-0.0307496518666515","0","0.0106454981084028","0.0377811809815558","0.0295617201525786","-0.0799999999999992","-0.0700000000000003","0.00636299562524556","0.0105444177240024","0.00780806749042995","0.00340947753287146","-0.0247000000000002","0.217311801","0.0503","0.115399999999999","0.144","0.073397968882345","0.030008706265491","31.13999939","0.0829143961541297","0.0476082097124282","-17.20163","-0.0578399999999988","-0.106700000000004","-0.197040000000001","0.00290016319893738","0.00128783018442835","0.0372275369143247","0.00892863074430128","0.00110436234305311"
"59","2002-11-01","0.00181594879791724","-0.00292907664608499","0.00314366810296818","-0.100000000000001","-0.0112418148662483","0.025863510589919","-0.0319515998066029","-0.0578939784189023","0.100000000000009","0.00116806389534574","0","-0.00330508323676515","0","-0.00121432923240228","-0.00310077767824835","-0.00534760632659559","0.00291971010333469","0.0121804185568717","0","0.00312989300892763","0.00287769982761521","0.00305343748689069","-0.00825768523898152","0.0392207131532816","-0.0322608622182212","0.00298953884836628","0.0132452267500209","0.00173761989854082","-0.0297577749148754","0.00496278934212935","0.00459770924862912","0.0286611225318625","0.00829880281469553","-0.0417287997429394","0.00666669135818942","0.0155963057382777","-0.0461107666011467","0.00285714480077992","-0.0104414807204192","0.00736923010654866","-0.00108991836402517","0.00119402999260743","0.00352319800731671","0.00318979536810016","0.00544960476756451","-0.0322467942394766","0.00550965648665169","0.00400097771736263","0.00489719594137128","0.000615545135739417","0.00135428538339628","0.000779889164016567","0.000271512949864491","-0.00307897851966659","0.00132890716878255","0.00233926830981143","-0.00296347428252941","-0.00230438521907163","0.0030409028416839","0.000706677835710312","0.00380949757581104","0.00878501632357516","-0.0286417135220525","-0.0399434404204175","0.000110720513855966","-0.00176191251340363","0.0033363305681231","0.185647991414827","-0.00123329923134907","0.42650422822357","-0.028922248254581","0.00473240319827717","0.117783035656384","-0.00743497848751851","0.0768590055256118","0.00790517950711322","-0.00565316816396777","0.0052355078091354","-0.0110260289468023","-0.00994859423146988","0.0095217513333446","-0.123518405741128","0","0.00650706903227771","0.0333163171222104","-0.000658830224940843","0.0299999999999994","0.0200000000000005","0.00557868781609017","0.00371735833855347","0.00534252946098235","0.00546649121319653","0.00740000000000007","-0.436326087","0.0223000000000004","0.0218000000000007","0.0512999999999995","0.0326284365953251","0.0313086087311536","27.5","0.0555005710489134","0.0438841994272665","-5.01377000000002","-0.122400000000013","-0.332499999999996","-0.249739999999989","0.00151016138980866","-0.00128783018442835","-0.00764082400206862","0","0.00110314407215739"
"60","2002-12-01","-0.00103219385932896","-0.00139781962933228","-0.0260746091668844","-0.0999999999999996","-0.0124096732157124","-0.0750904513550701","-0.0196727655987043","-0.0268472500361883","-0.100000000000009","-0.00219984277350704","-0.200000000000003","-0.00128232545889695","0","-0.00199027044911126","0","0","0","0","0.0104712998672953","-0.00312989300892763","0.00286944242795251","-0.00305343748689069","-0.00165975141836494","0.0741079721537217","-0.0333364202675916","0.00792868375550704","-0.00792606527242068","0.022318522955695","0.0494577380766801","0.00862605471976696","-0.00690451534654457","-0.0111619626653701","-0.00236406729488081","0.020408871631207","0.00331675262599429","-0.0118607765531911","0.0258495814613244","0","0.0142115134609604","-0.0192741326128667","-0.00546748218213366","-0.00718565966087414","0.00933495693605124","-0.00318979536810016","0","0.0501349500227111","-0.00275097239108035","0.00821181769503276","-0.00606904538090625","0.00169963754145994","0.00159670786837023","0.00154001348574309","-0.00205017283053481","-0.00169918039080191","0.0014993267541762","0.00738377337448926","-0.00429405842514148","0.0174860290534262","0.00122018925650727","-0.00174953094431707","0.00227158802972539","0.00753060034710029","0.00765840995409306","0.00122416324906638","-0.0446883167327723","-0.0649756494416884","0.0818739395406816","-0.294596239979373","0.152680480497487","-0.432696198471492","-0.0734698484008014","-0.0851328286363149","0.027398974188114","-0.0419108956156364","-0.0496834201466463","-0.0320027310861741","-0.0019037863250464","0.00157744688604367","-0.00818942516808496","0.012314340341292","0.00886474493817929","0.151800226283044","0","0.00841934876623185","-0.00231797070035356","-0.0629302936030136","0.0899999999999999","0.17","0.0110318243621581","0.00217254882179141","-0.000384378634393556","0.0054795258582292","0.0464000000000002","0.7432","-0.0564999999999998","-0.0734000000000004","-0.0452999999999992","-0.0561134952722293","-0.0538345445917798","28.62000084","-0.0622292662694699","-0.0528970101846906","-17.38072","-0.368479999999991","-0.610799999999998","-0.287800000000004","0.00454006790715358","0.00128783018442835","0.0516682482920407","0.00148038517043414","0"
"61","2003-01-01","-0.0008193947625319","0.00446616234346564","-0.0103627870355467","0.0999999999999996","0.0205980505950709","0.0136676387286636","0.0421456214507634","0.0529925301405108","-0.200000000000003","0.0000688183882999738","0","0.00437450684261176","0","-0.00199423952642253","0","0","-0.0117303397854895","0.0144233269611043","-0.00260756340708124","0.0124612204378121","0.00571430126343841","0.00305343748689069","-0.0100167782434708","0.0350913198112703","0","-0.00494805561736911","-0.0133513331748638","-0.022318522955695","0.00868904010088123","-0.0148333992941012","-0.00115540163055528","-0.0164612770540726","-0.00831852687509116","0.00235412921903055","-0.0122155877681243","-0.0912914202094068","0.00106269935612247","0.00710735045865185","-0.00471476592370301","0.00149588659158262","-0.0110254700117078","-0.00723766730023012","-0.0128581549433679","0.0189879122446914","-0.00408441684222538","-0.0742753671640335","-0.00968875057276453","-0.00749452093059588","-0.000920619839000381","0.000267068037461019","0.000621186163351057","0.000847371814195543","0.00107376313635748","0.000552863951559887","-0.00128718736724645","-0.000251374458505455","-0.00286079493223978","-0.000360158461446454","0.00473676079015491","0.00268732920650012","0.0045112288418009","0.00759943983059151","0.0652942619490187","0.0947453675893666","0.0351492052559905","0.052903844243728","-0.136368273959722","0.167578899677924","-0.20330284453923","0.38030654847201","0.186605232662302","0.0696128343090407","-0.0993724738132036","0.234749097434517","-0.0134954814748847","0.0706175672139535","-0.00683470282732568","0.00708794397476176","-0.0223472986919966","-0.00670582235101946","0.0191064753313593","0.0958555497872053","0","0.00620173791221035","-0.0341774766537934","-0.0420131904794783","-0.109999999999999","-0.12","-0.000918359727249296","-0.000702556422455203","-0.00310178417445428","-0.000895248973806773","-0.0352000000000001","-0.590881818","-0.2042","-0.1745","-0.137600000000001","-0.0948719261015603","-0.0727073523201742","31.17000008","-0.0277974877112417","-0.0385953989550041","18.71623","-0.339089999999999","-0.654200000000003","-0.275540000000007","0.00475351528668911","-0.005161301780225","0.0611824780480847","0.00589972212718859","-0.0022075064152105"
"62","2003-02-01","0.00146019222126981","0.00597016698650243","-0.0104712998672953","0.100000000000001","0.00812187205734904","-0.02752467339009","0.0373875320716204","0.056441310904952","0.100000000000009","0.00161587025687382","0.100000000000009","0.00340100232169593","0","0.00321098653788177","0","0.00534760632659559","0.00588236990306701","0.00713439411387462","0.00260756340708124","0.00309119256967261","0.00284495213223135","-0.0122700925918151","-0.0033613477027048","-0.071458963982145","0","0.0108535845914108","0.00134318354646723","-0.0335424207686073","0.0156529325680479","-0.00249376687840197","0.0183281190043001","0.0195178255366208","0.00831852687509116","0.0192953424778226","0.00889883514212997","-0.0323814095030395","0.0186773810298551","0.00282885620047768","0.0150096626505656","-0.0181000416436179","-0.00555865800382804","-0.00607166406854986","0.0105325724998933","0.00312989300892763","0","0.00701304423547189","0.00277771825031703","0.00473719257366767","0.00546395048354853","0.00113923686143187","0.00159584608608808","0.000971520443152638","0.00159731046067266","-0.00430304300124178","0.00288006152501978","0.00267993893387182","-0.00219379047098088","0.00387753425381148","0.00263336109150234","0.0016190700910052","0.00270976889081037","0.00353667257055349","-0.0129644614362778","-0.0347520274618081","-0.00717934543673415","-0.0113948005724342","-0.0160919877745851","-0.223720862982318","-0.0424279277951447","-0.250404923898066","-0.0563311455147169","-0.00779373572562925","0.261215499263618","-0.159807676142399","0.192236013851133","-0.041995121036603","-0.0139056404024913","-0.0238382082447123","-0.0197710944862885","0.00028423436511904","-0.00520866806668785","0.0497365990810925","-0.2125","-0.0196073412966786","-0.0443680310834029","-0.0780056158673013","-0.25","-0.36","0.0141986366071123","0.0123072406356126","0.0157089123879945","0.00683033160765056","-0.2284","-0.0801581819999999","-0.2779","-0.1768","-0.0881999999999996","0.0211416656694903","0.00526452569257607","29.62999916","-0.0171498295082673","-0.0490895639359445","68.74485","-0.40955000000001","-0.394000000000005","-0.187179999999998","0.00564938086294093","-0.00259067502409316","0.0893859158054406","0.00293685967330948","0"
"63","2003-03-01","0.00152913384821396","0.0053841505093466","-0.0013166558847475","-0.100000000000001","-0.00202429218923061","-0.047628048989254","-0.00613498856751615","-0.0184620628397356","0","0.000652483753983191","0","-0.00138026246895873","0","0.000773523437652024","0","0","0.0231894449189101","0.0164516048920049","-0.00260756340708124","0","0.00566573753567745","0.0243914531241591","-0.0152674721307884","-0.037740327982847","-0.0521857531705701","-0.00294840508429761","-0.00808629743135736","-0.0534689562210224","-0.0197324894753335","-0.00375234961855053","-0.00341103230106299","0.018145659168054","0","-0.0267127736533999","0.00991743665734646","-0.0360863897744208","-0.0282825776090911","-0.00141342779714648","-0.0379552200004358","-0.00304878284935839","0","-0.00610875448832182","0.00348634867943787","-0.00312989300892763","0.00679812271382119","0.000855736868391688","0.00553264156660216","0.0112032958181523","0.00598710969066651","0.00253655283136622","0.00158144765251077","0.00116460697152069","-0.000196612465125049","-0.00169610156012494","-0.00025428574992591","0.00256615684536094","-0.00270220166430555","0.00770829318533414","0.00195610548435444","0.00258849642774262","0.0029717392266652","0.000578238665226382","-0.0175516183280156","-0.0322434271746559","0.0155552796471099","0.0208563398071","0.100371461910285","0.18408451902635","0.13533563307788","0.233273883967883","-0.0658650074702951","0.0228639886466269","-0.0350913198112703","0.0797649684688624","-0.0768713590590311","0.0311136208490685","-0.0168803895953165","-0.0401680629474935","-0.0185985816112784","-0.0226294563433198","-0.0156013314471056","-0.0681867097534021","-0.0375000000000001","0.00929448896952856","0.0499411126310836","-0.0317936148385218","0.0199999999999996","-0.0800000000000001","0.00209750864370939","-0.00342070505713643","-0.00594232805229566","0.00585584817385154","-0.0992000000000002","0.195354286","0.0764","0.1112","0.1487","-0.0133915389653687","-0.0194569490009364","29.14999962","0.00832283663826061","-0.000898897139178345","25.20571","-0.310669999999988","-0.0116999999999905","-0.0648099999999943","0.00817558170148418","0.0012961764614472","0.0880404864433087","0.00146520172732778","0.00110436234305311"
"64","2003-04-01","0.00202339395634077","0.00220052351209077","-0.00727275932907911","-0.0999999999999996","-0.0298222614626216","-0.0098040000966213","-0.00308166653740827","-0.00623054975063653","0.0999999999999943","0.000686365379221954","0","-0.00543334847550803","0","0.000220896842073159","-0.0031104224143923","-0.00267022855587884","-0.00574714225556772","-0.0140847398817394","0.00520834510713897","0.00308166653740827","0.00282087634164174","0.00300752106395574","0.00511510066677001","0.0741079721537217","0","-0.00493340911795581","0.00674311388489013","-0.00379507096855169","-0.0258813617956566","-0.0113422766039344","0.00681046900252724","-0.000999500333082715","0.00118273224904986","-0.0535221545800901","-0.0132452267500209","-0.0356226445413084","-0.0633595916831959","0.0140451747030479","0.0210534091978323","0.107038496373406","-0.00223214378394054","0.0396448313472408","0.00115942041973405","0.0109120334509827","0.00135409634772987","0.00790684302939937","0.0082417447527714","-0.00681470554557428","-0.00384582141649403","0.00165482082603886","0.000414192972084587","0.00135006949176954","-0.00270622007951886","-0.00224136879642693","0.00167496405441462","0.00318449656934577","-0.00277415073844378","0.00471554549418669","0.00255438611328407","-0.00243922566507463","0.00205119960494524","0.0116249536197366","0.0463952061920043","0.0770457904899651","-0.018430221732709","-0.0239616271828123","0.0245652244415417","0.109834081194892","-0.0472338049470888","-0.0966790067894241","0.0777248629781297","-0.0823602058138988","-0.211309093667206","-0.0979804083602032","-0.104553738687887","-0.00658619285285589","-0.00922691102495321","-0.0173046802009315","-0.0098786561742657","0.00515854856867826","-0.0056359583056117","-0.199654840787119","0","0.00805923368212724","0.0463360472567125","0.0435148135866985","-0.00999999999999979","0","0.00909364667690049","0.00744746456106427","0.00979453245495598","0.0102734151489479","-0.0103999999999997","-0.300639286","0.1572","0.142","0.129300000000001","0.0859594030769335","0.102976185329046","21.20999908","0.0779273399867488","0.10247865486817","-44.63236","-0.0715100000000035","0.20259999999999","0.0495599999999996","-0.0104960956819719","0.00258732356495095","-0.154531969814453","0.00438276815509564","-0.00220994565080268"
"65","2003-05-01","0.00095702266941089","-0.00123719859069382","-0.0093334010873054","-0.0999999999999996","-0.0115486847847821","0.0098040000966213","-0.0313505298840759","-0.0447358938413913","0.100000000000009","0.000583040400636392","0","0.0117879557520419","0","0.00187565565001968","0.0031104224143923","0","0.00287769982761521","-0.00711746776886368","0.00776200533548899","0.00307219903697042","-0.00564973254211942","0.00299850299625692","-0.0154244703256312","0","-0.0363676441708751","-0.0129419427090074","-0.0162605208717803","-0.00763362485507102","0.0109518695700714","-0.0114724011622371","-0.0286881406533883","0.000999500333082715","-0.0202992044709287","-0.00680640277672051","-0.0134230203321408","0.0241838924528839","-0.00486758298227219","-0.00279329790561356","-0.0181562560366793","-0.0520877763909882","-0.0101067676697744","-0.0262544912876566","0.00231481584845206","0.00309597770512848","-0.00406780221932568","-0.00671135159989689","-0.0082417447527714","-0.0106022212811929","-0.00818525075607823","-0.00174518240273878","0.00000598772970567999","-0.000603733660930576","-0.00309050400106904","-0.000310158658048011","-0.0026660394021424","0.000219339470526018","-0.00296253080230994","-0.0116470449133711","0.000424541228448452","-0.00256337463342","0.00245819016639804","0.0049144442279513","-0.0534240250532072","-0.0824148693079998","0.00874006153799733","0.0103396526840172","-0.0842576770328485","0.129037810874324","-0.144278119179545","0.332271742280202","-0.106533946329128","-0.00391533596960869","0.263494846837776","0.0811732900438225","0.0675581510112915","-0.00996134412967375","-0.0108307525150364","-0.0234745326555382","-0.0332955234589977","0.0085504369712126","0.0302115105882274","0.0310254611735092","0","0.0109725210459484","-0.055824794582982","-0.0109001313144468","-0.11","-0.149999999999999","0.0100639690379474","0.00372459529883784","-0.00581650255006316","0.00107412179007937","-0.0102000000000002","0.0685350000000002","-0.2386","-0.246600000000001","-0.2056","0.0400540798920188","0.0926909517853911","19.46999931","0.0496457120551161","0.0590955709513667","-62.65166","0.131069999999994","0.0457000000000107","0.11806","-0.00700500060930684","0.00129115576361993","-0.14970311557736","-0.00145878946366018","0.00110558330774957"
"66","2003-06-01","0.000354220541410655","-0.00178977124942747","-0.00402685107903533","0.199999999999999","0.00736457826220871","0.110712024415832","0.0282593373144033","0.0194180858571018","-0.100000000000009","0.00137052032690654","0.0999999999999943","-0.000105579897685892","0","0.00154202035181594","0","0.00267022855587884","0.00286944242795251","0.014184634991957","0.00257400399517227","0.00306278953054573","0.0140649294674038","0","-0.0086730812534288","0.0350913198112703","-0.0186921330121526","0.00599402394021098","0.0027285146532039","-0.0115608224010759","-0.00415801014866357","-0.00901487109621524","0.0230159757009218","0.0119167249334629","0.00721156971556081","-0.0155772032203103","-0.00677968698537867","-0.0314632694557853","-0.0197107830639327","0.00696866931609375","0.00192678286969983","0.00719945514285403","0.0112234623698493","0.00842870733505574","0.00115540163055528","0.00769826742575219","0.0148350664039407","0.0454567366809275","0.0136987850443777","0.0104690369826255","0.00533749029960084","-0.000274071313446473","0.000529381233400726","-0.000381856822471682","-0.00341368822688542","-0.00347541708695441","0.000558667568535655","0.00308493142265062","-0.00265784415137664","-0.00249195266632292","-0.0000664729669482048","-0.00156921633292334","0.0026097971604728","0.00397888583628634","-0.0403013408354465","-0.0688022644687489","-0.000475784003041824","-0.00496065700977688","-0.0379332634972886","-0.27972724716728","-0.0544652629106865","-0.409740445958566","-0.0729172671926079","-0.0153183971267676","-0.152269211727552","-0.169522459875113","-0.0462807525640061","-0.0548709058982455","0.0179662660515172","0.00164748350819455","0.0144355747627098","0.0313988439591837","0.0229026943133391","0.0669283546246322","0","0.00987047645327621","0.0262245526559717","0.0602059263205987","-0.279999999999999","-0.0600000000000001","-0.00220696357006389","0.00827285828891355","0.0164148522793486","0.0135261012589591","0.00530000000000008","-0.0340052380000002","-0.1275","-0.106999999999999","-0.0526999999999997","0.00126900346352254","0.0302303015972551","19.52000046","0.0112585980944147","0.00458019277302624","-43.50938","0.15964000000001","0.0415999999999883","0.155590000000004","-0.000914475811605848","0","-0.0210737975482707","0","0"
"67","2003-07-01","-0.000283366394642215","0.00247729276155617","-0.00674766392877491","0","0.00938974034983886","-0.0492269407651511","-0.0031007776782479","0.0190481949706944","0","-0.000513725031419554","-0.0999999999999943","-0.00731206564202491","0","-0.000550448629520695","0","0","0.00571430126343841","-0.00470589103741315","0.00256739550524632","0","0.00557104504945549","0.00597016698650332","0.0034782643763247","0","0.0186921330121526","0.00595830958363042","-0.0027285146532039","0.0115608224010759","0.00156128056695248","0.0230189191802319","0","0.00590552897404173","0.00715993512209234","0.0162958521912326","0.0268472500361883","-0.133661864279741","0.0222906898983712","0.0027739268827256","0.0114833797777241","0.0240975515790609","-0.00335383209843076","0.00835825761420139","0.00115406821810726","0.00153256734977791","0.00133779284166025","-0.0101788187243201","0","0.00621609955692826","0.00519452276062182","0.00271600529409349","0.00178526023269117","0.00306093604603393","0.00301463900425494","0.000587670318542359","0.00208754203648155","0.00269848975492057","-0.00192811985085198","0.00356348138334093","0.00411590720523452","0.00286734081246348","0.00347180175595034","0.00433360571640089","0.0603291040922933","0.0928066902133757","0.00446903151490119","0.00125225030060605","0.0726968159476122","0.192142508542768","0.207796941873164","0.219194031283727","0.0960061377819041","0.0084294536566798","0.0450236813739551","-0.194442917326299","0.0637158143861072","-0.0383280447203047","-0.00747657321323558","-0.00280680053285387","0.0030163819300037","-0.0193898055892676","-0.0221635959796197","0.0250013022054176","-0.1739","0.00883050352041082","0.0361030870437116","0.0760279697307293","0.12","0.02","0.00434535757820598","0.00523262390723822","0.00694622999090555","-0.00452948271393794","-0.1495","-0.361156936","0.253","0.2951","0.2614","0.0370956865457917","0.0704344296795227","19.48999977","0.0160935040552905","-0.0107198840966922","-6.39641999999999","0.0168599999999941","0.0156000000000063","0.161989999999989","0.000844319863793713","0","0.0193815859822744","-0.00146092063967451","-0.00221239028294118"
"68","2003-08-01","0.000991431282965749","0.000549677078565125","0.0313254537152119","-0.0999999999999996","0.00311042241439186","0.0136676387286636","-0.0219789067187754","0.0125001627642316","0","0.000821833419539786","0","-0.00736592601832964","0","0.000220215812385405","0","-0.00267022855587884","0.00284495213223135","0","0.00511510066677001","0","0.00829880281469464","0","0.027398974188114","0","0.0540672212702757","0.00197824001210556","0.00951740698689019","0.0114286958236227","0.00983190326249073","-0.00126502230658687","0.00113700978707509","0.00489477237672808","0.00237529802890712","-0.00612504166738503","-0.005534048434642","0.14365740411142","-0.00660637186592705","0.00138408326593797","-0.0328849748283915","-0.0198026272961798","-0.00112044829648994","-0.0131659591823041","0.00460300007196057","0.00305810635882153","0.0026702285558784","-0.61387818461483","0.00135952899486291","0.00322059828390486","-0.00600232562341141","0.000972190476014672","0.00154184614317728","0.00156958755859696","0.00252991766505299","-0.00204602650550859","0.00140878753905905","0.00109255451019508","-0.00222379482234419","0.00358260401171956","0.000912688825535482","0.00137263819295591","0.00237597479874908","0.000163986327590857","-0.0139239230889814","-0.0262616070700989","-0.0190760644856276","-0.0275163060614538","-0.118994886428156","-0.211936795590159","-0.209310946704379","-0.278320204783821","-0.0210923638118174","-0.00780721482134616","0.0901510969942976","0.229949605783209","0.0528969461220861","0.0488483053944835","-0.00707053349893627","-0.00680457455880223","0.000630185925697746","-0.0172481369937918","-0.0181416506293656","0.0528969461220852","-0.0760999999999998","0.0072843383718606","0.0566449972169814","0.0708654674811147","0.329999999999999","0.45","0.0112785962156678","0.00513416311566495","0.00494956990001505","0.00256938535757634","0.0322999999999998","0.212932174","0.3879","0.1962","0.0411000000000001","0.00919597868415511","0.0490262093422817","18.62999916","0.0177153561346559","0.00153849722654176","-23.42533","0.0309599999999932","0.0023000000000053","0.159649999999999","0.00228592841135025","0","0.0254595303879379","0.00437637459979889","0.00110680697519161"
"69","2003-09-01","0.00102580437356892","0.00274386233337509","0.0207799684917447","0","-0.0272839589484679","-0.051055170800284","0.0250796843970233","0.00619197024792051","0","0.000102681703921803","0","-0.00494093378973837","-0.1","-0.000991353278304352","-0.0031104224143923","0","0.00848661387731919","0.021004272770532","0.00508906950747168","0.00609757986811843","0.00275103337189009","0.00593473551981472","0.0200675630508096","-0.0350913198112703","0.0344861760711694","0.00197433430371774","-0.00135409634772987","-0.0076045993852194","-0.0113931838294432","0.0113280003052072","-0.00113700978707509","0.0106849001000162","0.00473373665019938","-0.0341882221250369","0.0165111070657931","-0.0321571116345316","-0.0372859865208062","0.00826450984989346","0.00490437471508987","0.0447001789179069","0.00223964259350495","0.0190936588155797","0.00343839880303243","0.00911860421643418","0.00531916147760025","0.593692308474828","0.00677065839091018","0.00666849191796004","0.0151916947272177","0.0016136110758056","0.00175871457853641","0.00155917309950763","0.000222713861950102","-0.00415073101420582","0.00367307889693161","0.00486033405960995","-0.00413008536250992","0.00400631485597704","0.00280127285095558","0.00134466466829243","0.00272542877695957","0.00631500409239939","-0.0157715035294963","-0.0248401977288175","0.0418077600560416","0.0593847664651204","0.037208350824038","0.349631909809655","0.0860850221294989","0.514455391816569","-0.0293469074652037","0.0300249255891174","0.144249608844547","-0.0116960397631916","-0.0141511795462437","0.0421234728112427","0.00357082749045645","-0.0116114888079794","0.00363331869789968","-0.0220574297412393","0.0112840572647971","-0.0976213127852725","0","0.00447332339658857","0.024014679096128","0.0474017115202585","0.24","0.239999999999999","0.0114036995081914","0.0032113376589411","0.00764732088148357","0.0110938008043817","0.1742","0.0126063640000003","0.1269","0.1092","0.0764999999999993","-0.0180827920494648","-0.0245058666213875","22.71999931","-0.0120162719070791","0.0302823755319261","22.7038","-0.00330999999999904","0.0456999999999965","0.160700000000006","0.00018786155357475","0","-0.0135595349150351","0.00435730536895562","-0.00110680697519161"
"70","2003-10-01","0.000353481799368893","-0.000548170494747424","-0.0103360093306621","-0.0999999999999996","-0.0171678036223657","0.0689928714869517","-0.0346491354131739","-0.0571584138399484","0","0.0000342248917686305","-0.100000000000009","-0.00724053522536838","0","-0.00242745347048157","-0.00312012733624378","-0.00536194314138516","0.00561799230422277","0.00460830308619453","0","0.0030349036951538","0","0.00589972212718859","0.00988475923254217","0.0350913198112703","0","0.0175957618903793","0.0320027310861741","0.033774317118604","0.0231670592815343","0.033233827754704","-0.00341880674878592","0.00674051661384301","0.0187139964313729","0.0410313966778624","0.0332827285119475","0.0977687457496135","0.0453227691584486","0.0013708021337786","0.00585367525146108","-0.0151413766763628","-0.00111919429701501","-0.00473934536389642","0.00342661671664768","0.00151171608532152","0.00264900817157709","0.021331279737737","0.00269535974948365","0.00551473357197274","0.00624085567035593","0.00190273864825225","0.00125630597440451","0.00223306643232094","0.00033501555442195","0.00252262435959819","-0.000842935386235964","0.00210430604511554","-0.00396619994537675","0.00448691919951433","0.00195095772456715","0.00118299612980005","0.00162369202730208","0.00547346770038444","0.047755907377983","0.0770415836424796","0.0125614147963962","0.0190982260972135","0.0315930414856886","-0.0523196237714476","0.121996164223137","-0.168290025989696","0.0632941657336534","0.0375569816433359","0.0948577934586767","0.138909063858642","0.118574488012696","0.016584128015535","0.0125974417959336","0.0085072235775373","-0.000279017858953012","-0.00826173522213391","0.0398618908446262","0.0882094786029262","0","0.00736898835742394","0.0103347793427098","-0.00113359330119778","0.36","0.420000000000001","0.0109346368509673","0.00665870932555102","0.00761655157201346","0.00156588862942186","0.1067","-0.162882016","0.255599999999999","0.1939","0.108000000000001","0.0470578522205187","0.0476919809079526","16.10000038","0.0535042607657443","0.0760768732220964","-1.3533","0.313079999999999","-0.063200000000009","0.159660000000002","0.00119701234738239","0","-0.00198469219937593","0.00289435802636451","0.00331675262599429"
"71","2003-11-01","0.00031802682294213","0.00301122592714442","-0.00651468102119335","0","-0.00325203538637719","-0.0134230203321408","0.0063897980987706","-0.013158084577511","0","-0.000102678189533023","-0.0999999999999943","-0.00980934296162594","0","-0.00143717895501716","0","0","0","-0.00460830308619453","0.0050633019565467","0.00302572091653719","0.00274348594575091","0.00293685967330948","0.00816331063916031","0","0","-0.0136587489310402","0.00131147559781031","-0.0205039801977072","-0.0383864556449041","-0.0121804185568717","-0.00917437627604123","0.0293165203173862","-0.00697677248564776","-0.0206716336314123","-0.0106158109476562","0.115805354548446","-0.0322468027607759","-0.0013708021337786","-0.028615667366557","-0.0497615095590636","-0.00448934536259493","-0.0252569047898987","0.00455063356399688","0.00150943424885419","-0.00264900817157709","-0.0347661289654271","-0.00134671175899026","-0.00184505695832371","-0.00296069516030961","0.000577774022735136","0.000505276173289585","-0.000417778365781717","0.0001654469034","-0.000583010104580656","0.000169396625916265","0.00220094139934503","-0.0039758496184745","0.00369861880548694","0.00174927022142779","0.000493370355402154","0.000798084181446893","0.00703182645275825","-0.0235233841308986","-0.0414222067105392","-0.0172308114813067","-0.020766409680915","-0.169640903100568","-0.22908533944296","-0.233140027612702","-0.17757400184482","-0.00337960490654154","-0.0151136378100478","-0.216379151225667","0.0368550923891542","-0.130522061433814","0.0270432921640911","0.00629723250825087","-0.000901591369732668","0.00639779650975347","0.00382042428463603","0.00676801443581398","-0.0294743748701407","0.2125","0.00511352573282586","-0.0182348957407434","0.0235700630016851","0.13","0.119999999999999","0.0098543600217198","0.0101429555773098","0.00977655122348686","0.0125482470999714","0.177","0.193340652","0.1799","0.157900000000001","0.0840999999999994","0.00997178260468434","-0.00206344464226227","16.31999969","0.00710321616875742","0.0232250976817787","-0.152940000000001","0.736339999999998","-0.0518999999999892","0.159700000000001","0.00460631066948009","0","0.0375824397685571","0.00432588994712191","-0.00110436234305311"
"72","2003-12-01","0.00335079586219322","0.00599538517467657","-0.00655740054615883","-0.100000000000001","-0.0186306758631307","0.0266682470821618","-0.0160517090105072","-0.0200675630508096","0.200000000000003","0.00293926866656413","0.200000000000003","-0.00769657455198836","0","0.00143717895501716","-0.00312989300892763","-0.00269179166571165","0","0.00919546709310026","0.00754720563538314","0.00301659353942529","0.00273597981887441","0","-0.00325733187030597","-0.0350913198112703","-0.0170944333593006","0","0.0130210173029655","-0.0502035919665791","0.0115669007817951","-0.00614630084869372","-0.0139213385186086","0.0383959412635209","0","-0.0147658644394744","0.00744288390707926","-0.00453515516539138","-0.0106857650804608","0.00547196987799303","-0.012084739215072","0.0483735842842155","-0.00112549252173455","0.0157102929063182","0.00226757466778071","0.0060150557297618","0","0.0801438834340207","0.00403494557681672","0.00350338307002751","0.00604039516142407","0.00157193274598084","0.00133283062912742","0.00118830610374392","-0.000784104828872872","-0.0063833146897154","0.000498292098796202","0.00373201831363038","-0.00349234506630283","0.00839049390933566","0.00347474266010599","-0.000460740361667362","0.00298993911292483","0.0131718444144503","0.0291297364144025","0.0364197828336597","0.0194075587767149","0.0242538362324503","0.230233983653141","0.125303356078184","0.298242376643936","0.102822736005357","0.0247191522206762","0.054110712362375","0.121521357766991","0.0195445960729703","0.0560894666510432","0.0304805519740956","0.0061016263626783","0.0368362511365726","-0.0125559685253188","0.0226607664100777","0.0352280091747044","0.0362061404466205","0.0375000000000001","-0.0000843089078887971","-0.0335941852306494","0.00672287962271767","-0.00999999999999979","-0.0499999999999998","0.00948967809667245","0.00955116136647582","0.0162759329696787","0.0090704542091693","0.0367999999999999","0.229407381","-0.1978","-0.169","-0.1289","0.0278835515083502","0.0155800783706699","18.30999947","0.0495189851827096","0.0506853789898147","-9.12939","0.716670000000008","0.013300000000001","0.154499999999999","0.00512607238995176","-0.00129115576361993","0.0519048340763515","0.00287356519573212","0.00110436234305311"
"73","2004-01-01","0.00137234569455913","0.00379661472994108","-0.0019756344917905","0","0.0110012110619735","-0.0633696139325899","-0.00649352931054903","-0.0136056520557784","0","0.00126191589195201","0.0999999999999943","-0.0075338269035532","-0.1","0.00429918536843044","0.00312989300892763","0.00269179166571165","0.0194180858571018","0.00228571528085642","0","0.00300752106395574","0","0.00584796988242253","0.00650408796917645","-0.0741079721537217","0.0170944333593006","0.0126892869064923","0.0393202205915442","0.124580562104438","-0.00839899950523826","0.0434326405366416","-0.0011689072049812","-0.0309678662550112","0.0196424570577554","-0.00111627918568136","0.0199272456526245","0.0918607110510674","0.0020867499001751","-0.00410116774421443","0.0319069937892431","-0.028170876966696","0.0233733511853087","0.00597730410845987","0.00339175000112046","-0.0105502108951532","0.0209981468397737","-0.018824562113255","0.0225622516754926","0.01890311793262","0.0297062452628918","0.00168546724435756","0.00136120497575373","0.00101895815680639","0.000991229868007001","0.00522166881580082","-0.00395793477065558","0.00167893508398041","-0.00305457732440987","0.000854100104145473","0.00341146459177225","0.00345415318633596","0.00215419629998405","0.00599102992377995","-0.0280458760984725","-0.0547908881412908","-0.00819411592904906","-0.0113227028126772","-0.0351814431902362","0.17127821147958","0.0310278390191225","0.190030275862656","-0.0801508365042274","-0.0650307021806391","-0.0251902488285589","0.174224346561335","-0.0183491386681958","0.0325894420989465","0.0234277047076157","0.0276092471384489","0.0140106149910822","0.0268045755172066","0.0406871822119157","0.0481350079871303","0","0.00868251513479024","-0.0548474075241074","-0.0430919289374589","-0.100000000000001","-0.0999999999999996","0.0133053409418267","0.00910731937399767","0.0272107172311973","0.012517996347766","0.0389999999999997","-0.061895238","-0.0979000000000001","-0.1085","-0.0777000000000001","-0.00923879776596159","0.0374805167623791","16.62999916","0.0171288471121338","-0.0051480117035374","-7.34496999999999","0.534610000000001","0.0677999999999912","0.117499999999993","0.00236828298377324","0.00129115576361993","0.0189390382589822","0.0156586829331955","-0.00220994565080268"
"74","2004-02-01","0.0007381760357692","0.0032428078680713","-0.00661378072203611","0","-0.0132160513915256","0.050124387182569","0","-0.0137933221323356","0","0.000408928272864983","0","-0.00792724521968857","0","0.00439030449448197","0.00312012733624378","0.00536194314138516","-0.0335226920386438","0","0.00500001041670561","0","0.0054496047675654","-0.0146845516829206","0.0112813444640398","0.037740327982847","-0.0170944333593006","-0.00291403800184931","0.0148150857851403","-0.0355909451027019","-0.00422610243350441","-0.00948998818484803","-0.0141345109349054","0.0443310940671786","-0.00114481981593251","-0.00410371775307627","-0.00207900282783324","0.0629391086886324","-0.011380775726952","0","-0.00986201286911559","0.0267810226776417","-0.00551573378530179","0.00475625153464865","-0.00452489459828964","0.00151400483121567","-0.00520834510713897","0.000202661495388945","-0.00394474965788572","-0.00373039198812464","-0.00483236457912817","0.00103531293004708","0.000843422781707676","0.000870821093707374","-0.00202037305510788","-0.000524857532416911","-0.00120179345546116","0.00377110747453303","-0.00420507112044058","0.00339207973332615","0.00139836272115845","-0.00183737309038143","0.00409350461533052","0.00462260901996357","0.0298537800974259","0.0320550524056777","0.000784579005415509","-0.00785939929788881","-0.165937946858651","-0.186820735588836","-0.425409325159444","-0.34406546224404","0.0526470102884407","0.0295159294641856","0.223143551314211","-0.323547985640277","0.103275009166804","-0.103358512987153","0.0232568621642679","0.049094167860083","0.0223820985593017","0.0271598014296188","0.023790647074232","-0.0135180687420955","0.2125","0.00954846961002431","0.00911724876822362","0.00430283802738174","-0.0499999999999998","-0.0600000000000005","0.00599104788784643","0.00704497617689093","-0.0080537213192855","0.00362990087026205","0.110300000000001","0.371462857","0.0174000000000003","0.0181000000000004","0.0285000000000002","0.0254160183507288","0.0400255160984209","14.55000019","0.0121350448776818","0.0466372966457693","1.6576","0.0760999999999967","0.0591000000000008","0.0622000000000043","0.00121364358381712","0.00128949082987173","-0.00636454111241331","0.00983844900028785","0.00110558330774957"
"75","2004-03-01","-0.000351444440251925","-0.00310748071447087","-0.00265780887352118","0","0.00992837719733419","0.0088496152769828","-0.02640417419651","0.0137933221323356","0","-0.000272600267472001","-0.0999999999999943","-0.012520607983558","0","-0.00175380950357695","0","0","0.0252467827347838","0.0158553717897938","0.00497513464011323","0.00299850299625692","0.00271370587159581","0.0204985215483413","0.0111554941717849","-0.037740327982847","0.0504308536268923","0.000972289818938599","-0.0285911333292583","0.00180995524523908","-0.00158940430810706","0.018890762469554","0.0070922283094923","-0.0508276366375764","0","0.0115221494006272","0.0246672322017965","0.0275217370542551","0.0149479614358734","0.0054644944720792","-0.0230586657509741","-0.00139178867282297","0.00881062968215485","0.00118553659410203","0","0.00903620606393751","0.0103897038491363","-0.0314929098000443","0.0104850255010067","0.00525354802173972","0.00328755655776369","-0.0000439354647994907","0.000403810764795732","0.000011386994155293","-0.00125219600710694","-0.00663606098892661","0.00220848676953891","0.00242817308200122","-0.00486766955020823","-0.000762658168693835","0.00292716098400042","-0.00259194081697127","0.00309497343152674","0.0151457451265331","0.0133097850101489","0.0116772013403441","0.0166813565617172","0.0176253931231063","0.174007755066681","0.0200887812838735","0.33826245599428","0.173932926896334","0.00459659694055148","-0.010600600169866","-0.0164612770540726","0","-0.0147216118253599","-0.0316053394153313","-0.00351407748203147","-0.022844408130352","0.00782096758937162","-0.00470127728680581","-0.0219824769423962","0.0859576788171634","0.0375000000000001","0.00469023257838863","-0.0113104150763519","-0.0378370650943971","0.00999999999999979","0.0100000000000007","0.0134962495000899","0.00565027699366816","0.00833557236537708","0.00370047398184248","0.1302","-0.183341739","-0.0603999999999996","-0.0968","-0.1005","-0.0208997351428177","-0.00167607170748951","16.73999977","-0.0164942037683247","-0.0243077962729177","48.02341","0.106700000000004","0.0422999999999973","0.0058000000000078","0.00102139538166874","0","0.00138859006820874","0.0125088496917094","0.00330943490136715"
"76","2004-04-01","0.000597382078733943","-0.000812237759559409","-0.00935835706896526","0","0","0.0174676930403903","-0.0202709643736192","-0.0563529365511313","-0.0999999999999943","0.000204457166935512","-0.100000000000009","-0.010382887502411","-0.0999999999999996","-0.000109715288935774","0","-0.00267737777071675","0.00276625349289095","-0.00902940671939412","-0.00248447332766144","0.00597016698650332","0.0054054185669079","0.00865806274311431","0.00789270079890958","0","0.0162605208717803","0.00484731923432502","0.0175004466351005","0.0232360766808482","-0.0133442065511522","0.024264621999631","-0.015430573226646","0.0230106793348117","0.00798635163264994","-0.00407332538763594","0.0230818074592252","0.0408219945202548","-0.00267419562130122","0","-0.00304723445546884","-0.00698814863392805","0.00328407520119001","-0.00237248035363002","0","0","0.00386847677792002","-0.0461380063806995","0","0.00369221698159983","0.00167125087785358","0.000442900385267903","0.0011264980622165","0.000256642598861999","-0.00138707251534444","0.00265616904079317","-0.00209657549155245","0.00200679933305224","-0.00454114785316004","-0.00345811705670346","0.00164042462491606","-0.000364466931656241","0.00191747099421765","0.00551890319362055","0.0102953178142382","0.0134313232363183","0.010029590405729","0.0114333324833726","-0.104870905464153","0.197557308571376","-0.162518929497775","0.284790668107255","0.00625603580339451","0.0340772008461894","-0.0337584799249546","0.08263226458027","-0.00637621713927583","0.0772158506673835","-0.000833475228884772","-0.00379663711252809","0.00882594656790237","-0.021345749656656","-0.0144466561937082","-0.00119012212797687","0","0.00856829950463123","-0.0236379663717088","-0.0242640795224478","0.13","0.21","0.022992397712061","0.00899243972118136","0.00897754354612523","0.00660304222868113","0.0974999999999993","-0.0125632609999999","0.2431","0.2482","0.197500000000001","0.0181770101958199","-0.00781067580930284","17.19000053","-0.0169333146133397","-0.0165398312860967","-15.18361","0.140100000000004","-0.136899999999997","-0.0396000000000072","-0.000149347923869976","0.00128783018442835","-0.00439845917520561","0.0259046523320423","0"
"77","2004-05-01","0.000140508641512938","-0.00325556445976716","0.0140048971249609","0","0.0152508402524667","-0.0174676930403903","-0.0241807981972153","-0.0369045569354514","0","0.0000340721307043879","0","-0.0159540956206934","0","-0.00175708369387806","-0.00312012733624378","-0.00268456537066841","0.00275862243907898","0.00902940671939412","0.00990107098271142","0.00297177038915741","-0.00269905696916517","0.00286944242795251","0.00783089358054756","-0.0800427076735364","0.0472528848505451","-0.0146130218456495","0.00986444497091377","0.0105449131766147","-0.0217281769146425","-0.0324854551444886","-0.00479617226349305","0.0348716602826542","-0.0114286958236232","-0.0145769727467737","-0.0446321540207686","0.0036297680505788","-0.0231763571527877","0.00814115758370004","0.0121336170114263","0.0125437184785309","0.00218340698094366","0.00710062154957569","0.00226500663085272","0.00895528372910359","0.00385356931599024","-0.0129584830186884","0.00908504477720751","0.0064069373051705","0.00777430477123175","0.00215907642726256","0.00125252769992052","0.000763588092015035","0.000526254591866699","-0.0024954321695666","-0.000149060459142664","0.00297458965840174","-0.00442636971294079","0.0100599045376068","0.00310786630874199","0.000689270641506773","0.00286800143118946","0.00853952681480727","-0.0248729916897936","-0.0406190396057191","-0.00740000205435898","-0.0119156625177688","-0.0909717782057271","-0.109441633425295","-0.138256619701025","-0.135504284280485","-0.00649743592526697","-0.000452847284993396","-0.0944521788936878","-0.08263226458027","-0.0259193775520741","-0.0980740807877929","-0.00336737787958796","0.0188000867942574","-0.00855734597536623","0.0337209346296028","-0.00719046602963336","0.111977455961676","0.2237","0.00707107133650631","-0.000268829523987435","0.0138596734380858","0.0500000000000007","0.0699999999999994","-0.0191161505277861","0.00335481581831409","-0.00283080844683248","0.00963378051707586","0.132700000000001","0.311553421","0.212599999999999","0.1548","0.1202","-0.0159945736896079","-0.0256204898204118","15.5","0.0120110281388106","0.0196893923148584","5.01179999999999","0.356099999999998","-0.223299999999995","-0.0597999999999956","0.00582222609112259","0.00257069550310085","0.0586018900492665","0.00670693325671845","0.00110071557618507"
"78","2004-06-01","-0.000210770366466662","-0.000407691790657694","-0.00797876573180556","0","-0.00977737283829505","-0.035878287664902","0.00349040493976904","-0.0700675626167166","-0.100000000000009","-0.000477115505081116","-0.0999999999999943","-0.0131380188855221","0","-0.0020905547581922","0","-0.00269179166571165","0.00275103337189009","-0.0204320388172059","0.00246002584086202","0","0.0107527917762624","0","0.0170151050059832","0.0800427076735364","0.0152674721307884","-0.00196463717416506","-0.00368777307918489","-0.00525855725346691","0.00874800548751775","0.00235571369245946","-0.0145281005629094","-0.0186258156170753","-0.00576370471674981","0.0456296960883584","0.00517331728022086","-0.012150817782512","0.0490221423645227","0.00539084863487638","0.0238342960641322","0.0137553750684853","0.00652176224638712","0.0117234636960593","-0.00113186203368354","0.00740195829566748","0.00638979809877149","0.034226171354887","0.00258070440503388","0.00337025755391807","-0.000967916429321036","0.000971974721547627","0.00126836325550492","0.000619688654104662","-0.0011078353341156","-0.00134232984347235","-0.000691911962642201","0.00316985180042529","-0.0049821118256927","0.000439877258357611","0.00242239447350503","-0.00162956016681795","0.00340969636577666","0.0135510813605538","0.00712780563918258","0.0151954480747225","0.0223749973612524","0.0265500700362065","0.0555101870636268","0.0836243909667065","0.0466697722806231","0.0596259475594909","-0.0272883252318739","0.00305274701434044","0.0639487246002739","-0.14051128673394","0.051183879211556","0.0208582301204094","0.0126333780366945","0.00691456627684173","0.0104195439064309","-0.00388161356207029","0.022074974564637","-0.0657281202764657","0.1968","0.00951553298098773","-0.0450828794011127","-0.0909921383054151","0.3","0.34","0.0259093518363205","0.0144215979278037","0.0159161967312222","0.00949309094657735","0.262799999999999","0.159795215000001","0.1478","0.0882000000000005","0.0126999999999997","0.0121432039491376","0.0363823614560008","14.34000015","0.0178291112616815","0.0156009408124391","-15.00453","0.0600000000000023","-0.150900000000007","-0.056200000000004","0.00322075474135001","-0.00128452169235604","0.021928439524135","0.00533334597536239","-0.00220264406234172"
"79","2004-07-01","0.000561955620295151","-0.000271886896726414","0.0230957147946498","-0.0999999999999996","0","-0.0137933221323356","-0.0500104205746617","-0.0327898228229913","0","0.0000681732965457371","0","-0.0124756563730752","-0.1","0.00110083674701311","0","0","0.00274348594575091","0.00685716972613726","0.00734397425575928","0.00591717702808836","0","0.00571430126343841","0.00306278953054573","0","0.0150378773645405","-0.00394089179987667","0.0122400548945025","0.0345457495252557","-0.013702598612201","-0.00708385488840513","0.0048661896511728","0.00979963298880371","0","-0.0072202479734873","-0.0208558132808383","0.00487805845343292","-0.0175494413297894","0.00134318354646723","-0.0158262452607891","-0.00960885910663745","0.00108283713883139","-0.00467290569939216","0.00226244440396872","0.00147383961830094","0.00127307464679749","-0.0247905582666172","0.00128774439257917","-0.00145436893712514","-0.00142091132189748","0.00124609887589924","0.000974957084719155","0.00153210435274264","-0.000592640600499581","-0.00429176921559824","-0.000367984657859141","0.00319626043259518","-0.00470940666800043","0.00323927787306208","0.00399145110754204","-0.000974257301321387","0.00389736570661911","0.0134041439577282","0.0147126032642326","0.0258623612278246","0.0198529794945603","0.0223355185333176","0.0109777100050774","0.177756347481006","0.0340063679851959","-0.0268172495111765","0.046181629058843","0.0188990808150109","0.10092591858996","0.230016430601972","0.0427328495859678","0.0665433907766113","0.000925576455448329","-0.0175614269299471","-0.00179563111459807","0.00868191744840008","0.00839150521405785","0.0828811995027148","0.0795000000000003","0.0104601194672664","-0.0166915747769369","-0.110674860861307","0.00999999999999979","0.0100000000000007","0.00941705893319167","0.00515620897801838","0.000447646378258781","0.00556772502124225","0.0673000000000004","0.0994863639999997","-0.0855999999999995","-0.0917000000000003","-0.0798999999999994","-0.0165037180733751","-0.0413670283181204","15.31999969","-0.0348922347352065","-0.0238105959949979","16.08009","-0.0623000000000076","-0.0328999999999979","-0.031800000000004","0.00140937297270514","0.00256739550524543","-0.012936717580744","0.0378388258898461","0.00220264406234172"
"80","2004-08-01","0.0013333803161526","-0.00176906897875817","-0.0124714448744205","0","-0.00109229939860889","-0.0329441557193544","0.0145457110023788","0.0408219945202557","0.100000000000009","0.00143056668015973","0","-0.00227422445258796","0","0.00329525781489526","0","0.00269179166571165","0.0054644944720792","0.00681046900252635","0.00243605479788034","0.00294551022975753","0.00533334597536239","0.0085106896679088","0","0.037740327982847","-0.0303053494953289","-0.0149182279372191","-0.0258794479878208","-0.0240561428542359","-0.0285493781067192","0.00708385488840513","-0.0258158159627104","-0.0151856424183743","-0.0127983131433096","-0.0418037564840938","0.0177550356025904","-0.0184167267862314","-0.0471243938816182","0","-0.0500871165136489","0.0123373737598413","0.00324149392417095","-0.00117164629689093","0","0.00147167061145659","0.00254129742867271","-0.425225215608442","0","0.00293570305476898","-0.00352902733408378","0.000948795190091335","0.00108004993370366","0.000335116849570064","-0.00101744330869984","-0.00102873612208242","-0.000898689191109699","0.00247562210970077","-0.00509097078466952","0.00148696622547493","0.00246570829670402","-0.00059128156739415","0.00398869023712188","0.00634352705727866","-0.00556160230142666","-0.0135587811964033","-0.00709458124406837","-0.0129832687918316","0.0444389332584194","-0.277159523385244","-0.0477268998481026","-0.314850378224718","0.00519849941982642","0.013861608086625","0.131028262406405","-0.0172715865086603","0.0467010930459812","-0.0416270395120772","-0.007071571228356","-0.019714048542228","-0.00600883100515498","-0.00390480611802513","-0.0116251820884615","0.111776311078875","0.2143","0.0052458170852212","-0.0390233937074083","-0.0672239734710107","-0.04","-0.0600000000000005","0.0147242627832824","0.0114575227162526","0.0122464912053513","0.012096183105049","0.106","0.167735714","-0.111000000000001","-0.1012","-0.114400000000001","0.00997190569841333","0.0105361159008748","15.28999996","0.00228473783819005","0.0113493871743722","-38.58299","0.0387999999999948","-0.00719999999999743","0.0131000000000085","0.00609310792033745","0.00383877630716611","0.0566051213742786","0.0127228179279681","0.00109950533341685"
"81","2004-09-01","0.000911289537672388","-0.0040944509227927","0.00263852395818098","0","-0.00547946576462532","0.00477327875265754","-0.00361664047018895","0.0237165266173154","0","0.000680503598905702","0","-0.00191915616059557","0","0.00448602973450996","0.00312012733624378","0.00268456537066841","0.00543479598595642","-0.0182653479772927","0.00243013485329246","0","0.00794706169253168","0.00563381771825622","0","-0.037740327982847","-0.0155041865359653","-0.00301053915287142","0.00498133035020398","0.00347222571074912","-0.0675337272591907","0.00469484430420763","0.0185076226559859","0.00538600942957057","0.00816331063916031","-0.091727636140428","0.00516263407880668","-0.0475827149910151","-0.109734779956083","0.00535476513766042","0.022798914964806","0","0.00537924911973686","0.00584455199628309","0.00112930559715174","0.00732604009207272","0.0050633019565467","0.419757697054425","0.00769240401373139","0.00506982227959263","0.00774765979822689","-0.000794596192626829","0.000802688909104489","-0.000312442933159731","-0.000875138517857506","-0.00271701568860074","-0.00130511323020315","0.00141560196458526","-0.00440337556639137","0.00202999725221501","0.00190415360925763","-0.0011429721656894","0.00126738996077364","0.0118455621168899","0.0160964499593632","0.014435743455536","-0.0028211657294559","-0.00527686766957558","-0.199918320744067","0.10643102327794","-0.327795851644984","0.236552090031278","0.0167108767460373","-0.0323092216253436","-0.135036283803943","-0.0722335573593718","-0.0328531961871876","-0.00673403218134361","-0.0170857369542086","-0.034164086639778","-0.017360022582096","-0.0178335021259812","-0.0162713202994108","0.010705245359063","0.0357000000000003","0.00558934524016585","-0.0594944575648135","-0.0719783170704087","-0.0499999999999998","-0.14","0.00426024660801794","0.00800704539958907","-0.00173769272387148","0.00131106001338743","-0.0160999999999998","0.101455195","-0.1254","-0.0962000000000005","-0.0638999999999994","0.025628588011906","0.0294282176786087","13.34000015","0.0093203063814542","0.023545085070972","12.25437","-0.159999999999997","0.047300000000007","0.0578999999999894","0.00551282793349451","0.00255102179160538","0.0403566053595583","0.00630121807672879","0.00329128108407328"
"82","2004-10-01","0.00290357203171254","-0.00177948168235353","-0.0206330114954199","0","-0.00550965581096996","0.0188684843043827","0.0390813500424718","0.0532445145188127","0.0999999999999943","0.00278523328045033","0.0999999999999943","-0.00168228830831207","0","0.00359614619557913","0.0031104224143923","0.00267737777071675","0.00809721023261911","-0.00230680609791545","0.00484262447578754","0.00586511945239732","0.00263504763800526","0.0111733005981254","0.00609757986811843","0","-0.0157483569681389","0","0.0184620628397356","0.0340748468845025","0.0204456911602895","-0.0129642357867148","-0.00613122705493652","0.0212585507928749","-0.00232558244347469","0.0540018382894418","-0.0282003021458239","0.0262919921821334","0.0674037600183981","0.00532624428267336","0.00714653373407348","0.00136147059832048","0","0.00116482249629346","0.0101067676697744","0.00436999967111795","0","0.0127949506778329","-0.00640620133555814","0.00692448813549795","-0.00702501343805828","0.00314575793568274","0.00213979866831661","0.00206222134351926","0.00259024910054001","-0.00244376141482149","0.00401278087649034","0.00331166076659547","-0.00439176419427562","0.0048797689368509","0.00398449587192117","0.00314890690171026","0.00246072085944016","0.00850344271969327","-0.00537177839387937","-0.0209937290832283","0.0127344743187994","0.0184014892074202","0.0657012368554097","-0.135409014021908","0.28602140226664","0.0466591809217283","-0.0181259713218029","0.0569138943665148","-0.0121213605323449","0.08263226458027","-0.042132610697375","-0.00225479238708903","-0.00860555169566446","-0.0252900643465978","-0.0151731310247263","-0.00394856017029621","0.0079473561375758","0.141772801689381","0","0.00659144269993206","-0.029399432387601","-0.00244254076091721","-0.11","-0.04","0.0106840886834032","0.00764584342034169","0.00977581703362418","0.00788398447256355","-0.0462000000000007","-0.00169328999999951","-0.1837","-0.1426","-0.0838000000000001","0.0113759659423236","0.0083711275847449","16.27000046","0.0139169519998088","0.0283749384838985","30.4047","-0.116699999999994","0.183299999999988","0.0882000000000005","0.0121322978500022","0.00887767403201689","0.119217571559448","0.0149628726767128","0.00218818468055293"
"83","2004-11-01","0.00160558498715346","-0.00027404768601258","0.0133602521663407","0","0.0153511786557612","0.054558984250435","-0.028270433938256","-0.0300774552372784","0","0.00189766237903122","0.100000000000009","-0.00240818900248296","0","0.00401672363314276","0","0.00267022855587884","0","0.0183071474443564","0","0.00291971010333469","0.00262812240626964","-0.00278164296187722","0.00606062461169099","-0.0392207131532816","0","0.00701054448621719","0.0109158148769959","0.0248151691197238","0","0.0106195688274608","0.00857323071048821","-0.0311551677797954","0.00811598657817925","0.0232658807606132","0.00633581844908537","-0.0479677176611739","0.0305076090238865","0.00132714020806279","0.0221337003460098","-0.00136147059832048","-0.00322407587175277","0.00116346726329741","-0.00560225554866989","0.00290275965796205","-0.00379507096855125","0.0204893624994877","0.00384871182003099","-0.00364393349344816","0.00538921651183699","0.00308727693460273","0.00207270015421181","0.00193471248013977","0.00127890931965067","-0.00241208165079933","-0.000969006683942583","0.00490840581922714","-0.00471957568033969","0.0093617561911833","0.0031337558773279","0.000958019766691831","0.00413383265017837","0.00606544437220029","0.0251667193245186","0.0309805110238148","-0.00104022640645063","-0.00176834705674267","0.065587035166768","0.217716220493923","-0.0173237078974564","0.264026327154982","0.0225200579478404","-0.030961555173727","0.0280579527951579","0.182321556793955","0.0557913596284152","0.0864468836074366","-0.00053367858497122","-0.0121922775078145","-0.0100119031395706","-0.00909570185106112","0.0293464934362471","-0.143858308180403","0","0.00953829882691259","-0.127935115034694","-0.160121957249975","-0.19","-0.23","0.0106356545572144","0.0103315776427468","0.0108055389983779","0.00602047534717087","-0.0170999999999992","0.011034199","-0.0720999999999998","-0.0780000000000003","-0.0897000000000006","0.0204837580607551","0.0396355686835008","13.23999977","0.0378687768126449","0.0555699096409761","7.93685000000001","-0.184200000000004","0.205500000000001","0.0847000000000122","0.00457798956477765","-0.00379507096855125","0.0321490021926122","0.00493828164058208","0.00109229939860889"
"84","2004-12-01","0.00184672259316621","-0.00013705201145342","-0.00532270052389805","0","0.00542594928599716","-0.0269074529199242","0.00714288751238001","0.0151518050206025","0.0999999999999943","0.00172510063584852","0.0999999999999943","-0.00410727806204036","0","0.0012992639333147","0","-0.00267022855587884","0.00268456537066974","-0.0114026320978118","0.00241254640538369","0.00870832789178522","0","0.00278164296187722","-0.00151171608532241","-0.0408219945202548","0","-0.00500251168297172","0.00481348703154794","0.00651468102119424","-0.0234879813072135","-0.0153758203621095","0.00607904607638154","0.0125787822068597","-0.00231213975837896","-0.0240508101572718","-0.0245084190287317","-0.0559873163879177","-0.0269643616383552","0.00132538124106851","0.0138342127295488","0.0188939493599616","-0.00431500130141327","0.00695251931488183","0.00112296474462426","0","-0.00635730049546623","-0.0271733990330025","-0.00642265889078342","-0.00858491068000333","-0.0164930449856158","0.00273186829470937","0.0024201621403318","0.00220541553000797","0.00166358761302372","0.00132838176999599","0.0020944271278021","0.0049068426744656","-0.0050831752615655","0.00724100661632171","0.00351036249734114","0.00145115877591231","0.00615421491045981","0.00476972982589947","0.0322938033688587","0.0465456568375462","0.0210988888628769","0.0255469852609949","0.227005491909457","-0.0419872346467223","0.36481533976828","-0.152431631606922","0.0444567790877155","0.0531003467757269","-0.144317758911019","-0.109199291964992","-0.00388350002639726","-0.0272839589484679","0.0150248423064223","0.0548166240880676","0.00626917628650675","0.0276875695614809","0.0354860614135426","-0.0849258704986084","0","0.00519461635057539","0.0761105972614455","0.126544078667299","-0.12","0.0100000000000007","0.00582621042041609","0.0044618399301104","0.00659965982820232","0.00691873872853854","-0.0135000000000005","0.0210277059999999","-0.1501","-0.1587","-0.1183","0.0275629689105115","0.0532010293973695","13.28999996","0.0319425735028656","0.018410557460999","-44.60335","-0.0570999999999913","0.111800000000002","0.0559999999999974","-0.00218814853341268","0.00126662461519267","-0.0256505085267308","0.00368777307918489","0"
"85","2005-01-01","0.00236439609453143","-0.00164609090666801","0.00199933422148213","0.0999999999999996","0.00108166587074088","0.0180185055026776","0.0587388171716592","0.0584107621564147","0.100000000000009","0.00256522907064038","0.100000000000009","-0.00290944562125617","0","0.00237760838256396","0","0","0.0159577854386104","0.038249882134","0","0","0.0078431774610257","0","-0.00911860421643418","0","-0.0487901641694322","0.00600001800009764","-0.0145105327144144","-0.0397403286495139","-0.0265529647638711","0.0177204873213634","0.015634714147402","0.0176995770994015","0.0103627870355467","-0.0122458571591251","0.0380998462322708","-0.0765959392546067","-0.0096931292056599","0.00791560861266127","-0.0380045736573615","0.0145987994211527","0.00323799527377489","0.00115406821810726","0.0033613477027048","0.0115275051710668","0.00254777207879808","0.0113449955508322","0.00770227816908253","0.00360951960430533","0.00553185979136472","0.00181496429816188","0.00172452510870707","0.00250308561706545","0.000962945587862227","-0.000949179540623422","0.000747838838348492","0.00325175877270667","-0.00454554128792337","-0.00922939034707981","0.000693883838127136","-0.00223280390900764","0.00194307439101184","0.00477472385907235","-0.0517229416198326","-0.0766313932848419","-0.0208450753129465","-0.0267158096631022","-0.167733231593127","-0.0844667168552515","-0.214375838060899","-0.191880955184611","-0.0682757685519544","-0.0177777784679645","0.160004355078719","-0.126232090142911","-0.0642791514045653","-0.0357374251489135","-0.0134856583703371","-0.0223674858995081","-0.00487262553931106","-0.0317834488788753","-0.0268687789831815","0.116884764767328","0","0.0100803112585464","0.0143745113192715","-0.0210638650833683","-0.17","-0.0800000000000001","0.011508808216929","0.0107115086499316","0.0117364324835894","0.0138938366683359","0.00250000000000039","-0.00188452400000028","-0.00150000000000006","0.0103","0.0281000000000002","0.0125600000590982","0.0325350103074857","12.81999969","-0.0256157673436119","-0.024623546125913","-24.38835","0.0356999999999914","0.122200000000007","0.0198999999999927","-0.00253467095797365","0.00252844635335858","-0.05601004320099","0.0242436116099931","0.00218102594635994"
"86","2005-02-01","-0.00017366236606442","-0.000549299656768198","-0.0242599498774831","-0.0999999999999996","-0.0218587938124992","-0.0410080237273771","-0.0067340321813445","-0.0215062052209634","-0.100000000000009","-0.00138305609929468","-0.200000000000003","-0.00243102101006087","-0.1","-0.00281050882222544","0","-0.00267737777071675","-0.0213341424749913","-0.0336732151065879","0.0024067400305654","0.0028860048891346","0","-0.00557104504945549","-0.0200469319452905","0.0800427076735364","0","-0.00399600931338195","0.00243309122464108","-0.00677968698537956","-0.00564795978950361","-0.0141511795462428","0.0047619137602446","0.00437637459979889","-0.00229357898709992","-0.0144117786613034","-0.0167543186120476","-0.079663704447472","-0.0120857260706488","-0.00131492458130911","0.00609757986811843","0.0117879557520419","0.00322754449086649","0.00689657905906049","0.00335008688528138","-0.00286944242795251","0.00127145598819656","-0.0738329315847528","-0.00384378061265966","0.000743834015823452","-0.00158217724486676","0.000920965492093408","0.00126917315319679","-0.000505823983453293","-0.00332000358782531","-0.00306781995347918","-0.00279614223784308","0.00357040849755924","-0.00485319230435219","0.00715821732070591","0.00116731396759401","-0.000717173329844889","0.00261034062450441","0.00361907431958212","-0.00678910588126591","-0.0115140248364121","-0.0161947895042083","-0.0250479579947136","-0.242198594872898","-0.0256384699584835","-0.258685298172577","-0.150778706137","-0.00735297430525961","-0.0835246701256409","-0.155448538542858","0.0803223888388329","-0.0402170599643661","0.0153175861401706","0.00915298335315029","0.0179338340956569","0.0116546584551222","0.0210741812766706","0.00568621168074701","0.0215587858545723","0","0.00628009456820422","-0.0141683662507575","0.0541548379422387","0.0499999999999998","0.0800000000000001","0.00675935397581107","0.00397126395354697","0.00239308166752039","0.00665150996859865","0.0180999999999996","0.0560999999999998","0.1066","0.0465","0.0188999999999995","0.0219751628512936","0.0121774855833561","12.07999992","0.0187268980032282","0.0513499674995335","16.03046","-0.221999999999994","0.143499999999989","-0.017799999999994","0.00399579134343473","0.00252206943271016","0.0266985670467483","0.00477898161635082","0"
"87","2005-03-01","-0.00104260800436506","0.000961076479551792","-0.0151205629938254","0","0.0022075064152105","-0.00466201310581127","0.0067340321813445","-0.0369045569354514","-0.199999999999989","-0.00108078908115949","-0.100000000000009","0.0101708105238476","0.1","-0.000216520516164387","0","0","0.0133870807824596","0.0136056520557784","0.00718565966087414","0.00287769982761521","0.012936791030719","0.0083449719321802","-0.00625002034517141","0","-0.0339015516756813","-0.0161456585013875","-0.00731710581706668","-0.0154244703256312","-0.00758057957367786","-0.0252569047898987","-0.0216094843328554","-0.0202918299056982","-0.0197107830639327","0.00843209171859094","-0.0289254231429918","-0.0257810536601744","0.00720369847334101","0","-0.00101368483084663","-0.0480092191863601","-0.00646553976464137","-0.0208340869028421","0.00111420624340397","0.00143575042610422","-0.0102172025466549","0.0274682207937387","-0.00773194080276074","-0.00255210454872667","-0.00095696887669483","0.00250926975567452","0.00226802925719929","0.00252198127946294","0.00243341712470264","-0.000993216460272269","0.0022839131452113","0.0036193034460422","-0.00435794237004885","0.00165654589107579","0.00332413098017107","0.00329556442315732","0.0029146770221299","0.00528104548835454","0.0209262750426316","0.0273084969204653","0.0393486753163348","0.0491033186497098","0.217392015674617","-0.113879525351979","0.17158574164936","-0.0413437309937965","0.0305948964097258","0.135836337750098","0.139761942375158","-0.0203396842371228","0.0868313751891261","-0.0275196232803765","0.000881502374737941","-0.00914228313267962","-0.00407754806637656","0.0120951958880404","0.0109094865760576","0.154904259365558","0","0.00789572103167302","0.0276471118562913","0.0609315227941742","0.0300000000000002","0.13","0.0118184517258104","0.0111040007191967","0.00962509890888086","0.0122214428489276","0.0968999999999998","-0.0541916669999996","0.1993","0.2076","0.2193","-0.01523491374871","-0.0171716826660262","14.02000046","-0.0193027611135088","-0.0245177509143812","6.47771","-0.589740000000006","0.061000000000007","-0.045100000000005","0.00456077374393231","0.00377121754307908","0.0536133249609964","-0.00119260598512394","0.00217627942259568"
"88","2005-04-01","0.000729939725488293","0.00547421648968083","0.000692281093761515","0.0999999999999996","0.0120549405053545","0","0.0199342149008173","0.0441248049089378","0","0.00121580562089108","0","0.0122127954731823","0","-0.000649842977488824","-0.0031104224143923","-0.00268456537066841","0.00794706169253168","0","0.00238379135527644","0.00286944242795251","0.00512821636691996","0.00827590930386002","0.00625002034517141","0.037740327982847","-0.0350913198112695","0.026105900206443","0.0325133997359544","0.0488724043931716","0.00632113356337083","0.0252569047898987","0.0415983920747838","0.0358900664360222","0.0311264321476097","0.00518445827257352","0.0172418064345061","-0.0187080286098666","0.00617988631290789","0.00916836808687904","0.0230586657509741","0.0838186718830709","0.00861146333491813","0.0378702740554093","0.00665929208997706","0.00429492428288114","0.00894574655845837","0.0135992344891163","0.00901484333513469","0.00304173608794045","-0.00405539212982653","0.000481748652199711","0.00127369528952064","0.00158478994153248","-0.00130841820165718","-0.00247905437476577","0.00414564313547155","0.00208843905896161","-0.00464700500765528","-0.000438880227789293","0.001722221145367","-0.000952483335740052","0.00326847067292283","0.00516464203662397","0.0369157556829833","0.0506790552486933","0.0288167752939081","0.0351485826477056","-0.130199166948712","0.147718496846783","-0.0426976501702754","0.189585974134888","0.0936085165960456","0.0345493407406305","-0.0996674851732804","0.24750199514625","-0.0240492552326703","0.0997645301537053","0.00967794142194833","0.0107218936816341","0.0145747114518878","0.0140133668818496","-0.00620434189614061","-0.0232435687996504","0","0.00289471488189008","0.0555059457633984","0.0705714450810504","-0.0499999999999998","-0.04","0.00729934458383319","0.0126591951495527","0.00978237367922752","0.00641449878759737","-0.0442","0.0506619050000001","-0.1945","-0.1742","-0.1406","-0.0249993164859603","-0.0579696897121647","15.31000042","-0.0203135112945025","-0.0122087710164749","7.62389","-0.669870000000003","-0.106800000000007","-0.0627999999999957","0.00592125408665001","0.00250626697605938","0.0570497382249506","0.0047619137602446","-0.00217627942259568"
"89","2005-05-01","0.000764127715969565","0.000818553933836341","0.00345423486808727","0","-0.00765449336053248","0","0.0291754891339311","0.0283706971292155","0","0.000809716643429326","0","0.0162893120179293","0","-0.000108348231321109","0","0","0.00263504763800526","0.0067340321813445","0","0","0.0202538569044979","0.00547946576462532","0","-0.037740327982847","-0.0363676441708751","-0.00596423239167354","-0.0227691082612766","-0.014913283850718","-0.0158783901267778","-0.00237812240496815","0","-0.0466428582122846","-0.00683373957856492","-0.00838830562663428","0.00213447252863208","-0.0447639455125719","-0.00846634819421244","-0.00391901220073532","-0.0230586657509741","-0.0215881399736348","-0.00322061470004176","-0.0124647506199871","-0.00332410278383932","0","-0.00510205188389534","-0.0301040194550506","-0.00772210449383071","-0.00598073849286429","-0.010565111881915","0.00214876610148426","0.0017587422361475","0.000780049108930973","-0.000611406628643262","-0.00510007924802893","0.004884268043034","0.00551010713510246","-0.00471712361787455","0.00633027565435176","0.000940576979490813","-0.00191336932758221","0.00363571922971685","0.00453745245646681","-0.0044533529670101","-0.0150505570676334","-0.0195607638091104","-0.0273943349815298","0.0829557032174897","0.0341939065966361","0.123472690355487","0.178610977397419","-0.0239385865946087","-0.032838476337","-0.040094457201878","-0.264773581654911","-0.058471768455334","-0.10088122485378","-0.0102592495598461","-0.00676285589149939","-0.00280217522662052","-0.0281034902134394","-0.0225088173732348","-0.0642815508162289","0","0.00570586784881932","-0.041639193149912","-0.0372665043817904","-0.180000000000001","-0.25","0.0111243385523778","0.0136298365030978","0.0141458316467009","0.0158093176056493","-0.0505999999999993","-0.104645238000001","-0.2274","-0.2045","-0.1773","0.0353696594889765","0.0556951471133029","13.28999996","0.029512244131098","-0.00784753936535276","10.36223","-0.455069999999992","-0.176699999999997","-0.0670000000000073","-0.00649803721779167","0.00125078190165251","-0.0796554897377793","-0.0107463720754843","0.00108873173519708"
"90","2005-06-01","0.00183845898773782","0.000272702483282927","0.0157375810480103","-0.0999999999999996","-0.0110376396516205","0.0139213385186086","-0.0226180885877723","-0.0140847398817385","0.0999999999999943","0.00131439278819023","0","0.0105981309918235","0.1","0.00238095350574241","0","0","0","-0.00448431244732905","0.00475060275859818","0.00571430126343841","-0.0151518050206025","0.00272851465320478","-0.0141178815457854","-0.167054084663166","-0.0186921330121526","0.00794443105853571","0.0120483385161751","0.024733330031693","-0.0102961012522638","0.0362400850151436","-0.00349854584251386","0.00896866998276025","0.0147478566345551","-0.0309597028200752","0.0407367030365586","0.00804653425121415","-0.0352782007686443","0.00782272568120934","0.00404858852600043","0.0114870439871311","0.00749869609111986","0.00795007026546113","0.00110926245428633","0.00711746776886368","0.0063735078720919","0.00598036165852633","0.00386844879761306","0.00924650848007502","0.0112018959573064","0.000897565439270454","0.0013717104780232","0.00150482076000626","-0.0000349497315248754","-0.00290588112736429","-0.000691009756078235","0.00187423937274113","-0.00392064672410073","-0.00107758398716536","0.00158771977258477","0.00146997223890915","0.00260227400770512","0.00242824460472732","0.0353243017098031","0.059689684856572","0.0120153833919279","0.0191097280711485","-0.134494151440299","-0.0251604214989687","-0.25110528888874","-0.381329623859588","0.106339900230624","0.0177401503106793","0.11170398958","0.0962599978272909","0.066552620509273","0.0437228110138319","0.00702431974069473","-0.0319870185460475","0.0230704004633143","-0.000344006648791861","-0.0195555977177161","0.110792804935204","0","0.00619729261009105","0.00411797483398146","-0.00175333019134527","-0.13","-0.140000000000001","0.00947744374733439","0.00629579280318104","0.00984275676057322","0.002926420463222","-0.0514000000000001","0.0856454550000008","-0.1482","-0.1326","-0.1048","0.0304651374968916","0.0351345107366186","12.03999996","-0.000142724410410189","0.0111919946234948","-0.0259400000000056","-0.121070000000003","-0.109799999999993","-0.0467000000000013","0.0026029521861451","0.00374298627883451","0.0462650226548842","0.00717706430036369","-0.00217865009922225"
"91","2005-07-01","0.00176589786372006","-0.00327734828376691","-0.00135869586119242","0","-0.0111608301375288","0.0625203569813335","-0.0264916154469761","-0.0215062052209634","0","0.00158171969236776","0.100000000000009","0.00404648219637416","0","-0.000324341859159638","-0.00312012733624378","-0.00269179166571165","0.0078637364602141","0.0089486055760144","0.00236686501026551","0.00568183346743112","0.00507615303186082","0.00814115758369915","-0.0143200537747479","0","-0.0190481949706944","-0.0119404403719177","0.00239234563861945","0","-0.0275427246375823","-0.0267613410605998","-0.0011689072049812","-0.011675031580503","-0.0101868453069924","-0.0409599160431275","-0.0375435124574031","0.00621395696794291","-0.0450370533076034","0.00904983551991734","0.0120483385161743","0.0163628572104804","-0.00320684400957916","0.0067644000885414","0.00221484032955299","0.0126851595273161","-0.00127145598819656","-0.0163897316276618","0","0.00163886084318854","-0.00167544876308945","0.00488541897388182","0.00312142872039205","0.00273233637205835","0.00182339041755757","0.00438184355094049","-0.0015191943319449","0.0063922267637677","-0.00399393718269698","0.0148907284947148","0.00400456044716056","0.0044093544092732","0.00397768479153668","0.00334527133519357","-0.0260666998846766","-0.0373848643414192","-0.00320949507171342","0.00053873869110177","0.0235386430211353","-0.109499097093904","0.0824526958260483","0.210308815728845","-0.0336712257634986","0.0522510495617947","-0.125434182391903","-0.131724707399574","-0.0644043919709834","-0.0651804383522956","-0.0290238749992868","-0.0507543108135011","-0.0274602833619368","-0.00836686354370553","-0.037552047291745","0.056688099845573","0","0.00268873456100849","0.0501247835183651","0.0412134860530156","-0.0800000000000001","-0.18","0.0105868353604706","0.0109709527176083","0.0120869270916568","0.0115595838831197","-0.1835","-0.0388621220000003","-0.0115999999999996","0.0164","0.0321999999999996","0.0325029108148005","0.0315777614223727","11.56999969","0.0353365325519874","0.00720829658987521","-14.33113","0.18647","0.00820000000000221","-0.0181999999999931","0.00992298452739589","0.00496895432318745","0.0754758763449643","-0.00958091161175822","0.00435256399884132"
"92","2005-08-01","0.000760798183115696","-0.00109484067320587","0.00677509366636109","0","0.0155905162291168","0.0465200156348935","-0.027212563524885","-0.029413885206294","0","0.00134417655832841","0","0.00172920672519439","0","0.00506930924338533","0.00623054975063608","0.00537635703638006","0.00780238028418534","0.0110743102990938","0.00706716722309331","0.00564973254211942","0.00252844635335858","0.0107527917762624","-0.00321027563024856","0","-0.0194180858571018","-0.00804024431856565","0.0212773984472854","0.0661658607969473","-0.0420971866648907","0.00353149278147136","-0.0129489743408033","-0.00271370587159581","-0.00227790531299465","-0.0700710387072965","-0.0171494020729543","-0.0115711126371858","-0.0869469502267304","0.00128617381074481","0","0.0331522073168999","-0.0064447054426422","0.0089486055760144","-0.00110680697519161","0.00139958035442245","-0.00766287274556898","-0.2272794658563","-0.00128774439257917","-0.00727203622000516","0.000739780615978347","0.000887268166233468","0.00131607028949886","0.000229723444426289","0.000190188320428238","-0.00571100638232644","-0.00323357174666782","0.00358406687144057","-0.00428553825043439","0.00850208403274078","0.00130127919915677","0.0000435227775099916","0.00206596782544605","0.00316805715938002","0.0112756829364109","0.0244970500358228","0.0168079300966113","0.0263111879168534","-0.240571306702545","0.10137264153688","-0.385730447915932","0.0676056463448829","0.0371504986267457","0.0133180082556557","0.359895558638774","0.0830927585615369","0.180173328255665","0.0967620104025944","0.0089047550023027","0.00840868116790261","0.00308864654065066","0.0126458688728155","0.0244850322863499","0.106437821108581","-0.2159","0.005277168159596","0.0473711850807916","0.0417054072275445","0.00999999999999979","-0.0300000000000002","0.00737175154301539","-0.00301526112827055","-0.00618765402244037","0.00322039234082183","-0.0629","-0.17715606","0.0670999999999999","0.0238000000000005","0.00360000000000049","0.00545252865064683","0.0187705496397275","12.60000038","-0.0112855477819274","0.039008158684815","-2.25035","0.091850000000008","-0.0254000000000048","0.00270000000000437","0.00322682581564348","-0.00123992576332022","0.0290423808558689","-0.00361664047018895","0"
"93","2005-09-01","-0.000518663243589401","-0.00205606268031566","-0.0322497931082335","0.2","0.0464195585550957","0.052325819001739","0.0238512158221802","0.0925927868278249","-0.0999999999999943","0.00104049550394514","0","0.00905813680682499","0","-0.00129185075561189","-0.0031104224143923","-0.00268456537066841","0.00258732356495095","0.00439561147303813","0.00234466695925395","0","0.00503779402995708","0.0026702285558784","-0.0227652107730121","0.0444517625708336","-0.0198026272961798","0.014028286163188","0.0265451246983561","0.0196232711841393","0.0260110489132659","0.0186268482071679","0.00354820005609735","-0.0100137386605024","0.0158374350986268","0.0526792959954276","0.0171494020729543","0.0282454787795547","0.0578239141167565","0.00384862566129396","-0.0110387473148217","-0.00484262447578754","0.00322754449086649","-0.0022296553272696","-0.00110803335436138","0.00696866931609375","0.00256082086167364","0.232663109796617","0.00385849755642287","0.00528434057414273","-0.000832294144672119","0.00184080225369431","0.00190848602678861","0.0000755058980570174","0.000331333925750229","-0.00433956211886403","-0.0000115701970860636","0.00207850374450134","-0.00485061039433968","0.00847376428223765","0.00102266866856147","0.0021978172016514","0.00356901494715505","-0.00459755017015082","0.0233469881849313","0.0390725933006628","0.00468273026941546","0.00702468051288285","0.129224918090322","0.142294635796944","0.0713124674465266","0.145532122043119","0.0398142510272912","0.0158784484226153","-0.263329360247723","0.156520910849221","-0.0763160878728817","0.00619836695233911","0.00928964253089504","-0.0143511921630904","0.0115151342228841","0.0118767478866424","0.00766159643848707","-0.0168654009394338","-0.0340999999999996","0.00088119596575531","0.0111145400424846","0.0111084299825457","-0.0299999999999994","-0.04","0.0136637855390891","0.0170881636446421","0.0231010540862684","0.0120698778533743","0.00190000000000001","-0.0275318180000008","-0.104900000000001","-0.114000000000001","-0.1214","0.032039772217054","0.0257206588053887","11.92000008","0.00692499149661163","0.00741133061631105","77.64035","0.268679999999989","-0.119100000000003","0.0257999999999896","0.0103660932647653","0.00123992576332022","0.07929042399562","0","0.00108518730128715"
"94","2005-10-01","-0.00114200694155109","-0.00164789930178166","-0.00910689306246493","0.199999999999999","0.0198439931982728","-0.0118344576470024","0.0714589639821446","0.0784716154414955","-0.100000000000009","0","0","0.0137167031856835","0.0999999999999996","0.000107717994395351","0.0031104224143923","0.00268456537066841","0.00258064659349166","0.00873367996875452","0","0.00281294137661448","0.00501254182354405","0","-0.00329489589685306","0.0833816089390509","0.0198026272961798","-0.0100000833345835","-0.0347659578432138","-0.0242069308517978","-0.0218587938124983","-0.00346620797648622","0.00353565483230778","0.00820050153632135","-0.0101523714640184","-0.0221738574943222","0.00635595360069807","-0.0527143026255663","-0.0348958940756843","-0.00128123015604853","0.00100857295488499","0.0156535405800033","0.00214592357027676","0.00778214044205505","-0.00110926245428633","-0.00417537141048019","0.00382897723709785","-0.0418196989612252","0.00639800378151811","0.00349971903965773","0.00519023076709502","0.0018566600326653","0.00173987727164313","0.000817883332029914","0.00254850401691616","0.000863953619357925","0.0026893566820552","0.00156123882014373","-0.00414216552233083","0.00415382586602879","0.00240151299786884","0.000708596728170516","0.00304554613030239","0.00429560862596098","0.00834140223108903","0.0063726658253298","-0.00681633291034878","-0.0102759682913245","0.205940982616835","-0.0677766108701601","0.328757199488259","-0.0766963103962892","0.00738965121429658","-0.00786181944952524","-0.198348892700994","-0.092190052468081","-0.116816385025288","-0.0155685552399243","-0.0100406533685007","-0.0257174006939106","-0.0059113472630572","0.00874655957554804","-0.0246926125903715","-0.0719948523181984","0","0.00319829417911421","0.0268228796094085","0.0536721025015527","0.0299999999999994","0.0200000000000005","0.00305667610623317","0.0074278967338639","0.00875180447235557","0.00977165620135523","-0.00990000000000002","-0.125297836","0.140400000000001","0.137300000000001","0.1049","-0.0300899889768251","-0.0306494342376666","15.31999969","-0.0179000340427695","-0.0245607164831019","-88.95498","0.122600000000006","-0.182000000000002","0.0579000000000036","0.00222585990690878","0.0012383902511468","0.0561428177956863","0.00361664047018895","0.00216684808509005"
"95","2005-11-01","0","-0.00261474035987597","-0.0220571019723632","0","0.0153928129011716","0.00790517950711322","0.0369272725922185","0.0186921330121521","-0.0999999999999943","0.000771281539215352","0","0.0141973207993926","0","0.000968940163011744","0","0","0.00514139950041859","0.00650056460309312","0","0","0.00249688019858763","0.00531916147760025","0.00493828164058296","0","0","0.0129807114727214","0.0279087881170765","0.00762780204888625","0.0089378388050374","0.0080692080484468","0.0070340266573794","0.0443728515429767","0.0123945248697082","-0.0108206646407165","0.00736457826220871","-0.00736651581676195","-0.0213830216649917","0.0102041701742417","0.00803217169726445","0.024780028998487","0.00853793873803621","0.0142938112571454","0.00332410278383932","0.0124741742251748","0.00761424998524518","0.0369044724156717","0.00762386962295203","0.00520577022486357","0.00699806855632268","0.000515461642980354","0.00132164477635216","0.000579698586827325","0.0000321060644372275","-0.00249914307301548","0.00161236203555106","0.00216234289097917","-0.00376896409019572","-0.00625381792765124","0.00242444673656324","-0.000491444096003522","0.00376715800973212","0.0046643468917707","0.000425894384632031","-0.0138460450278028","0.0212513785132344","0.0219932086759975","-0.155240598191283","-0.0169735333797068","-0.208165173220821","-0.0950903029344854","0.00431609100162156","0.0304601252522758","-0.04700604237593","-0.0156989095431035","-0.0628009012390303","-0.023281474822558","-0.00250711511035195","-0.0130866543888508","0.00306195591864711","0.0136722703512344","-0.017095410762233","-0.0580229527226486","0","0.00162923467248","-0.0439651287693792","0.020142331577933","0.130000000000001","0.2","0.0130926146439823","0.00851425606126455","0.0029774207107387","0.0131381724613835","0.0315000000000003","0.121179654","0.0297999999999998","-0.0353000000000003","-0.0812999999999997","0.0283622217727073","0.0769505085440052","12.06000042","0.034581213385394","0.00162034518006937","23.92879","-0.157939999999996","-0.129099999999994","0.105400000000003","-0.0018410395181872","0.0012368585373963","-0.0663785968614505","0.00838830562663428","0"
"96","2005-12-01","0.0018680601827743","0.00233982626879836","0.0297683213958537","0","-0.0164274741419481","0.0156253179030807","-0.0121582044798094","0.00615386557437869","0.0999999999999943","0.00130646719753713","0","0.00796024103838811","0","0.00214984496431825","0","0","0","0.00860220358266339","0.00700119545898303","0.0028050509276083","0.00497513464011323","-0.00265604405811626","0.00980400009662041","0.0769610411361286","0","0.0331737736819981","0","0","0.0108918707806804","0.0899729268016998","0.0196651796978609","-0.0389429739486076","0.0395221579373395","0.0281582849663939","0.117550071182412","0.0425211047432352","0.0118934837615354","0.00379987790977498","0.0516432331518377","0.00812540744391743","-0.00639661029669281","0.00761286982872189","0.00110558330774957","0.0041237171838624","-0.00634117533844769","0.139509865371824","-0.00762386962295203","-0.00155234621878009","0.0000733948264137751","0.00261014361536022","0.00116595713103668","0.000864043715743491","0.000581364873104207","-0.00116818085985734","0.00125038829010083","0.00074764407448904","-0.00294278147286943","-0.00692301690846971","0.00107853449094156","0.000777986167198247","0.00270435447470296","0.00283817088827602","0.03129839823632","0.0299834836320514","0.0261790806250204","0.0242875438880077","0.0674649873088979","-0.0988828881418975","0.0949275999361117","-0.203092004151161","0.0107547518562914","0.020791868722954","0.352387691927112","0.0643407167654493","0.183478294921778","-0.00968270071641797","0.000552648321869853","-0.0105447407821866","0.000407553327200716","0.0077953754156459","0.00695345157220362","0.0289047776817624","0","-0.000386180987996809","0.0438223379220304","0.0972494840243456","0.0199999999999996","0","0.0139626486155642","0.0116540685984106","0.0208942688507001","0.0115129378779582","0.0187999999999997","0.0922677270000003","-0.0769000000000002","-0.0942999999999996","-0.1141","0.0379317636863172","0.0544923916657734","12.06999969","-0.000952802764842886","0.00269465208474529","-33.97103","-0.13194","-0.020300000000006","0.137900000000002","0.00107671012278483","0.00123533060799286","-0.0130858613144888","0.0118625353098203","0.00108166587074177"
"97","2006-01-01","0.00186457703963683","0.00480011893345633","0.0131809053635967","0.100000000000001","0.0154086253528458","0.0491592359580837","0.0151747980192347","-0.0123458358222992","0","0.00280814546183095","0.0999999999999943","0.00592887112227913","0","0.000858645539499214","0","0","0.00256082086167364","-0.00214362354325193","-0.00232828975959087","0.00836824967051708","-0.00248447332766144","-0.00533334597536239","-0.00488998529419149","-0.037740327982847","0.0194180858571018","-0.0135267762982014","0.0293806443932203","0.0647284727004944","0.0326369293130222","-0.0572201403298918","-0.00574384117925231","0.0107720969819107","-0.0217636446363603","0.0380504181562893","-0.0947511562176055","0.0717643447943876","0.04073045715006","-0.00253164692177954","-0.070826052568612","0.0262422360602903","0.0159154553058993","0.00540249828334805","-0.00110558330774957","-0.0041237171838624","0.0151518050206025","-0.191154074428938","0.00127472593123024","0.013582628153598","-0.00227297544143568","0.00196465107448378","0.00222182030782264","0.00172501515216072","-0.000195556980665366","-0.0054906434830592","0.00414080286389956","0.0046526647622783","-0.00357766077325257","0.0126086263663134","0.00262214045499665","0.00127101889923731","0.00351382090827584","0.00546365587357405","0.0318153272248907","0.0483962407506748","0.0462005874814011","0.0632519683808681","-0.0476694875710661","0.168046929001362","0.0276747221562204","0.37945063459014","0.154966229688963","0.113929503745609","-0.331222880735069","-0.0149479614358734","-0.122853673105343","0.015021741695838","-0.00503745857425208","0.00917775331159165","-0.00975883815341183","-0.0142530858857013","0.0122938372501403","0.102383877410984","0","0.00312690800580384","-0.0340066435447053","-0.0288031757739713","-0.0800000000000001","-0.12","-0.00333335188265238","0.00496050548952098","-0.00526404159054117","0.00666437716415835","-0.0352999999999994","-0.155209286","-0.1012","-0.143400000000001","-0.2068","0.0282380145541827","0.0421169745420507","12.94999981","0.0251478956149267","0.0590403453923987","22.48451","0.0767400000000009","0.113200000000006","0.138300000000001","0.00546731154981977","0.00738010729762184","0.0495556836333907","0.0163746348717906","0.00108049713375369"
"98","2006-02-01","0.00206768286499859","0.00477718781993453","0.0238349723935167","0","0.00406918160672554","0.0326707822895482","0.0208651384639618","0.0184620628397356","0.100000000000009","0.00253392593821644","0.200000000000003","0.0112122221784432","0","-0.000429230610731857","-0.0031104224143923","-0.00268456537066841","0.00255427980509637","0.00641713432063362","0.0138891121606672","0.00277392688272471","0.00496278934212935","0.0159154553058993","-0.0198026272961798","-0.122602322092332","-0.0392207131532816","-0.000973236086552198","0.0307041663439795","0.0806999538358744","-0.0191868274247735","0.0219789067187754","-0.0162605208717803","-0.0107720969819107","0.00767127049665195","-0.054939708503599","0.00204708362172479","-0.0033030583292577","-0.0592067333176329","-0.00126823098799544","0","0.0134230203321408","-0.00105318598465853","0.00430108189939116","-0.00221484032955299","-0.00414079266603107","-0.0012539186595939","0.0546292354795073","0","-0.000645150996176014","-0.00627578253508077","0.000765709748116462","0.00181183403870279","0.00149191092221252","0.0000310901272150025","-0.00319041768524068","0.00043038254216262","0.00202753336153515","-0.00375060736115688","-0.00126300855349935","0.00137760244349398","-0.000427668796991526","0.00212923739314995","0.00385435710949027","0.0563264680634621","0.0793441279972669","0.0319795005856616","0.0373264023841582","0.0173118614277046","-0.115290139116826","-0.136015865952184","-0.364744487200444","0.141448340292449","0.097761499056773","-0.0158314652166807","-0.0368139731227162","-0.0309759278943051","-0.0335711006069692","-0.00168143061400805","-0.0192370537147816","0.00376467811757131","0.00910306610048384","-0.011835804492791","-0.0451375321574812","0","-0.00100996437267931","-0.0413476195937577","-0.0496748944063583","0.00999999999999979","0.0899999999999999","0.0160081594040165","0.0155751572238536","0.0181253207034953","0.00998282951236007","-0.0200000000000005","-0.0574257139999999","0.0607999999999995","0.0791000000000004","0.0667","0.00936678245124956","0.0296140737901336","12.34000015","0.000453054985814383","-0.00559648911726596","-23.32698","0.391469999999998","0.0591000000000008","0.1541","0.00293680189839547","0.00122473989589622","0.022543508115576","0.0138251049918416","0"
"99","2006-03-01","0.00127294325069016","-0.00218102594635994","-0.00134680155037881","0.0999999999999996","0.0230818074592252","-0.00357782134788387","0.0233246725664094","-0.0122700925918151","0","0.00186300330007683","0.0999999999999943","0.0129061804356105","0.1","0.000321940229211393","0","-0.00269179166571165","0.0151901654939754","-0.00427351077738169","-0.00230149698827908","0.00276625349289095","-0.00496278934212935","0.00524935588614373","-0.00333890126551495","0","0.0198026272961798","0.0116167811706687","0.0192519314993218","0.00785344350556993","0.00466512009015663","0.0108109161042158","0.017411931476822","0.0125562187754129","0.0151682214731714","-0.0203765256960482","0.012195273093818","-0.0953928962111705","-0.0267732527000586","0.00253485560318811","-0.0143739641120693","0.0263173083173731","0.00943897936093219","0.0127933514599095","-0.00221975673831309","0.00276243269590992","0.00998759862834842","-0.0175769710882081","0.00634914369172179","0.00767994241241077","-0.00181849055005934","0.00123139645295055","0.00102417480916693","0.000206446760637182","-0.00100724417399328","-0.00354053468619316","-0.0000915746379985465","0.00339677965429958","-0.003794150487919","0.000454725897229476","0.00280275412111092","-0.00122194683783647","0.00566948931891262","0.00520796585151842","0.05984883233765","0.0959137813115341","0.0373702497447113","0.0479661717376363","0.14120763408596","0.127988722453953","0.368544519494116","0.187175935258752","0.135912796926558","0.067321634029458","0.0618754037180871","0.0810037841530873","0.0244185273481463","0.0711930923965536","-0.0052904640291187","0.00521571855214198","-0.00940392007528112","-0.00694308846099645","-0.00200544401835068","0.0302632075438778","0","-0.00310917299260538","0.0139699108923743","0.0300864219800197","0.0500000000000007","0.00999999999999979","0.00773723172205898","0.00732267116203111","0.0244730273756382","0.0124395545827802","0.00539999999999985","0.114770435","0.1592","0.1634","0.1556","0.0305948643431853","0.0416670812724114","11.39000034","0.0110347035592575","0.0281708498904494","19.19579","0.43235","-0.0554000000000059","0.150300000000001","0.00149350852416588","0.00122324174274446","-0.0191574713654637","0.00797725028064455","0.0021574981400212"
"100","2006-04-01","-0.000756689862067006","-0.00122892075273917","-0.00405132221917892","0.100000000000001","0.00593473551981472","0.0557635745184548","0.0227930095285567","0.0540672212702766","-0.100000000000009","0.000531649788232613","-0.0999999999999943","0.01020633992702","0","-0.000966131791106939","0","0.00269179166571165","-0.00756624038331566","0.0106497279166575","0.00459770924862912","0.00275862243907898","0.00496278934212935","0","-0.0016736405580291","-0.0444517625708336","0.0194180858571018","0.00192307751574194","0.00633581844908537","0.0193679391780552","-0.0215062052209634","0.0191699161077201","-0.00230414848484983","0.0132804076678941","0.0085653628589224","-0.0194001465457916","0.0190100772249737","0.0462304543182608","-0.0205610952273929","-0.00380469704366426","0.00823897554455311","-0.00869570696755328","-0.00838579337627365","-0.00637621713927672","-0.00333890126551495","-0.00276243269590992","-0.00623054975063653","-0.0356293987852006","-0.00126665304026918","-0.00685145097600248","0.0135613663966403","0.00295571550965528","0.00282663162438007","0.000433649694013235","0.00228419178039889","-0.00311484324526072","0.00539931917820742","0.00457261642972821","-0.00379046579156421","0.00390620044601777","0.0038666438041156","-0.000334546399597475","0.00804410364462938","0.00447662013474007","-0.0146197357642031","-0.0145817690133594","-0.0128252925063652","-0.0144244412915029","-0.0712111799584427","-0.274796642558802","-0.235635210870993","-0.20484944387625","-0.0142207764766269","0.0317466369668082","0.0148886124937508","-0.304147335467297","-0.0425596144187965","-0.10479087736273","0.000112031580801641","0.00237529802890746","-0.00678156359985366","0.011171985919745","0.0142371425298293","0.124100987817447","0","0.00110183641828598","-0.0331371628764767","-0.0596053130874257","0.109999999999999","0.0499999999999998","0.0177060593125322","0.0110012630985636","0.00315965982532163","0.0112978631067566","0.0429000000000004","-0.0474193239999998","0.1568","0.199999999999999","0.2065","0.00859172356057236","0.00287905211794026","11.59000015","0.0120823660914837","0.062024245523685","9.21363000000001","0.414270000000002","0.0390000000000015","0.14009999999999","0.00424986033797998","0.00366077284968114","0.00143363865828062","0.0257717344559971","0.00322754449086649"
"101","2006-05-01","0.0014784509904775","0.00558622612169479","-0.0108844611984233","0.0999999999999996","0.00883658180049718","0.0168071183163807","0.0167601688574646","-0.0117648415795868","0","0.00182539338119092","0.0999999999999943","0.00569561712690358","0","-0.000644606812178594","-0.00312012733624378","-0.00269179166571165","0.00505051578606874","0.0126317469059014","0.00457666702741211","0.005494519317641","0.0244510958641637","0.00261438057407037","0.0116570845422128","0","-0.0194180858571018","0.00860837453659968","0.0331293237598791","0.0252538673212035","-0.0226735924014543","0.0208775850215552","0.00689657905906049","0.0217494436613208","0.0190079640451772","-0.0423973952603571","0.0196277154804401","0.101530427410226","-0.0569907029730894","0.00380469704366426","0.00307219903697042","0.0140923741397083","0.00734140685836771","0.00954914417985364","-0.00111544908386563","0.00276243269590992","0.00747201483870175","0.0591244042362158","0.00757585129464911","0.0129493394634395","0.00601027541812194","0.00337441108479042","0.00322331073002102","0.00193169725426356","0.00648886666693524","-0.00192791987379824","0.00134198634595038","0.00021288024077807","-0.00291915199749583","0.000381916887212557","0.00492718871733798","0.00508157461060165","0.00459962898730335","0.00586718640787717","-0.000461583238674734","0.000865479777070632","0.0240375588273469","0.0329847166064958","-0.00261609043905153","0.235933383912729","0.00929086893784614","0.357269121020979","-0.00875095490964739","0.0114366835225663","-0.024938948347252","0.138402322859119","0.0136365749495457","0.0682332816289328","0.028721346780439","0.0259552085973185","0.0161854836751348","0.00944869822388572","0.0559136473558112","-0.00685521107905274","0","0.00185106541228208","0.0196850422906021","0.0416206997283428","0.27","0.23","-0.00650164447458401","0.00299985272684822","-0.00265159094924883","0.00579354453188152","0.0728999999999997","0.0164650789999996","0.193000000000001","0.1311","0.0785999999999998","-0.052559924677106","-0.0605600898835696","16.44000053","-0.0314049289105967","-0.0269329582538087","-6.59843000000001","0.137599999999992","-0.0373000000000019","0.120800000000003","0.00433604521051008","0.00121728560375178","-0.00633654398179626","0.025124205173678","-0.00322754449086649"
"102","2006-06-01","0.00116746227592301","0.00149344946636631","-0.0158569334223557","0","-0.00195694778696076","0.0132452267500209","0.0327004613109354","0.0291565842914556","0.100000000000009","0.00178896850759713","0.100000000000009","0.0051403207860945","0","0.00139612330039096","0","0","0.0100251466193786","0.0104059211611158","-0.00228571528085642","0.00273597981887441","-0.0170527883827196","0.0103897038491363","0.00495459312468327","0","-0.0198026272961798","0.0056980211146378","0.00305033281762324","0.020975475986555","-0.0083740894105313","0.0153770328705889","-0.00574384117925231","-0.00431221021818029","0.00417537141048019","-0.0266287923466022","0.0125544864792628","0.0140298482104386","-0.0333218027353226","0.00252844635335858","-0.0164952193691112","-0.0206641393029434","0.00104438651790595","-0.00954914417985364","0.00111544908386563","0.00687287928776215","0.00247831601446702","-0.0327520686514591","0.00251262034246302","0.00465334314474397","-0.00501954793633708","0.00325477419058498","0.00262762663952736","0.00241934191281322","0.00455001400229658","-0.000814516056656095","0.00293307437532601","0.00299335260648995","-0.00348269577202229","-0.0015572215147181","0.00429417903840659","0.00393390741700406","0.00571575730337053","0.00298482778058605","-0.0363014782587108","-0.068108295369516","-0.0498532719127383","-0.0632655591872808","0.0162393955245328","0.0414886211411574","0.0545862636487611","-0.0632918972487211","-0.110517637898479","-0.122500697611182","0.162771422871165","0.0497615095590644","0.0760409624463207","-0.00533334597536239","-0.00248792208597592","-0.011187369991621","-0.00527452673326995","0.0115859752610605","-0.0147592229395845","-0.0176381614691037","0","-0.00310965966094123","0.0251988798761911","0.026823316884407","-0.0200000000000005","0","0.00453057243290189","0.0144490135234481","0.0145474332906659","0.0193914894839313","0.0318000000000005","0.0619192650000002","0.0236000000000001","0.0157000000000007","0.0414000000000003","0.0172425316750786","0.0133008384069218","13.07999992","0.0000865924785458105","0.00810880100179512","7.40638","0.122900000000001","-0.0489999999999924","0.108699999999999","0.001433270685858","0","-0.00984189634649463","0.00215517324798409","0"
"103","2006-07-01","0.00287848872592278","0.00419685175681295","0.0206334692865093","0","0.00195694778696076","-0.00991743665734646","-0.0162165715892453","-0.0531098253139488","0.0999999999999943","0.00224823211804548","0.0999999999999943","0.00104580641198826","0","0.00267938641621335","0","0","0","0.00824746943001742","-0.00458716400690573","0","0.00490197060020758","0","0.00656816811209726","0.0870113769896297","0","-0.0104712998672953","-0.00203252102492257","-0.0222231367847101","-0.00985923479230877","-0.00305654848254822","-0.0150902457235897","0.0196839902660342","-0.00626961301359508","-0.00702109203191625","0.0047869885572247","-0.0148150857851403","-0.00805733991986823","-0.0050633019565467","-0.0104494158743407","-0.0155041865359653","-0.00208986491945851","-0.0085653628589224","0.00222717241282488","-0.00687287928776215","-0.0012383902511468","-0.0137726446566395","-0.00125552101381565","0.0022881647240478","-0.00469782775848593","0.00352603928596196","0.00250289859261543","0.00176206350068128","0.00201319385795811","0.00361213667662554","-0.00151094721494323","0.00339362577157372","-0.00359761356706385","0.00859507140790271","0.00419932708498957","0.00350900397217275","0.00489801928821119","0.00386930939445478","-0.113392799266675","-0.207555410586655","-0.0947127234252321","-0.124753684650292","-0.0284286421440481","-0.117258789248572","-0.0515083911050818","0.0364269684671576","-0.365948342087245","-0.23718410520228","0.0583498830622773","-0.199951788170226","0.0389792936051725","-0.0663226429310733","-0.000204381706366163","0.0138326833202749","-0.0013745706631666","0.0102098513629736","0.0010305085657718","0.0718863864051977","0","-0.000522703644168843","-0.0105189781777231","-0.00739273158040632","-0.0300000000000002","0.00999999999999979","0.0102437901074044","0.00975173172098742","0.00872537055601263","0.00833046597987419","-0.00180000000000025","-0.0253430739999994","0.00119999999999987","-0.00850000000000062","-0.0144000000000002","0.0122911161238735","-0.00714663971647944","14.94999981","0.00507298940055367","0.0257928084963646","-7.84715","0.156900000000007","-0.0752999999999986","0.119100000000003","0.00385211976411053","0.00243013485329158","0.0149623509746054","0.0244562959775267","0.00107700602763838"
"104","2006-08-01","-0.00140394153900836","0.00256358502403309","-0.00204429372728043","0","-0.0078508744757384","-0.0441497846129293","0.0607848910691215","0.0925515573652458","-0.200000000000003","-0.00178494742131896","-0.200000000000003","-0.00555527868594119","0","-0.00267938641621335","0","0","0","-0.00824746943001742","0.0091533819864873","0.00272851465320478","-0.00244798163864068","0","0","0","0","0.0085755647023964","-0.00407747761665611","0.00249376687840197","0.0175381555964647","-0.0010209291341079","0.0208340869028421","0.00338409798423989","0.0052274034351516","0.0199309039001827","-0.00286944242795251","0.0232929785674383","0.0213436292522031","0.00253485560318811","0.0176995770994006","0.00778214044205505","-0.00104657257067142","0.00536194314138516","-0.00334262149669051","0.00550207715398354","0.0012383902511468","-0.118411869245672","0.00250935610045744","0.00199885819518109","0.0123022640898913","0.00201322797490531","0.00259688399194074","0.00240851454355414","0.00365694720522689","0.00120967547693496","0.00546153050068851","0.000663679162004007","-0.00260914712184843","0.000354486270033944","0.00264133318176416","0.00319455654473929","0.00272966545922462","0.00444265169959846","0.0248910540014808","0.0284896690864134","0.023030818505811","0.0295454133661739","-0.056943965896366","0.0898816641488054","-0.356587143771856","0.0975888029510443","0.00338737318816129","0.0244121748848976","0.0665607665183385","0.289656406755499","0.0179466431908368","0.0916671885258245","0.019426767968417","0.0181351503843303","0.0167096811990672","0.0282220468650296","0.0265855030621529","-0.00599048762174359","0.2273","0.000872762295628604","0.0225675209238876","0.00797471294812624","0.0900000000000007","0.0899999999999999","0.00919037091905395","0.00847275334306374","0.00924503602409565","0.00908128046969026","0.2098","0.256733982999999","0.0500999999999996","-0.0024999999999995","-0.0371999999999995","0.00107454894127734","0.0259130582704525","12.31000042","0.021051056539239","0.0215258741662683","-23.13774","-0.0485000000000042","0.00389999999998736","0.158900000000003","0.00106833074425051","-0.00121432923240228","0.00558270427042219","0.00523835666158856","-0.00107700602763838"
"105","2006-09-01","0.000205578017581587","0.00791897299838951","0.00882858026420319","0","-0.00493828164058296","0.0172121288811216","-0.00514139950041859","0.00550965581096907","0","0.000363858892923119","0","0.007017572658647","0","0.000214615302894572","0","0.00269179166571165","0.00249066131245179","0.00413223728491108","0.00454546237167452","0.00543479598595642","0.00244798163864068","0.00258064659349166","0.0113914982860948","0.0408219945202548","0","0.00284225676892991","0.00305966582395545","-0.0226709961643525","-0.00627836035112495","0.0212236364516274","-0.016166633855347","0.0381156329225121","0.00623702645554758","-0.0084221453988782","0.036675478558406","-0.0431270281954719","-0.0123950236761887","0.00505051578606874","-0.00517331728022086","0.0219066810858672","-0.00630254187080226","0.0042689499195756","0.00556484463340734","0.00273972774112075","-0.00371978110253224","0.144965574706764","-0.00754726311114595","-0.00634451025485028","-0.0146959119194818","0.000668913729376349","0.00157295218977348","0.00270599364509584","-0.00329049102245852","0.00318532361029692","0.00365093466050845","0.0051330924093767","-0.0027613780880395","-0.00729729175607757","0.00309998696334902","-0.00356934850562326","0.00566662004092636","0.01344870659311","-0.0139234639175712","-0.0214322477842952","-0.020053102631362","-0.0273029726520164","0.0753352888677892","0.0550453412317324","0.39102123135509","-0.158113322997263","-0.0854842169466483","-0.0753863099449283","-0.0625203569813335","-0.0453935722603624","-0.0219789067187754","-0.0200111996193888","0.000565243568378726","-0.00771838952607473","0.00175699464039508","0.00571986819861436","-0.00513350866710449","-0.167116157524311","0.0227000000000004","-0.000804795369354849","0.0013470101782822","0.0374776504729493","-0.0100000000000007","0","0.00242274951677324","0.0147074395853508","0.0189127297564635","0.0167455469242892","0.0820000000000007","-0.0133816019999999","-0.0653999999999995","-0.1013","-0.1227","0.0141733259611652","0.0403769113049766","11.97999954","0.0242693996459753","-0.00818932278081475","17.96308","0.00570000000000448","0.108200000000011","0.226299999999995","-0.00657937527317005","0.00121432923240228","-0.081867062881935","0.0103951040003398","0"
"106","2006-10-01","0.000513760222284887","-0.0028114350133599","0.0107600231139866","-0.0999999999999996","-0.00995033085316788","-0.03472571137383","0.00770222036209223","0.0109290705321907","-0.0999999999999943","-0.000297692882378797","-0.0999999999999943","0.000417405828871509","0","0.000643569688629775","0","-0.00269179166571165","0.00743497848751762","0.00411523214510634","0.00452489459828964","0.00809721023261911","0.00487805845343203","0.00770222036209223","0.0032310205814472","-0.0408219945202548","0","-0.0104613412453691","-0.00920722616846081","0.0101395038524394","-0.0247975866093979","-0.0151136378100487","0.00232558244347469","-0.0313816007411676","-0.00832470988603173","-0.017060122745308","-0.0233546345827458","-0.0186014259505454","-0.0193394828937299","-0.00378549347948187","-0.0284080123721235","-0.00652176224638712","0.0104822762735104","-0.0021321969698409","-0.00444939554954171","-0.00273972774112075","0.0123458358222992","-0.0267830941412681","0.0125472743625439","0.00653354753699276","0.0177232229187769","0.00185230701257494","0.00174272105570251","0.0020444669496891","-0.000954494770439493","-0.00569073652657852","-0.00103731189265218","0.00503435666125691","-0.0029134226457858","-0.00713578865234925","0.00292981359735255","-0.00297823219144957","0.00684401051201219","0.00501583083853193","-0.00582822316785148","-0.00319805960253383","-0.00813989170963758","-0.0123961211917827","0.0411213314261758","-0.158282301081003","0.0170743035218477","-0.0772106468738176","-0.0466402982992982","0.001522939567149","0.210156355787398","0.0774195989797706","0.114410351177744","0.0638734063807602","0.000723356873971959","0.00601883288999316","0.0039083607702507","0.00817504400057789","-0.0048933665006401","-0.069327244454283","0","0.0000261398954943814","0.0375718015837592","0.0250245646417984","-0.0299999999999994","-0.109999999999999","0.0143591269866903","0.0152728148450993","0.0118883538062136","0.00688524771608456","0.1068","0.0363088740000004","0.0922999999999998","0.0632999999999999","0.0255000000000001","0.0290866378452499","0.0368641471800917","11.10000038","0.0310218120657755","0.0451070102981421","-5.60791","-0.015500000000003","0.152699999999996","0.258400000000009","-0.00530700256071811","0","-0.0623899471187635","0.0113111745815235","0"
"107","2006-11-01","0.000342360234780514","0.000938023519365672","0.0113070709146914","0.0999999999999996","0.0178399181283311","0.00704228262541307","0.0152287207018249","0.0268112574506567","0","0.00128936293587856","0","-0.0097500379240909","0","0.00321165033580328","0.00312012733624378","0.00269179166571165","0.00492611833605583","-0.00205549918209602","0.00225479238708903","0","0.00243013485329246","0.00510205188389534","0","0","0.0198026272961798","0.00666986750910681","0.0112418148662483","0.0371329790422212","0.00928246579391967","0.00708146611278426","0.00463500250414928","0.0108469982994599","0.00521105921275211","-0.00456505991875478","-0.0028395665080776","0.0462602416368085","-0.00409556886473705","0.00378549347948187","-0.00320684400957916","-0.00437159166149659","-0.00208768343048416","-0.00320684400957916","-0.00111544908386563","0.00819676720417828","0.00122624172324404","0.0139966683002886","0.0024907170956725","0.00150168255533956","0.00283658403946596","0.00290396220297485","0.00253440522347887","0.00286361665636711","0.00345386167099666","0.00107564831762748","0.00164338562992651","0.00352937313785399","-0.00314307177606106","0.00535026212610626","0.00424632733900417","0.00251300887521829","0.00556438860959731","0.00595347804269497","0.00635847643384047","0.0203883933570168","0.0237205516905945","0.0289616180510031","-0.101135986365231","0.106733937185631","-0.0576736387470129","0.107380532872119","0.0352091831393722","-0.0129231684141047","0.145711811181394","0.0198588086496034","0.109137158938162","-0.0100301743599376","0.00269339843839145","0.0264381874957139","-0.00235666540071994","0.00734458573845131","0.0192222214664161","0.0162995802112915","0.1818","-0.00195715260229079","0.016554221420547","-0.000966849809435288","0.12","0.21","0.00550869550455246","0.0083532229784371","0.00453574793818667","0.00429819915131269","0.0935999999999995","0.17125","-0.0308999999999999","-0.0702999999999996","-0.0715000000000003","-0.00658750585902723","0.0286723763895047","10.90999985","0.0163325515097217","0.0279888940120423","2.6233","0.24799999999999","-0.080299999999994","0.262199999999993","0.00162182163834171","0.00121285642520874","-0.0215938040198451","0.00306278953054573","0"
"108","2006-12-01","-0.000410846349247151","-0.00227958529825223","0.0111806491895843","0","0.00782782862024689","-0.0320883145515012","0.00752826642079096","-0.0213911899813182","-0.100000000000009","-0.000165210064972499","-0.0999999999999943","-0.00984603793535221","0","0.00277511118433349","0.0031104224143923","0.00268456537066841","0.0122101639069321","0.0163268932874292","-0.00225479238708903","0.00268456537066974","0.00725517088117122","0.0201518154373082","-0.00161420535454138","-0.0425596144187961","0.0384662808277962","-0.00666986750910681","-0.0163938097756757","-0.0246014867303082","-0.0406147191541901","0.0140142433748114","0","0.0254007920928814","0.00414938354681205","-0.0613239003166886","0.0252704134962602","-0.0373207265979998","-0.0688951627565988","0.0112712526996255","0.0169855463657438","-0.0110133271779835","0.00521105921275211","0.00107009105984446","0.00667410708769367","0.0135137191667232","0.0073260400920736","-0.00634571007383311","0.0135888182456814","0.0117402948791678","0.0173977626601385","0.00370796932004162","0.0028747374412823","0.00193771094980624","0.00649001380680513","0.00522160876062664","0.00166634596528714","0.00173707306497047","-0.00378643566891992","0.0066465976285996","0.00609335970511567","0.00657104635513718","0.00293858864780985","0.0126484010654486","-0.00879696392276585","-0.0123520048255994","-0.0103446820293698","-0.0150626747886626","-0.0125175487016165","-0.183073719296509","-0.0664781457887509","-0.306758491294228","0.00731826992129214","0.0323266216595037","-0.331962646115238","-0.0430482535685135","-0.157116840826297","0.139937242577203","0.00969516439694385","0.0408017467426781","0.00175119597524676","0.0258100145729063","0.0265292189163453","0.0612250901998026","0.0682","-0.0000314294095495882","-0.0466528557949015","-0.0398076188290091","0.00999999999999979","-0.0499999999999998","0.0232729576299633","0.0185118469949792","0.0163086043495611","0.0104456611338861","0.0645000000000007","0.087588996","0.069","0.0743","0.0778999999999996","0.0320372767686816","0.04612810465993","11.56000042","0.0125368668954273","-0.00596251309663254","1.07289","0.15140000000001","-0.207599999999999","0.253100000000003","0.00510045683945449","0.00121138718629776","0.0457044724573281","-0.012307847674597","0.00107700602763838"
"109","2007-01-01","-0.000925021906752477","-0.00295778650698075","-0.0045886675074307","0","0.0145140428842545","-0.0256894861153105","-0.00501254182354405","-0.027398974188114","-0.0999999999999943","-0.000793388471368672","-0.100000000000009","-0.015331310746789","-0.1","-0.000959744141917795","0","0","0.00725517088117122","-0.0101730277130505","0.0134531176971189","0","0.00480770156810362","-0.00500001041670561","0.0160259840158448","0.0425596144187961","0.0370412716803492","0.00381679852670036","0.021462244346135","0.0209496263115376","0.0161530678077719","-0.0170430190369721","0.00461361833351237","-0.00161943355230321","-0.00207253960197296","0.032964175538976","-0.0281180661087719","-0.140490362948826","0.0430276696578584","0.0012445552322049","-0.00951884500920652","0.00110680697519161","-0.0115003881203162","-0.00643779047484827","-0.00333148559100316","0.00401875959491793","-0.0073260400920736","0.042655614410771","-0.0148334013347613","-0.00968506447440554","-0.0277079644461935","-0.000305797127249876","0.000789782428748286","-0.0000813663469442991","-0.00351221677732957","-0.0068638079524204","-0.00233551511483508","0.00243254801524829","-0.00301219523981038","0.00127272921560421","0.00102380786653321","-0.00496142885172993","0.0040861918652489","0.00866436273824876","-0.00316728646900621","-0.0136067540296896","0.00451884385866563","0.0118472379346883","0.0387765169727947","0.197205403612008","0.0781598033743363","0.272610197093119","-0.0301444116990641","-0.0157009759537026","0.249563114348171","-0.193527807949772","0.0937623249936115","-0.204475763714774","0.00992812852011227","0.0176034672240373","0.0146300080940454","0.0251080261058148","-0.00234574304400581","-0.151645948842052","0.1705","0.000528930133331329","0.00396030879940845","-0.0224109765785006","0.12","0.17","-0.0137124364127352","0.00106010610988072","0.0023996672313622","0.00554200128358673","0.2039","0.138720095","0.2757","0.249899999999999","0.178","-0.00297822288110616","-0.00695753354384543","10.42000008","0.0139611310231826","0.0068114291261443","-12.57918","0.180700000000002","-0.243200000000002","0.228700000000003","0.00302161582925055","0.00603502133446998","-0.00820197198116271","0","-0.00107700602763838"
"110","2007-02-01","0.000651030535767205","0.0014799868157187","0.00785344350556993","0","-0.00771459949533071","0.0293061265854995","-0.0126423934151765","-0.00557104504945549","0","0.000595100358092182","0","-0.0153505817607495","0","-0.000213401622661813","-0.0031104224143923","0","0.00959239969143955","0.0162275366217566","0.00222469502211098","0.0080107237460787","-0.00480770156810362","0.0223057575142978","0.0204570469895202","0.0408219945202548","0.0357180826020791","-0.0134230203321408","-0.0183678633313873","-0.0098040000966213","0.00363504580563312","-0.021462244346135","-0.0185835777737129","0.00967749488206504","-0.0199063671168025","0.0227517569834168","-0.0250253675669407","-0.124790772813788","0.0285997352356135","0.00743497848751851","-0.00106326432133041","-0.00777349833338103","0.00837701233804822","0.0021505384632281","0.00665190922830572","0.00931477127454716","0.0121804185568717","-0.0265849055546941","0.0136056265842912","0.0123165645255625","0.0212481458643943","0.00177342808769555","0.00188130376107312","0.00219073139125478","-0.000355358119300864","-0.00179612236747691","0.00954862930260637","0.00436843105319333","-0.00365343893451584","0.0037871819053935","0.00433469611225028","0.000394937738920742","0.00258521696391151","0.0121606650180541","0.00588408000360907","-0.00917512785341401","0.0125270234143233","0.0124883957533992","-0.0405275242491072","-0.14597660662846","0.00791480539690692","-0.339894943898716","0.0181312974735643","0.0671528398579948","-0.0898038948613031","0.233763120141671","-0.02087032272558","0.060498111600567","-0.00519916322841407","-0.00465531959546361","-0.00732165145055991","-0.0000470504756320267","-0.00030637255141619","0.0697873893557404","0.0795000000000003","-0.000942842845574887","0.00256847038189534","0.0039579332335844","0.12","0.14","0.00925858791191203","0.0135687946380774","0.0118956867703464","0.00882124183979371","0.0718999999999994","0.0952022729999999","0.0202","0.0266000000000002","0.0466000000000006","-0.00423083467377694","-0.00156870184815894","15.42000008","-0.02208833709589","-0.0149607572385473","-3.82095","0.411899999999989","-0.0187000000000097","0.207499999999996","0.00467124221109167","0.00240384731139454","-0.0021452554642931","0.00103145960666229","0.00430108189939116"
"111","2007-03-01","0.00130079092726376","-0.000403415590760403","-0.0131235479298075","0","-0.0205386192722274","0.00360360750329836","0.0226424767497599","-0.0112360732669261","0","0.00079291665314507","0","-0.0162587223607673","-0.0999999999999996","-0.00074726451302265","0","-0.00268456537066841","-0.00478469812333593","-0.00201409937170105","0.00664454271866877","0.00530505222969335","0.00480770156810362","-0.0248151691197238","0.00930239266231325","-0.0408219945202548","-0.0176995770994006","-0.00289995369978957","-0.00103039679389649","0.0303237303277974","-0.00582243275143313","-0.00725767830628499","0.00817284175587396","0.0175024356497726","-0.00105876134824179","-0.000511378175296784","-0.0196856750710301","-0.0974221130074691","0.000909090971700444","0.00369686188132601","0.0528346590659385","-0.00895862654489132","0.00208333408685402","0.00535619920052532","0.0022075064152105","0.00396563639334691","0.00483092726966561","0.0179111302626405","0.00367870221592703","0.0140853581299218","0.0163593486346052","0.0036114632199276","0.00250719776058044","0.00263179380870084","0.00368934707185906","0.00498971914533775","0.00240576547242782","0.00195990760118287","-0.00288370125273536","0.000913788689247485","0.00519327922942679","0.00578987371009246","0.00234737706261267","0.00668156225668559","0.0336765936224506","0.0454495721220827","0.0361404488955603","0.0451768378037407","0.0214987475710924","0.0932470012209574","0.0438979139683306","0.20343052000419","0.0296107192781321","0.0043322644125432","-0.109844828105155","0.0991440503150463","-0.0267157473790469","0.072226504054016","-0.0144280068485836","-0.00810040114659827","-0.0179298413375785","-0.0324081985185964","-0.00563352918770599","0.075112629631449","0","0.000612948958448101","-0.0535236935631076","-0.0371486329273409","0","0.0899999999999999","0.0101301666084979","0.0152382729341234","0.0127793656627908","0.0152192065171839","-0.0161999999999995","-0.0150613640000001","-0.0862999999999996","-0.0766","-0.0402000000000005","0.026208416111821","0.0532704612274983","14.64000034","0.00993051174274218","0.035952292354291","12.59859","0.162200000000013","0.124200000000002","0.167299999999997","0.00577276654564032","0.00479042832263232","0.0204472103524912","0.0133130486497377","0.00214362354325104"
"112","2007-04-01","0.00280121796945743","-0.00215430270472794","-0.000660720209038068","-0.0999999999999996","-0.0129290711988572","-0.0255022928109359","-0.00749067172915741","0.0223472986919973","0.200000000000003","0.00207841983006851","0.100000000000009","-0.0209585136303332","0","0.00373075100950082","0","0","-0.0120628724492748","-0.00404040953700502","-0.00664454271866877","0","0","0.00250941160542606","0.00461894585629441","-0.0425596144187961","0","-0.0136454358969136","-0.00620477688688315","-0.0389817930709118","-0.0273786986434619","-0.00521649591889073","-0.0199654312456978","-0.0223294763980881","-0.00957963685681396","-0.0175443096509094","0.00594649918772649","0.0674412807955331","-0.0225141602447865","0.00490798531219205","-0.0549645853237637","-0.00677203490994405","0.00518942524222599","-0.00750673766375343","-0.00663719250679939","0.0118034157248843","0.00480770156810273","-0.0245784820601216","0","0.00583938332725786","-0.00336079561927249","0.000458365765126123","0.000594652296953577","0.00029077049423038","-0.0000794645796592134","-0.00891618360804808","0.00308875319968583","0.000712739814930948","-0.0024406747942843","0.00291638733814778","0.00136231596762649","0.00143584390628511","-0.000181484013645422","0.00470539170659931","0.0100389010669311","0.00966531364507617","-0.0499104233273115","-0.0682671612007741","0.0756260547645038","-0.0262987021084822","0.0263474576318554","-0.133158467018858","0.0596530211961497","-0.0570909519883021","0.184192464729766","-0.0363676441708742","0.0544471604845729","-0.0228581380760504","0.00636924519573512","-0.00852121096828129","0.000679902120289899","0.0357492079188599","0.0222457116641754","0.0840389271046993","0","0.000722482859371709","-0.0320262131590852","-0.0488425010093447","0.17","0.0700000000000003","0.00801579016767384","0.0120002474381682","0.0110405471724739","0.0116423608678335","0.1007","-0.0116820569999998","0.2029","0.2245","0.2155","0.0218090307149463","0.0203320978174713","14.22000027","0.0423798434216147","0.031891528710783","-5.95114","0.0249999999999915","0.238600000000005","0.110500000000002","0.00110446565716159","0.00476758948347289","0.0145462073290547","0.0231282305125182","-0.0129312146722489"
"113","2007-05-01","0.000272869910965312","0.00013477997189959","-0.00397351516186006","0","0","-0.0299647887019363","-0.00754720563538314","-0.0337110573423116","0","-0.00023072232670529","-0.100000000000009","-0.00846202876722479","-0.1","0.0013821702269512","0.0031104224143923","0.00268456537066841","0.00966191091173663","0.00605450890870607","0.00221975673831309","0.00790517950711322","0.0306989868888063","0.00749067172915741","0.0122138922939383","0","-0.0363676441708751","0.0203989589126934","-0.00937995412981518","-0.00873367996875452","0.0389898595711395","0.039984824107191","0.00826939148250716","0.0128206884290609","0.016967533256703","0.0287346604020602","0.054795061177634","0.0278688990087916","0.0360522731508572","0.00244498899306667","0.0345765192851006","-0.00681820823177759","-0.0104059211611167","-0.00323450416765958","-0.00111049428402676","0.0052015721960732","-0.00842870733505574","0.00903166412667478","-0.00245092746545694","-0.00808480326281114","-0.00488460896367471","0.000955003976622952","0.000968558831280185","0.00187147198417145","-0.000441532164495112","-0.00180930569941619","0.000338884857810681","0.00386609767634512","-0.00367523558633398","0.0114559475820215","0.00282705846757998","0.00247047972465471","0.00141491027182728","0.00690476739487388","-0.00193301176670246","-0.00734808856406488","0.0113363021400907","0.0144780847066457","-0.0787183094188686","-0.103769931578249","-0.0708519836903676","-0.0272125635248841","-0.090762188790622","0.00735194786992999","0.0778836568168435","0.00527705710084359","0.0835867161082655","-0.0165132455611685","-0.00344142754987509","-0.0377727308148573","-0.00244981408674827","0.0123196187464885","-0.00367342217077204","-0.00415739277344063","0.1786","-0.00016748577718495","0.078132238593474","0.0471139373816243","-0.0800000000000001","0.0800000000000001","0.0200727034207588","0.0147460566083115","0.0204197152032997","0.0135036883331701","0.1165","0.186235088","0.1325","0.101900000000001","0.0812999999999997","0.0244628575392412","0.015116381100075","13.05000019","0.0320307238543878","0.021103661354926","-10.17203","0.159000000000006","0.279299999999992","0.033299999999997","0.00423010564383587","0.00118835426937913","0.00546163785245781","0.0128396825630404","0"
"114","2007-06-01","0.00102259953690798","0.00148138199604375","-0.00398936699303398","-0.100000000000001","-0.0110720809006857","-0.00380952841666815","-0.0050633019565467","0.0225998319172405","-0.100000000000009","0.000263678313986659","0","-0.0102730747070385","0","0","-0.0031104224143923","0","0.00479617226349305","0.0218914214818531","0.00442478598035567","0.00523561405394446","-0.023530497410194","0.00496278934212935","0.0165541778825045","0.160342650075179","0.0540672212702757","-0.0164812261837914","0.0124871549725638","0.00873367996875452","-0.0337522868048916","-0.0378949591877324","0.00469484430420763","0.0157981168765913","-0.0105709229600102","-0.0588558279250808","-0.0528207268739163","-0.132022413916583","-0.0676810601996305","0.00608644605640229","0.021396638993548","0.00908065263574631","-0.00209424160311489","0.00538504263088768","0","0.00903815061506297","0","0.00493611114143988","-0.00122777475047009","0.00426318936472292","0.0104247203230017","0.00312565010947868","0.00180109162860467","0.00222980181833616","0.00331818991122705","0.00150403407610516","-0.000812720959806916","0.00277482469158212","-0.00315093469694722","0.00401286436081251","0.00537165432888038","0.00712634616771072","0.00199258728923881","0.0113998944925939","0.00790833163014604","0.0118939924586172","0.0310083245628885","0.0412823527776656","0.0109515126035946","0.0797003340427427","0.0450847407542208","-0.0279738520424067","0.0548110928176797","0.0571223548783912","-0.0028860048891346","0.10246158096195","0.00157109223204088","0.0598753638349265","0.00604332748984859","-0.0261718107753806","0.00868331892449281","0.0166741224440825","0.00141057957897806","0.0555618085612348","0.0713999999999997","-0.000492151760214554","-0.0350207574621528","-0.00272111392272301","0.279999999999999","0.28","0.0134698217944251","0.0119303434455329","0.00867180921936139","0.00907170126673051","0.1135","0.131552381","0.2719","0.2863","0.2533","-0.0101011722164728","-0.0493782291223681","16.22999954","-0.0179769435176871","0.00667585751910726","5.85278","0.133399999999995","0.0878000000000014","-0.0630000000000024","0.00418876516822825","-0.00118835426937913","0.0176442592539208","0.0019607849419403","-0.00108518730128715"
"115","2007-07-01","0.00081732738509821","-0.000403795684873032","-0.00668451686872373","0","-0.00202634314523298","0.0189041546391531","-0.00508906950747168","-0.0225998319172405","0","0.000757688099367826","0","-0.00651847262120775","0","0.00191062578025036","0.0031104224143923","0","0.00477327875265754","0.0271861403041571","0.00440529346791596","0.00520834510713897","0","0.00247218914538827","0.0162845937645004","0.0363676441708747","0","-0.00489956884115905","-0.0177365108587075","0.0365894474322923","0.00446761725971623","0.00208550649102168","-0.00117164629689093","0.000783392127804206","-0.00853793873803621","0.0243785257951394","-0.00891536365795265","-0.0816523659687745","0.0306989868888063","0.00121285642520874","-0.0111506477195098","0.00338409798424077","0","0","-0.00557104504945549","0.00384862566129396","0","0.0175661870449568","0.00122777475047009","-0.00394214437647378","-0.00397415799397471","-0.00134048820320742","0.000295803689810999","-0.00159302533592696","-0.0071992909764189","-0.012949681643392","0.00315196241235599","0.00205655849892258","-0.00415662654050968","0.000870612148112392","-0.0013788677820474","-0.00613248415070392","0.00163599739711822","0.00505070750363569","-0.00862026545037509","-0.0191384038415681","0.0102353240406128","0.013608914804971","0.00881062968215485","0.0243560894440709","-0.0715234156595219","0.177186250229082","-0.0221456661551542","0.00314768118594877","-0.0323082432326585","0.0994045719049748","-0.0631789016215318","0.0556197152750935","0.00651871069016163","0.0098305158922547","0.0010801324212234","0.0138009173336942","0.0235820091630802","0.0795120629277344","0.2159","0.00230160533887336","-0.0115299840003722","-0.0125015954596979","0.23","0.0899999999999999","0.0128989881907202","0.00971055835793244","0.0139304732339944","0.0118263538756676","0.1438","0.234067316","-0.0415999999999999","-0.0236999999999998","-0.0436000000000005","-0.034372219150633","-0.0166283106958218","23.52000046","-0.0325044711336862","-0.0342389616826417","-13.15371","-0.240600000000001","0.00490000000000634","-0.150300000000001","0.00367476725431491","0.00118835426937913","0.00253066679823264","0.00974666585229489","0"
"116","2007-08-01","0.00149670073521158","0.000403795684873032","-0.00403226352793773","0","0.00505817972735301","0.00373832211060687","-0.00255427980509637","0.00569802111463691","0.100000000000009","0.00138212474285737","0","-0.00585618914213448","0","0.000106038916381834","-0.0031104224143923","-0.00268456537066841","0.00475060275859818","0.00191387618228411","0","0.00259403517704637","0.00475060275859818","0.00492611833605583","0.00293255342127807","0.0689928714869517","0.0344861760711694","0.0126892869064923","0.051293294387551","-0.0267006153030449","-0.0149703394588654","0.0144780191806531","-0.00587891169977617","0.00935314690664857","0.0253981906056104","-0.0384252181250435","0.0274796486264623","0.00912058439680852","-0.0263917296912259","0.00604231445596337","0.0320990446833198","0.00785197528268533","0.00835077921741956","0.0117459972992959","-0.00111794310134083","0.00638164258952045","0.00842870733505574","-0.0676551728730219","0.00855225589992248","0.00464030638885049","-0.00525498415880854","0.00189821425509092","0.00162440368117757","0.0021729228234947","0.000194467248685402","-0.00110828221326571","-0.00300763517796","0.00384804510848884","-0.00477111895067332","0.00248509197424463","0.00476026645723388","0.000649645444944736","0.00419262865181503","0.011777806668362","0.0147355506759954","0.0161489810581656","-0.00142140217898046","-0.00199675221686668","-0.113112784188876","0.07156761185942","-0.105014435017583","0.12632728743938","0.0554521648670878","-0.013623590187164","-0.215708572826691","0.0544067222071645","-0.0928049592873874","0.00435351144719753","-0.00603946863254201","-0.00379845236186538","-0.00398878262691738","-0.0510214496702579","-0.0112241283164799","-0.0836020481792588","0.0340999999999996","0.00159754450716143","-0.0419993746215148","-0.0455209702607586","-0.0499999999999998","0.04","0.0123288129026786","0.0169032249857146","0.00528682172458872","0.0155908971212391","0.3867","0.06935","-0.3056","-0.258500000000001","-0.2211","-0.00874566969733159","-0.00249924399410517","23.37999916","0.0127815385378183","0.00202303264187664","46.9705","-0.075800000000001","0.0330000000000013","-0.196799999999996","0.00173589166213915","0.00118694375952799","0.00825522330519118","0.0019379851026784","0.0021691982475458"
"117","2007-09-01","0.00169808157631124","0.000269106567824196","-0.0156094109270768","-0.0999999999999996","-0.00607289315789927","-0.0264665731881628","-0.0180650073976389","0.00566573753567745","0.0999999999999943","0.00105176673623397","0.100000000000009","-0.00801985664215632","0","0.00190678023874113","0","0","0.00472814119594567","0.0151805571770156","0","0.00258732356495095","0","0.00734397425575928","0.00438276815509475","0","0.0168071183163807","-0.0126892869064923","-0.00803217169726445","-0.00493219248931887","-0.0259754864032606","-0.00617921636595753","-0.00828897581895482","0.00926647557331783","-0.0105042982668762","-0.0326266152497965","-0.0058252591910799","-0.0143699402829522","-0.0364737731176445","0.00360794137619891","-0.000987654401272131","0.0253736723456353","0","0.00845671001822357","0.00223463780141575","0.00254129742867271","0.00119832249210905","0.0607972144088489","0","0.00517944603619824","0.0035212517245693","0.000711561421260896","0.00160299555857358","0.00179094073946307","0.0000407450411980077","-0.000539846733087967","0.00120639655027474","0.000737020112811447","-0.00523095209337327","-0.00522856642335473","0.00206617370149279","0.00263814701646351","0.0020851113618776","0.00381247637932185","-0.00843477995320008","-0.0330853678724292","-0.00223458884554617","-0.00376591992685071","0.0878295788793766","0.0276151670329732","0.164282080116156","0.10378860021757","-0.0753460258501253","-0.010229130776203","-0.117783035656384","-0.153811294112139","-0.108423305188372","-0.0720383382741341","-0.0119406883450273","-0.0267114221787724","-0.0168737138712673","-0.010906007878047","0.00367282525243839","0.0867169111779269","0","0.00678455106861797","-0.00887886988958719","-0.0804072055817091","-0.0899999999999999","-0.0600000000000005","0.01434432381558","0.000291744193745558","0.00847750113652168","0.00765335032039793","0.236199999999999","-0.0880963640000001","-0.2473","-0.1571","-0.0641999999999996","0.0171531469899442","-0.0243270302463561","18","0.0351682904217974","0.0392362507480328","72.07036","-0.050699999999992","-0.0315000000000083","-0.209199999999996","0.00612057256200191","0.00473373665019938","0.0394327457990166","-0.00972770316801164","0.00216450300957316"
"118","2007-10-01","0.00193230224369145","0.00523315518338485","0.0108844611984233","0","-0.00101574411983574","-0.0154443224274736","0.0180650073976389","-0.00566573753567745","0","0.00154277960650262","0","-0.00975733586037553","-0.1","-0.000211685013492335","-0.00312012733624378","-0.00269179166571165","-0.00236127618568016","-0.0267191467335097","0.00438597194325485","0","0.00472814119594567","-0.00244200365555169","0.00726219604178535","0","0","0.00587660848898519","-0.0152364552420901","0.00370142310318577","0.017645260269318","0.0102775827582402","0.00828897581895482","-0.0439976696136979","0.00316289140850845","0.046136682935753","0.0116167811706687","0.0500425124858976","0.055395813548861","-0.00481348703154794","-0.00793654959573598","0.00217627942259568","-0.00521105921275211","-0.00316289140850845","-0.00111669470007492","-0.00508906950747079","-0.00600602406021178","0.0106750194133198","-0.00610132843446554","0.0045043874518278","-0.00220094312293995","0.00424566097804464","0.00406642688224769","0.00327349438227817","0.00483570542232183","0.000376232937165499","0.00610082019618581","0.00481940348366646","-0.00475696696849032","0.0161311322901939","0.0057851206651207","0.00528936962794144","0.00340534295189298","0.00476382132474856","0.023194070904637","0.0291896132082758","-0.00342729425714516","-0.000838800564443076","0.0695002398703357","-0.0164774226225166","-0.0304047265817653","-0.0254926178789745","0.0435593612622469","0.00552783147979241","0.206336432997829","-0.0486714063758118","0.110256486270033","-0.0046794657219591","-0.00548378507252156","-0.0378646865849566","-0.0100398973856596","0.020121744619316","0.0128475100299181","0.0648462358722472","0","0.010586145277296","-0.139336750212479","-0.141247231990132","0.04","0.0600000000000005","0.00595138991265287","-0.00661205976734358","-0.00717936210990544","-0.00363723532485238","-0.376799999999999","-0.0495878259999998","-0.0664999999999996","-0.0351999999999997","-0.00130000000000052","0.0405401906616518","0.055389087130651","18.53000069","0.0147135610158058","0.0562943636423108","-69.85276","-0.186800000000005","-0.124299999999991","-0.2363","0.00982359698894337","0.00117994113984832","0.0616796442100819","-0.00489956884115905","0.00753907717316604"
"119","2007-11-01","0.00165812264103593","0.00387364406095791","0.0114363843166396","0","-0.0153612851614868","-0.00389864041565779","-0.0180650073976389","-0.0346855579878893","0.100000000000009","0.000950741814095935","0","-0.0133616191903831","0","-0.0016950952252488","-0.00312989300892763","-0.00269905696916517","0.00706716722309331","0.017258338229281","0","0.00515465058866393","0.00235571369245946","0.0073081933067245","-0.00580553154532115","-0.0339015516756813","0","0.0019512201312617","0.003065919621835","-0.0402064204780404","-0.00533741259472098","0","-0.00117994113984832","0.0175163714223316","0.00524935588614373","-0.0184187222107228","0.0124344021984282","-0.0151326973488715","-0.0193997094156986","0.00601324722345176","0.0255667809720066","0.00433840159859766","0.00208768343048416","0.00631581046812446","-0.00111794310134083","0.00888894741724577","0.00120409406480437","-0.0216430499701916","0.00122326918656057","0.00909999466493971","-0.000615428409087571","0.00402038477574396","0.00311956924190026","0.0016649361330911","0.00457871781547332","-0.000526417734121206","0.0028774863619191","0.00232318182976543","-0.00477846339698755","0.0117315921757987","0.00452855220350215","0.00673142134482016","0.00194378407264438","0.0050861844824736","0.028712756040111","0.0347911203715867","0.0132266939243308","0.0100788066922473","-0.080984618746041","0.00526040139918038","-0.0573008538373401","-0.0777144179139455","0.0374590514355191","0.038546802203749","0.281732203645546","0.0813846037821149","0.20166919779174","0.0111941467431524","-0.0092030578906428","0.00285264062524815","-0.0185424613049461","-0.0312638319092393","0.0123947439483943","0.11537818155819","0","0.00198207998841937","-0.0304300343330564","-0.0849422793606731","-0.210000000000001","-0.0200000000000005","0.00398998465816369","0.00693229558835817","0.0139649356064311","0.000562590316976141","0.1385","0.0141614620000006","-0.321","-0.2313","-0.147","-0.0514590885324946","-0.0818845265023374","22.87000084","-0.0450427824691788","-0.0605786428025272","0.856880000000004","-0.104600000000005","-0.274600000000007","-0.287900000000008","0.0150268949614961","0.00235571369245946","0.113500725390385","-0.00788958727516231","0.00214362354325104"
"120","2007-12-01","0.0012840008521966","0.00399149013171396","-0.0148250693621561","0","0.00514669175176863","0.0231670592815343","-0.0078431774610257","0.0571584138399484","0","0.00114624453756029","0.0999999999999943","-0.0121922992885812","0","0","0","-0.00270636159774273","0","0.0206968817711548","0.00218579321998025","0","0.0093677500035998","-0.00243013485329246","-0.0131870042819537","-0.071458963982145","0.0165293019512109","-0.00488520756604949","0.0131780923805547","0.0633358751718109","-0.00921665510492442","0.00713197113727126","-0.00710903467910651","-0.0568334747631658","-0.00419727793534008","0.00979333180837383","-0.00955117098434322","-0.0642844238169307","0.00571702367048132","0.00597730410845987","-0.00975617494536518","0.0096931292056599","0.00520021972710705","0.00418848779875169","0","0.00881062968215485","0.00240384731139454","-0.0206103544735523","0.00122177462712081","0.00943878894745254","0.00423871084352712","0.00364152719073704","0.00395224195893595","0.00181017286114182","0.00558139666620563","0.000280815561067635","0.00448857970769167","0.00235156767710015","-0.00463966128123414","0.00509682394368826","0.00373137063324663","0.00610202081888617","0.00304025695599028","0.00310695485167617","-0.0246800142445345","-0.0597296744408382","-0.0221352911119315","-0.0491017391836372","0.0276165289678474","-0.0794089456190417","0.00829880281469464","-0.179071031526506","-0.0584327600490173","-0.0645784455094098","-0.133896822922761","-0.0764094691420016","-0.11909377453892","-0.0387755432394146","-0.0201914177102029","0.0116757008884825","-0.0173768182297484","-0.0125336882858642","-0.0252422539783125","-0.0161452181621273","-0.2105","0.00128854795426392","0.00235985479294776","-0.0617441498854685","-0.0499999999999998","-0.0300000000000002","-0.00161126420201185","0.00825620044910735","0.0172595648918694","0.0162472179016167","-0.0178000000000003","-0.192808373","-0.0823","-0.0326000000000004","-0.000799999999999912","0.00176620362365654","-0.00850210214294833","22.5","-0.00866595014761451","-0.0619917119294704","0.2774","-0.131799999999998","-0.262","-0.334099999999992","0.0100590456336436","0.0011757790890119","0.0804848167030304","-0.0169749457901327","0.00107009105984446"
"121","2008-01-01","0.00209141584075212","0.00198978642290548","-0.0191918159160975","0","-0.0144780191806531","0.0411272914238632","0.0207799684917447","0.0540672212702757","0.0999999999999943","0.00189660303410655","0.0999999999999943","-0.0288720900940893","-0.1","0.00328164164720857","0","0.00270636159774273","0.00701757265864611","-0.0476734694693572","0.00869570696755328","0.00256739550524632","0","0.00243013485329246","0.0131870042819537","0.0363676441708747","-0.0333364202675916","-0.000979911886348717","0.0238817320033871","-0.0024096397201534","-0.0345403252521761","0.0101010959865038","-0.0155785055876887","0.0639117583467614","0.00837701233804822","-0.0528047087029027","0.0142927635569254","0.0346239645660482","-0.063240867808668","0.0011911853701525","0.0155645165411116","-0.036010437523033","-0.00207684394483909","-0.0105042982668762","0.00446429312868535","0.00125234831646548","-0.0012012013456344","0.0348157706585441","0.0012201751380152","0.000351975212847577","-0.00290048829231004","0.00101026580103028","0.00235191050908543","0.00016074551085166","-0.00126952622588574","-0.00590069547839818","-0.000400278106606031","0.00285904041723193","-0.00582479101469775","0.00842892899675081","0.00124182601522426","-0.000448288159222465","0.00469579171122416","0.000272946966291045","0.00750448428538064","0.0157233446495706","0.0174330880904954","0.0286901147373317","-0.0342890734786323","0.0249627321718755","-0.0953101798043248","0.0607064314454737","0.0282369302947316","0.0328545841334282","-0.0509855547328675","0.2510386803128","0.00168492036491941","0.128334692307844","-0.0335248187779698","-0.0157318921329107","-0.0352381757420017","-0.0666457293548079","-0.0244226465573935","0.0136532075545412","-0.0395000000000003","0.0318489768911032","0.0701250193792902","-0.0429815505516302","-0.0599999999999996","-0.0899999999999999","0.0949281450056425","0.0392503918521356","0.0330226726327911","0.0107358339537367","-0.7463","-0.0914870810000004","-0.2629","-0.2012","-0.1338","-0.0912292163009987","-0.07559733801871","26.20000076","-0.0631138638422053","-0.0830927624415043","62.24432","0.00310000000000343","-0.295000000000002","-0.392800000000008","0.0114471881691542","0.0128431420903192","0.0288870027120698","0.0140002286733898","0.00533334597536239"
"122","2008-02-01","0.000269541780609117","0.00039748261536765","-0.01043487729258","0","-0.00208550649102168","-0.0222231367847101","0.0228726616659918","0.041242958534049","0","0.0000326685287745931","-0.0999999999999943","-0.0173208609426307","-0.1","0.00936208384364345","0.00936044275956371","0.010752791776262","0.0138891121606672","0.00971824946892141","0.00647251450561726","0.00511510066677001","0.00465117117573044","0.0310658195748905","0.014451118538175","0","0","0.012664562841322","0.0442379822933878","0.0107979453467877","0.000798403236024647","0.00100452042600541","0.00841857046559635","-0.010240341554244","0.0175715115296544","0.00795910966756797","-0.00189393996007059","0.0535159533401082","0.00404040953700502","0.00237812240496815","0.0172253062818797","0.036010437523033","0.0144481357473865","0.0219329940904993","0.00997238181293714","-0.00376175992189154","0.0143200537747488","-0.0741980010680683","0.0169291191230281","0.0195264036164815","0.030751153986726","0.00390805356907808","0.00341593647103918","0.00175485973531113","0.0061601069099376","-0.00140136471768244","0.0030782451424449","0.00307778387096578","-0.00539252792842164","0.000745527280883312","0.00424849611567241","0.000283498838603177","0.00853018744697316","0.00194826282804509","0.00715170559175426","0.0242082263482342","0.00637311970163168","0.00883320737165327","-0.00849262004565343","-0.0447539991236088","0.051118453929023","-0.0380172491250281","0.0334089185416691","0.0156835036642207","0.096707804070963","-0.127482432745096","0.0808194067417087","-0.0371533012562741","-0.00531023261777985","-0.0153716936827417","-0.00501892510145902","-0.00860210992517896","-0.00305064300041225","0.0300284356097285","-0.2024","0.00489326906448539","-0.0461427243132722","-0.00662016712267288","-0.23","-0.23","-0.00091415371468706","0.00298627765849346","0.00717769394909595","0.00354980473885824","-0.0024999999999995","-0.172680087","0.0121000000000002","0.1309","0.1595","0.0042972505549379","0.0186575218339904","26.54000092","-0.0353797396290574","-0.0118022354136413","-31.47451","-0.138599999999997","-0.44556","-0.464099999999988","0.00768189583975839","0.0034742362681861","0.0276967974049107","0.0167409128808904","0.00106326432133041"
"123","2008-03-01","0.000740865499453847","-0.00039748261536765","0.00627398363341491","0.0999999999999996","0.0318465536518522","0.00373832211060687","0.0297051544139162","-0.0050633019565467","0","0.0017951275281014","0.0999999999999943","0.00012846040225778","0","-0.0044071424952925","-0.0031104224143923","-0.00536194314138516","0.00458716400690573","-0.00387597384469274","0","0.00254777207879897","0","-0.0166077363996608","-0.00143575042610422","0.0350913198112703","-0.0521857531705701","-0.0284751688679634","-0.0266936726424785","0.00713439411387462","-0.0104292962969854","-0.0285151703080206","-0.0291636707354428","-0.0281030136434035","-0.0322776589193499","-0.0287211011159973","-0.0396378617590383","0.00987662349591201","-0.0281132749390895","-0.00356930777512066","0.0225150223676351","0.00534474815888064","-0.0154881774428004","-0.002068253064059","-0.0022075064152105","-0.00377596420953452","-0.0167267938053133","0.0736244866332738","-0.0181492942610433","-0.0150309005517926","-0.0272421570994812","0.00238314102621437","0.00330493365406581","0.00157553639945003","0.00144740797605032","-0.000944754126131379","0.00242230392577064","0.0043040225262535","-0.0063027686834881","0.00499302191711526","0.00236475227751084","0.00384266039402797","0.00406624716762756","-0.00310763154136904","-0.0174579762311886","-0.021336526335757","-0.021123071127592","-0.0199473086507567","0.0492300443937577","-0.0142963777024132","0.0441917258753017","-0.149290540280299","-0.0213202554184218","0.0032980415243955","-0.0753980174842122","-0.195566783543976","-0.0808194067417087","-0.16003651200452","-0.0145055675281327","0.0212752529538671","-0.0319715935305242","-0.0405807116548162","0.0198645301705896","0.0871517327918179","-0.0476000000000001","0.000950198357690724","-0.137854518239074","-0.15931127011331","0.0200000000000005","0.0599999999999996","0.00775067363551152","0.0140132993503688","0.0166249568672576","0.0109727583250603","0.247999999999999","-0.0244117790000002","-0.2896","-0.1784","-0.0772000000000004","-0.0289477980252997","-0.00544794096786205","25.61000061","-0.00597745304443009","-0.0156468982445319","11.08618","-0.290599999999998","-0.641729999999995","-0.548900000000003","0.00959671789805833","0.00230946984866254","0.032370213281903","0.0183846494013196","0.00318302656012115"
"124","2008-04-01","0.00144647237397422","-0.00318556149397509","-0.013291556292061","-0.0999999999999996","-0.0360306601744256","-0.0112571545246345","-0.0098040000966213","-0.0309303006913586","0","0.000130429111962371","0","0.017697323550343","0.1","0.000315440831172964","-0.00312012733624378","-0.00269179166571165","-0.0115076068514792","0.00966191091173663","0.00214822853828966","0.0076045993852194","0.0092379409849368","0.0023894873973811","-0.0247285327757236","-0.0350913198112703","-0.0180185055026785","0.0148297329710498","0.00769974930130335","0.00354820005609735","0.0175863845020761","0.00925456476620568","0.023157646675231","0.0129451645920371","0.0136628504771172","-0.0129034048359076","0.00981362144832421","0.0170527883827187","-0.00989849186505332","0.00594178812875068","0.00462749553204755","0.0499064055964107","-0.0104603464249022","0.0143887374520997","-0.00110558330774957","0.00628537581496058","-0.00120554565534903","-0.007411712603834","-0.00122177462712081","0.000441719066316182","0.00170734854008003","0.00511095410490568","0.00406955750907372","0.00466206117202429","0.00674602606708928","-0.00172084282663725","0.0021810855150235","0.00430538521276751","-0.00647776397790844","-0.00133741977146313","0.00554091700568895","0.00613708311658805","0.00548408838410416","0.00323477594647934","0.0175428082638156","0.0384166213104837","0.0102228302210126","0.0259024681710454","-0.0909556690500875","0.110343671213572","-0.19447392892464","0.293387941350794","0.0164479012071634","0.00879922861660987","0.260973121187259","0.0570102547167801","0.181198592049331","0.0591651226519812","-0.0191794407037378","0.00328685554874475","-0.0248864749099597","0.0072315034877013","-0.0107908397326122","0.0510665222467424","-0.1705","0.000605096108213132","0.0278244406789554","-0.0571175568946991","0.149999999999999","0.26","-0.0037588850272563","0.00703406364601911","0.00324917287376536","0.00606453580528665","0.0288000000000004","-0.22781268","0.2337","0.1982","0.1914","0.0573876307913412","0.0108366484721252","20.79000092","0.046450952167211","0.0576736703478242","-43.12314","-0.581600000000009","-0.918629999999993","-0.665230000000008","0.0136316194899537","0.00575044712843731","0.0173710831281498","0.0142791574174721","0.004228336109521"
"125","2008-05-01","-0.000908005644937759","0.00146130879541317","-0.017045867272989","0.2","0.0360306601744256","0.0370412716803497","0.0243321006595307","0.00522194398115161","-0.0999999999999943","0.000782217626742465","0","0.0277536324922005","0.1","-0.00696278791455551","-0.00626961301359552","-0.0054054185669079","0.00461894585629441","0.00192123017789392","0","-0.00252844635335858","0.0204785313435405","0.00238379135527644","-0.0329371090740862","-0.0363676441708747","-0.0183491386681967","-0.00788181420225342","0.00573615339552447","0.0393569312841251","-0.0248709169167052","0.0242681272724372","-0.0243914531241591","-0.0343451582039718","0","0.0285151703080206","0.0203003587994584","0.0203234729719144","0.0324519849819396","-0.00952388151125572","-0.0376337920002179","-0.0573970773255681","0.0208124057459349","-0.0164612770540726","-0.00665929208997706","-0.00881062968215485","0.022660480656608","-0.0372343672076383","0.0265396125066069","0.0327933261152964","0.0416188843856151","0.00446937317671241","0.00422336673149702","0.00310635775758904","0.00531503307818862","0.000495203651291446","0.0040412449494704","0.00370051115282849","-0.00610741567651596","0.0119995955702651","0.00414684293750745","0.00735140130916028","0.00450550141290768","-0.00329157609930091","-0.0101458795130629","-0.0148139573837849","-0.0267008309953667","-0.02666824708216","0.0466884139984582","-0.0579636915494","0.0371395469494571","-0.176570029700011","-0.0301460607044159","-0.0241666837503711","0.134401083938942","0.198148626029441","0.0886486127664154","0.0677587444750634","-0.000207742296429281","-0.0245111543867821","0.00420418657560601","0.00742307597526803","-0.00892093705801189","0.11856713777239","-0.0795000000000003","0.00328963816081185","-0.188186832663693","-0.34243630142196","0.260000000000001","0.2","-0.011517743845145","0.00329881200978832","0.00352904930416642","0.0077140675874432","-0.0936000000000003","-0.0486636360000006","0.3821","0.225099999999999","0.122400000000001","-0.00571964004365988","-0.0072379305695911","17.82999992","0.0106176147613928","-0.00219150816736891","-19.92414","-0.300699999999992","-0.946090000000012","-0.789139999999989","0.0250363437667223","0.00229095174655569","0.0661196345781058","0.0168701283034851","0.0146599484106842"
"126","2008-06-01","-0.00087515573258834","-0.000929676672312141","-0.00791086470087876","0.0999999999999996","0.0220008873977591","0.0108500160240652","0.0446607708274209","0.0703807967617998","-0.100000000000009","0.000651380950598579","0","0.0408858196590343","0.1","0.00580568475068777","0.00626961301359552","0.00809721023261956","-0.00230680609791545","0.0019175461292722","0.00214362354325193","0.00505051578606874","-0.0297164723284773","-0.00238379135527644","-0.021539294246991","-0.037740327982847","-0.037740327982847","-0.0039643263019089","-0.012470185576869","-0.0229631215084494","0.0032441228776241","-0.0222231367847101","0.0061538655743778","-0.0252751449581945","-0.00943897936093219","-0.00114810575183188","-0.0222553936352616","0.118177435188216","-0.00508131174615389","0","-0.0174085634282637","0.0430965271833719","-0.043141882144023","-0.0072879031575912","0","0.00126342404677171","-0.0372415409319","-0.0334500735575718","-0.0376029513269778","-0.0246504777705105","-0.041993900888265","0.00649979007866311","0.0046947968338089","0.00580908148503957","0.0100461027981598","0.00634228463159444","0.00372419122081839","0.00381016202281567","-0.0061823342762521","0.0135339231425775","0.00792944345852478","0.0163450535781878","0.00386056487588374","0.00113531066055387","-0.00446601850214279","-0.00925040321436832","0.0394856374392969","0.0531668828564946","0.0412179557212315","0.115984306686377","0.0528917186075857","0.258467312144618","-0.0199294852365988","0.0459159056685099","-0.0912615912783243","0.170544489602935","-0.0802569551301673","0.116670294658457","0.000975581343187315","0.0176763351931702","0.000237445091938321","0.0250876267179976","0.000865162017373633","0.0746662155623392","0","-0.00452481679129768","-0.0930676368053991","-0.135481456804689","0.29","0.34","-0.00147705502136297","0.00701227539412308","0.00455720174669771","0.0136271256038842","0.104200000000001","0.00125000000000064","0.5423","0.342000000000001","0.172199999999999","-0.0763496228805947","-0.0942082242436602","23.95000076","-0.0898835540015046","-0.0952224990753439","29.6044","-0.068940000000012","-0.882570000000001","-0.889140000000012","0.016211180681151","0.00114351070207963","0.0541853045147457","0.0445325739167908","0.00207684394483909"
"127","2008-07-01","-0.00283267202293835","0.000664142947968571","-0.00144508695668044","0.2","0.0613807215412914","-0.00360360750329836","0.0159638509890137","0.00484262447578754","-0.200000000000003","-0.000455922110349505","-0.0999999999999943","0.0392796250505567","0.1","-0.00221273995768279","0.00312012733624378","0.00268456537066841","0.00230680609791545","0","0.00427351077738169","0","0.0161108202726989","0.00238379135527644","-0.0299943558681912","-0.0392207131532816","-0.0392207131532816","0.00791299875732498","0.0210131895988166","-0.00699303549096975","-0.00894678598980647","0.00305966582395545","0.00489597061220692","-0.00170794234515625","0.00943897936093219","-0.0440341170414005","0.00682596507039968","-0.05957364957046","-0.056589219234926","-0.00720291229405756","-0.0696899785211071","-0.028170876966696","-0.00539084863487638","-0.0243269532241115","-0.00334635002734451","-0.0050633019565467","0.00244498899306667","-0.0499339458542352","-0.0012368861869918","0.00686484463657777","-0.00325842194081538","0.00330751513445641","0.00308275553212941","0.00284793861242276","0.00219519214180494","-0.00600598999556002","0.00529711569202509","0.00437869493810922","-0.00540263812649594","0.00831580446778156","0.00289322021437752","0.00309507752400837","0.00353923569677453","-0.000174424414649875","0.0182528842559719","0.0281762550311857","-0.0160561913556716","-0.0245015859742619","-0.111525087115297","0.000744694089274134","-0.322874213959966","0.0235809425889064","0.0638514719865331","-0.0521827517223716","0.105360515657826","-0.0318611020689845","0.144956131742419","-0.0635134057223263","0.000944390187590294","0.00822598551327214","-0.00166330084681768","0.0105608377893782","0.0112298210839904","0.00301841460680841","0","0.0225568897965687","-0.0836732077230771","-0.0697535756087362","-0.0300000000000002","-0.25","-0.00463893950290206","0.00178588398327406","0.0016806288524851","0.00722863953211395","-0.0972","-0.0227391300000006","-0.242","-0.1609","-0.0869999999999997","-0.0379998910136026","-0.0321204794354859","22.94000053","-0.00990829654130998","-0.0418882854929254","-18.49482","-0.506449999999987","-0.568579999999997","-0.924929999999989","0.00758617599710063","0.00114220457877678","0.0137284529608746","0.0289113434944204","0.00414079266603196"
"128","2008-08-01","-0.00108122729819726","-0.00159468472332414","0.0050486944599788","0.2","0.0338395342487647","0.0249567319738677","0.00451468035452685","-0.0145987994211527","-0.199999999999989","0.000293116646238545","0","0.046700231534027","0.0999999999999996","-0.00295795694226886","-0.00312012733624378","-0.00537635703638006","0.00230149698827908","-0.00769234562315635","-0.00213447252863208","0.00251572459724692","0","0.00237812240496726","-0.0145281005629103","0","-0.0833816089390509","-0.00692044284457349","-0.0219789067187754","0.00931322214666697","-0.00327332534496882","-0.00715383735661845","-0.0160003413464409","-0.0330177690286737","-0.0157814953374027","0.00896331068182743","-0.0117303397854895","0.0361683258389087","0.00484002020400087","-0.00241254640538457","-0.0158147734660217","0","-0.00977737283829505","-0.0075228726629879","-0.00335758569484579","-0.00126984144047615","0","-0.0740643194946715","0","-0.00445811162325072","0.0018223710269698","0.00400287677208208","0.00364772299637565","0.0032070111401263","0.00342311034080244","-0.00417783678357633","0.00514958756161196","0.00450442744104928","-0.00560853477310487","-0.00540663429551343","0.00210294126489608","-0.00437104899700905","0.0114131032727099","0.00140330285788087","-0.0215939446468685","-0.044258415919364","-0.0303648976332482","-0.0423952072712463","0.0971707736636134","-0.049596941139372","0.178089090765442","-0.306214320580708","-0.113216927413022","-0.040659679614226","-0.253602758798918","-0.185203403168844","-0.206713009918113","-0.0855221734381617","-0.0164736100629144","-0.0117865820384637","-0.0000792738515615898","-0.0282718514431224","-0.0511344591787454","-0.158732185638491","0","0.0011451337882189","-0.0521623033273411","-0.011633704117779","-0.28","-0.27","-0.0126369552014225","0.00390085549646457","0.0135136163390221","0.0151383436539803","-0.0655999999999999","-0.0128208699999997","-0.3765","-0.3227","-0.1953","0.0425418755138374","0.0575973647208272","20.64999962","0.0121167592163998","-0.034300779961026","4.36336","-0.903710000000004","0.00763000000000602","-0.880890000000008","-0.00980202334423457","0.00341880674878592","-0.0601234544226061","-0.00432713786388206","0.0010325246141889"
"129","2008-09-01","-0.00152245652345506","0.000797660239049591","-0.0144930073025664","0.0999999999999996","0.0301174224641576","0.0174524499512261","-0.00904983551991823","-0.009852296443011","-0.100000000000009","-0.000521155674476859","-0.0999999999999943","0.0461661064089141","0.1","-0.00328511925813046","-0.00312989300892763","-0.00269905696916517","0","0.0172253062818797","0","0.00250941160542606","0.00228050269872515","0.00237248035363091","-0.0313816007411676","-0.127833371509884","-0.0444517625708341","-0.003976148379639","-0.00970881412696034","-0.0198953314772039","0.0154537439018396","-0.00411100270652209","-0.00497513464011412","-0.0142351158218723","-0.00425080342519468","0.0549747901434996","0","0.0554825695406267","0.072420466959219","-0.012150817782512","-0.112351479612432","-0.0543612092188877","-0.00877198607283702","-0.0396091380950452","-0.00112170510919984","-0.0102172025466549","0.00243902559935893","-0.0330420278296488","0.00370596855638539","0.0027996607808678","0.000486043942146352","0.00411272453829947","0.00322878998377285","0.00210806660717166","0.00616737043106453","-0.00110166863083689","0.00231959049321767","0.00498173811576243","-0.00597976168891189","-0.00156177357741647","0.00419698304616814","-0.00330913427748779","0.0176987560791775","0.00122265015605004","0.0188644485435052","0.029047122148512","0.00253577386376413","0.00671881155894383","0.113758885356658","-0.117163931382711","0.152518026403373","0.130649546249634","0.00838083770810449","0.00808233642940159","0.315638149718371","0.0277499129529026","0.230523658611832","0.00468824112345523","-0.0179840498885024","-0.0445865025286288","-0.00660173405831146","-0.073691920789476","-0.048986064557359","-0.152430154422133","0","0.001715245683787","-0.011742158310927","-0.0113368023587146","-0.25","-0.12","0.00938671088354504","0.00459315373877978","-0.00288571073061483","0.0143234452536536","0.143999999999999","-0.104503636","-0.2024","-0.1566","-0.0819000000000001","-0.144118185409265","-0.173403624808849","39.38999939","-0.0951807653357317","-0.142500125273855","63.74712","-1.03344","0.169920000000005","-0.802570000000003","-0.00141647305711779","0.00340715832161376","-0.0219791710519748","0.0248406776969849","0.00617285910708087"
"130","2008-10-01","0.000710768167202502","0.00952262188614483","0.0238020612802901","0.2","0.0368349994160964","0.0797765024277206","0","-0.0149628726767128","0","0.00273304220877257","0.199999999999989","0.0441285186355778","0.2","-0.00116828646924283","0","-0.00270636159774273","0.00458716400690573","-0.00380228594973886","0.00426439878645724","0.00500001041670561","0","0.00472814119594567","-0.0587388171716592","-0.200670695462152","-0.120627987788615","-0.000996512289739293","0.00292255444260192","0","0.0112360732669261","0.017356229456543","-0.0150756624054473","0.033483304126789","0.00318979536810016","-0.0651393021709614","0.0223635960868585","0.086756762093283","-0.0821240471419573","-0.00367422336188472","-0.0155785055876887","-0.0214576273384637","-0.0177782460212841","-0.0192640518152745","0.00447929080404563","-0.00257069550310085","-0.00733499621156586","-0.0409496879908033","-0.00618434007587165","-0.0136853438265234","-0.0236990102984347","-0.00157107758219658","0.000437103972757064","0.00119100322652473","-0.00637960955564073","-0.00335798946389083","0.0047548742602426","0.00256634293464911","-0.00591499197880193","-0.0147436753012786","-0.00157969758385972","-0.00572176989724398","0.00220211266568345","0.00121728140471191","-0.0191667721184086","-0.0308194390299885","-0.0186238722286305","-0.0223424171359792","0.0517847250750005","0.154276315859837","0.130462964319508","0.103654515812726","-0.0366133726579871","-0.0423210135730159","-0.113328685307003","-0.0925770760321516","-0.0770081010669594","-0.0828530139727919","-0.00417171839015129","0.0450887627099559","0.014812738662068","-0.124588152199935","-0.0622800555632959","-0.306263600483686","-0.3913","-0.0144915706601374","-0.00106504828316467","-0.0212610748292246","0.04","-0.13","-0.00152625105373438","0.0317214891854896","0.0400550818221443","0.0259484946874267","0.2224","-0.480992886","-0.2849","0.00879999999999992","0.0960000000000001","-0.128721194201575","-0.227584073530974","59.88999939","-0.185636473585464","-0.220145051318484","60.54828","-0.996650000000002","0.0387299999999868","-0.681599999999989","-0.0192232175385541","-0.00227014853453866","-0.0985746736972592","-0.0205135398331029","0.00102511541524564"
"131","2008-11-01","-0.000947803198704023","-0.0025041199246747","0.0056858717503534","0.2","0.0298282262880454","0.0345403252521761","0.0313224711290419","0.0585533087515744","-0.0999999999999943","0.000974279110581122","0","0.0834487804457131","0.2","-0.00159532073185886","0","0.00270636159774273","-0.00229095174655569","-0.0019065782705816","0.00636269378782828","0","0.00454546237167452","-0.00236127618568016","-0.0643013013523284","-0.117783035656383","-0.108213584640233","-0.0427763789916433","-0.0591058341243444","-0.0227146645825327","-0.0225998319172405","-0.0339713572671378","-0.0532939619438473","-0.0671994818099106","-0.0478352062741632","-0.0243321006595307","-0.0362252041734825","-0.0018691594227036","-0.0163848559015589","-0.0061538655743778","-0.0648606342020406","-0.0219281723386118","-0.0112740765732182","-0.0219789067187746","0","-0.00645580034287097","0.00367422336188472","-0.212710517143401","0.00247837151948627","-0.00261393639747531","0.00250181345402112","0.000456187665443462","0.000759446732379764","0.00279758266158953","-0.00334341683813232","-0.00183426283941118","0.00515452359567965","0.00351978644289444","-0.00574047592110791","-0.0160619811904142","-0.0071085253233784","-0.00809039361458599","0.0030824406095722","-0.0171656508775537","-0.039135189500108","-0.0679712958922796","-0.0278444598132079","-0.0348377793997976","0.131048733445004","-0.0103549353075767","0.214873430735174","-0.0579957524918564","-0.069508304759669","-0.0714907741391322","-0.553843008849682","-0.127938352875788","-0.401027699876041","-0.0457460217882035","-0.0666828972332754","-0.0639662520751829","-0.0547008199351341","-0.130468387418952","-0.0969802125863602","-0.310955370495573","-1.3837","-0.00354718439382218","-0.32958121063751","-0.179616187390874","-0.41","-0.73","0.0182630350552486","0.0286383396936234","0.0245053569762081","0.0132006789949752","-1.6862","-1.626948478","-0.6172","-0.3218","-0.0681000000000003","-0.0230226172506862","-0.0305941482569221","55.27999878","-0.0777983573516607","-0.0665364979768905","-59.81732","-0.796549999999996","-0.0837099999999964","-0.494880000000009","-0.0180799509640297","0.00453515516539138","-0.170896029432467","-0.0360478590637401","0.00612872194137282"
"132","2008-12-01","0.000372458399009901","0.00118694375952799","0.00987314084993685","0.0999999999999996","0.0202027073175195","0.0685812641545303","0.0131292914417926","-0.00952388151125572","0","0.00243155301440545","0.200000000000003","0.0693320845159846","0.3","-0.00287800657001291","-0.00313972000466789","-0.00270636159774273","0","-0.00382409643840287","-0.0021164029063776","0","0.00452489459828964","0.00471698987813962","-0.0586105224447335","0","-0.089612158689687","0.00104004169541394","-0.0250796843970233","0.00482509983175738","0.0121705356202551","0.0196999631618047","-0.0175088647883435","-0.039702757028607","-0.0067039357221903","-0.00184899898594715","0.0226722377687789","0.0739074976968377","-0.00607568839425721","-0.00123533060799286","0.00642262965646712","-0.0248093055130783","-0.0194625490749116","-0.0176995770994015","-0.00111794310134083","0.00258732356495095","-0.00244798163864068","0.1785993971389","0.0012368861869918","-0.0153139295860019","-0.00698482277828028","-0.00334841316640739","-0.00120020941254664","-0.00536994047181255","-0.0121012100190333","-0.0171979585461937","-0.0124729208668134","0.00257590021204648","-0.0352248966751393","-0.00666817279560409","-0.016542104918045","-0.0101321668206442","0.000475432096177994","-0.0486278595236938","0.00166064534023214","-0.00278857709856695","-0.026669527499271","-0.0401006950612572","0.0157403605185618","0.100856863146536","0.0882088088481314","0.139919269905178","-0.00944361808779526","-0.112492626537472","0.177425586181748","-0.249067236324001","0.0975502083105484","-0.152556206994101","-0.0654355432573563","-0.0164614991716275","-0.0865207498450881","-0.0916807688865466","-0.0317276670684572","-0.272231662630023","-1.0821","-0.0049342406850883","0.000456558470242285","0.179837695864478","-0.19","-0.33","0.0191229800970358","0.0245497872554274","0.0182511170003323","0.0183760651966747","-1.2458","-1.132090238","-0.5125","-0.6333","-0.5437","0.0346777524498671","0.0429800864868035","40","0.00779114671185344","-0.0202027073175191","-19.9899","-0.619550000000004","-0.260530000000003","-0.270949999999999","-0.0174198943462178","0.0101295182388554","-0.132259668618297","-0.00538600942957057","0.0101317989304075"
"133","2009-01-01","-0.00373084139168434","-0.000131813089231159","0.0014025247740852","0.2","0.0314986670593713","0.0227930095285567","0.0487901641694313","0.0693117998902286","-0.299999999999997","-0.00139336715078997","-0.0999999999999943","0.0507504982959253","0.1","-0.00922258547643207","-0.00630916919326463","-0.00271370587159625","-0.0350094096666531","0.00191387618228411","0","0","0","0","-0.0389792936051725","-0.0645385211375711","-0.0645385211375711","-0.0241989714574435","-0.0355449374194112","0.00480192999540741","-0.00566115543473877","-0.0165635256716747","-0.0416148812356347","-0.0433565441843546","-0.0318933637759535","0.00307976837208024","-0.0216757254790396","-0.0104804452747","0.0121146856110252","-0.00495663963992854","0.00383387051072237","0.0213025807038685","-0.00579711768432656","0.00475060275859818","-0.0033613477027048","-0.00648090408408297","0.0158058001711883","-0.0464823826788257","0.0073891421683534","0.0125953082896118","0.00688344507227256","-0.0000868083177574131","0.00104393906041892","0.00116690778543945","-0.000308600322496588","-0.00204423229875389","0.0104989543828544","0.000699316295761906","-0.00429366512820322","-0.0132339387997609","-0.00697377029628554","-0.00412984185647401","0.000984282139406295","-0.0224239918329917","-0.0479496726005131","-0.0425246631803695","-0.0252273620389349","-0.0177748906528397","0.0169834251915475","-0.119822065095919","-0.087217728489505","-0.0594127188168594","-0.0835017218453267","0.00160458487149739","-0.210948278220392","-0.217268586871189","-0.162215239663988","-0.109914446111184","-0.0145837652140921","-0.0370289505169026","-0.0112923520330645","-0.0389181494061761","-0.0277729289888166","0.0837520034133963","-0.5477","-0.0759691027383926","0.00562390218322761","0.0249973959554168","-0.34","-0.42","0.00583924887296661","0.00525723794509858","0.0148223776998382","0.0178123655101405","-0.8786","-0.326533333","-0.2361","0.0461","0.129700000000001","-0.0608227240192392","-0.0174604370068501","44.84000015","-0.0895498795780059","-0.098580794438214","23.20928","-0.769230000000007","-0.270099999999999","-0.0549000000000035","-0.00709044556419476","-0.0180795885043166","-0.0638115612079133","-0.0320100489179005","0.00903167203034716"
"134","2009-02-01","-0.00214304019427658","0.00158061149872779","0.000700525422693055","0.399999999999999","0.0417517946802217","0.0706815856512852","0.0504647939259097","0.0350913198112703","-0.200000000000003","0.00110189277418193","0","0.108932465200684","0.5","-0.00507642716778101","-0.00316957476127921","-0.00544960476756495","-0.028917677639579","-0.00191387618228411","-0.00424629088145068","0.00249066131245179","0.00450451212110448","-0.038374012881615","-0.0275733269041005","-0.0689928714869517","-0.0689928714869517","0","-0.0154699217721319","0.00715993512209234","0","0.00935071748243388","-0.00853490244983668","-0.0463761617901506","0","-0.00307976837208024","0.00892420399700811","0.12526642739946","0.0016406894574601","0","0.0151901654939746","0.00583772819568562","-0.0379192348622936","-0.0131188524291144","-0.00224719195690515","0.00389358051913202","-0.0194890455874841","0.0270426540725532","-0.0148334013347613","-0.00820049261159106","-0.0244069808543497","0.00477104748935372","0.00294872772186218","0.00472346277181251","0.00797420688635985","0.00548126765747576","0.00958649667621648","0.00176271034318923","-0.00494551957379705","0.00674362457708088","0.00260492475143928","0.0101236333227282","0.00180054751910647","-0.0131072358552","-0.0015773430930377","0.00537162263790947","0.00425728550592552","-0.00329443885083691","-0.22450654018763","-0.115328095473901","-0.343530270792247","-0.278633908053462","0.0414328537362056","0.00114455775342392","0.334847540894211","0.0409893445331964","0.258932659165795","-0.00138408326593886","0.0248414288467327","0.0137407170187972","0.0311074083837574","0.0253964289006259","-0.00284100942916921","-0.00276625349289006","-0.5202","-0.000784671379609136","0.0528635442266747","0.228824038505088","0.0299999999999994","0","0.000175713668271626","-0.00456594674501964","0.00332955937379076","0.012021131123074","-0.232","-0.428636429","-0.1333","0.02","0.0636000000000001","-0.0744580297297128","-0.03279990751399","46.34999847","-0.116456513159422","-0.102362000987621","-20.29688","-0.659359999999992","0.21893","0.195730000000012","0.000900150062777987","0.00113960126293389","-0.0177623906296917","-0.0187622764555231","-0.0020000006666665"
"135","2009-03-01","-0.00320611482384159","-0.00541076872685053","-0.0077329032088489","0.2","0.0147604155831207","0.0684677992774603","0.0291000164864412","0.0170944333593006","-0.299999999999997","-0.00116674782317006","-0.100000000000009","0.0517593609567948","0.2","0.000865894631437492","0.00316957476127921","0.00272851465320434","0.0570225719596875","0.00763362485507102","0","0","-0.0135748690910686","-0.0197537287362328","-0.0217399866364056","-0.0741079721537217","-0.0363676441708747","-0.0074826645226711","-0.00111420624340397","-0.0204211300634762","-0.0271286673882525","0.00103359182328333","-0.0158390640297466","-0.0464195585550957","-0.00580384681980028","-0.0370761913360447","0.00786631391598203","-0.0714302757514895","-0.0452717708168651","-0.00873367996875452","-0.115743659312256","-0.0367557675989962","-0.0036297680505788","-0.031709973896894","0.0078431774610257","-0.0104167608582557","0.00979199990461765","-0.0289541703466885","0.0123764520618286","0.00898924742728013","0.012675647232669","0.0000409614562549472","0.00118041301232271","0.00270100023411615","-0.000759167036831339","0.00665868227532181","0.00352649546838062","0.0016628209901519","-0.00437993784271505","0.00307885084929706","-0.00128911922981181","0.00215900293612521","0.000831595895995094","-0.0124649527038439","-0.0161033310697913","-0.0286414696397816","0.0275654788264585","0.0349176272813487","0.0504715060990772","0.192720264014852","0.178590209181096","0.188430311282276","-0.0220373659831239","0.0379351961720804","0.0054054185669079","0.148973791647725","-0.0301370944202386","0.0591570308477651","-0.0247075439420561","-0.00183982434190733","-0.0358811253349721","0.0359420867417688","-0.0165825034681603","0.0716977357413557","-0.5068","-0.00812135842663864","-0.00772174943718795","0.0348805258920208","-0.0199999999999996","-0.37","-0.00479199981049661","0.00696990776033246","-0.00339968298157345","0.00607179470212849","-0.259","-0.374939545","-0.2403","-0.4402","-0.332400000000001","0.0278102520034542","0.052301994914373","44.13999939","0.0819526934791348","0.0448854934348639","-6.23624999999998","-0.158290000000008","0.601820000000004","0.454269999999994","-0.00679523394964383","0.00454546237167452","-0.0494367993692897","-0.028820438535492","-0.0100604470258414"
"136","2009-04-01","-0.00400500304278495","0.00171878141077464","-0.00921665510492442","0.3","0.0373875320716204","0.0800427076735364","0.0245526970058787","0.004228336109521","-0.400000000000006","-0.000908412611540399","-0.0999999999999943","0.0361911528184935","0.0999999999999996","-0.000974184197843009","0.00315956029036846","0.00543479598595686","0.0114811823739567","0.00379507096855125","0.00424629088145068","0","0.0202938193398134","0.0534107517397082","-0.0267276489058146","-0.0800427076735364","0","0.0138521128081512","0.0110865880563411","0.0566188939995076","0.0189852999110807","0.0143592210778882","0.0215370851443843","-0.00999453072499623","0.0104227926760947","0.036459097826798","0.00195694778696165","-0.069765692022993","0.0419876956156751","0.00997514505681973","0.0291890076103094","0.0203234729719144","-0.00242718565761102","0.00986444497091377","-0.00335383209843076","0.0130040844232067","0.0048602768822521","0.0734491153432728","0.00490787673838966","0.00613881502271596","0.00510204033755457","-0.000712795443664482","0.000688838160412883","-0.000135890868182592","-0.00107108015194232","0.00789374458708388","0.00349023542161481","0.000377098439119834","-0.00460757694886831","0.00495780109302162","-0.00219814138047305","0.00298678703015454","-0.0012872156500457","-0.0157354676105547","0.0257869903707899","0.0429850398035292","0.011438308056535","0.0174900551500325","-0.0698774358966858","-0.186929859880149","-0.0417472666893142","-0.191375821512032","0.0598936744535425","0.0147583985085848","0.112076457623263","0.144714304864269","0.0863401909787962","0.0790379853947041","0.0234717039211887","0.00584227562422834","0.0263364295303281","0.0467526664106614","0.0374580812973718","0.0753043830641307","-0.0682","-0.00186790391522962","0.0192882901368403","0.074683529275033","-0.0700000000000003","0.0399999999999996","-0.00973278081010243","-0.012831365189081","-0.0105672133816039","-0.0135434632464406","-0.3002","-0.112480455","0.1828","0.1575","0.234900000000001","0.090935626789344","0.166550719106599","36.5","0.0897722183125813","0.112680988449932","-13.46152","0.525890000000004","0.658060000000006","0.70026","-0.00250313029409435","-0.00113443007061154","-0.00215494033375415","-0.0520117220881797","0.0050428750338618"
"137","2009-05-01","-0.00233508570784835","0.00513868974502785","0.0183491386681967","0.2","-0.00282685700615293","0.0887067715748744","0.0294138852062931","0.0125787822068597","-0.200000000000003","-0.000681851415283319","-0.0999999999999943","0.0252284473594999","0.2","-0.00358015028457359","0","0","-0.00228571528085642","-0.00951481964133816","0.0021164029063776","0","0.0198901584792202","-0.00236686501026551","-0.0274616799413883","0","0","-0.0149256502166759","-0.0200452146012324","-0.0208582301204094","-0.000817995955631368","-0.0373487393025878","-0.0157483569681398","-0.032901436194388","-0.0221325283490028","-0.0111733005981245","-0.0429421942870087","0.0630878708803877","-0.00439561147303813","-0.0124845566622458","-0.0491326885776449","-0.00593473551981472","-0.0122250911292587","-0.0148333992941012","0","-0.0156253179030807","-0.00364299127850032","-0.0323788157228329","-0.0061386736374125","-0.000557345647877128","-0.00584906128809948","0.00334073699882285","0.00230599475388671","0.0043522773302654","0.0054988616014559","0.00707526929055061","0.000735466822413178","0.00358134996093904","-0.0034502951224249","0.0108668235201409","0.00529701866773032","0.00828569283720032","0.00335781293448764","0.00289027057324468","-0.0380733410223524","-0.0664854126486443","-0.0635752948123951","-0.0832726970830269","-0.0809385998048144","-0.100752212571631","-0.00427220668101924","-0.0789985136042723","-0.0538930180819168","-0.0500660727485904","-0.250626197008041","-0.077799716078955","-0.180845541765834","-0.0532633627060886","0.0185536179421515","-0.0145857457411569","0.0122930463089239","0.0246081022065168","0.0473814737754527","0.132684082782418","0","0.00162190408511975","0.0274521373448327","0.0459848660478137","0.0499999999999998","-0.0399999999999996","-0.0107804775687583","-0.00386092826154005","-0.00773766247574237","0.0041991067087892","-0.1744","0.003358684","0.0851999999999999","0.2134","0.1333","0.0359664745916328","0.00569500247909183","28.92000008","0.0517205770550353","0.157433562826905","2.96092","0.724040000000002","0.520150000000001","0.882000000000005","0.00115812963295691","0.00903960957772476","0.0148165892570196","-0.00205549918209602","-0.00201409937170105"
"138","2009-06-01","-0.002375011872779","-0.00039434768831903","-0.000699545324085449","0.100000000000001","-0.00710230258206668","0.024541108916118","0.0512027105748158","0.0246926125903713","-0.200000000000003","-0.00162532948695038","-0.200000000000003","0.0144173195363901","0","-0.00698006978374011","-0.00632913505164767","-0.00543479598595686","0.00228571528085642","-0.0173581986097577","0.00842110239640892","0","-0.0221247962806359","-0.00475060275859818","-0.00232288141613957","0","0","0.00535619920052532","0.00112422721228089","0.00700119545898303","0.0178431335675837","-0.00849262004565343","0.0157483569681398","-0.0292589625382149","-0.00235849165929292","0.0167134809737401","-0.0143887374520997","0.0297051544139153","0.0142156576540131","0.00250941160542606","0.032557723483432","-0.0131817367020641","0.0024570036930518","0.0012445552322049","0.00558348742570036","0.00131147559781031","0.00847976007911466","0.0663891367222691","0.00858371745109388","0.0140916705689573","0.0108026236122427","0.00307222950741358","0.00248793070157604","0.0017938832073606","0.00589026840497978","0.00289359395873995","0.00677303147318053","0.00117173122526671","-0.00313045132291214","0.0115886209393118","0.00326466657227385","0.00826764366961178","-0.000315004179790041","-0.000501665637794364","0.00133228385236528","0.0140569175756884","0.0401261445797694","0.0553635980039981","-0.0978493844078292","0.0600986026421779","-0.209475912585546","0.168526387241863","-0.00882189445731463","0.0978480550496954","0.138549739384779","-0.31280627762546","0.0880432927589467","-0.0807851375745319","0.0425302745931715","0.0371313374284059","0.033689045698151","0.0604789938514685","0.0589571566443012","0.180137672982106","0","-0.00594912558206317","0.0464991038912341","0.0583565182486705","0.61","0.47","-0.00754535292064595","-0.0042827254122848","-0.000949470098456473","-0.00343891330810209","-0.1156","0.00253086100000005","0.2288","0.1015","0.0957999999999997","-0.0364175445160626","-0.0210061907017582","26.35000038","0.000195808120308172","-0.0386090647143589","-9.72119000000001","0.718140000000005","0.516869999999997","1.00348","0.0055284832662825","-0.00564017287626051","0.0781993616746119","-0.00515730900714484","-0.00809721023262"
"139","2009-07-01","0.00199676452889719","0.00315043579029783","0.00418995026385449","0","-0.0333364202675916","0.0415490029128724","0.0503462023196848","0.0240975515790609","0.100000000000009","0.00136545422561341","0.0999999999999943","0.00880393310410632","0.0999999999999996","-0.00328875543080187","-0.00317965291737954","-0.00546449447207875","-0.00228571528085642","0.0154443224274736","-0.0105375053027865","-0.00498754151103942","0.0111235852186624","0.00237812240496726","0.0184337016888385","-0.0870113769896297","-0.037740327982847","0.00956945101615059","-0.00789626212222494","-0.0152316945954984","0.0269643616383552","-0.00427351077738169","0.0070771703740844","-0.0047619137602446","0.00117994113984832","0.0212580127791089","0","0.0645385211375711","0.0251956506862578","0.0062461164969525","0.046266754901616","0.00120554565534903","0","0.00619964787952565","-0.0022296553272696","0.00783293822118747","0.00120554565534903","0.158702843187727","0.0048721174844486","0.000946135697825312","0.00983922159015904","0.00201986434679368","0.00279086410667052","0.0035432286912664","0.00307130794129967","0.00448169579466252","0.00172458738171631","0.00316270115399828","-0.00229257618091838","0.00685943815970681","0.00407364558222375","0.00530637958128894","0.00434320600896088","0.00302329658259036","0.0215525583857357","0.0533803404266973","0.0282639566929461","0.0375859061510599","0.089244960301234","0.127953628860761","0.125296219007167","0.187589741370787","0.0510685356009439","0.00423270130719722","-0.0990909026442308","-0.0782007473074753","-0.0312782699547567","-0.04948005726337","-0.00538441190446814","-0.00336865300898703","-0.00514934196520381","-0.0234744307567691","0","-0.0627037383940259","0","-0.00491899764264048","0.0112316572115017","0.0559442264304923","0.14","-0.0300000000000002","0.00303313217171741","0.00677326790708221","0.00407964465057198","0.0042447258721996","-0.2401","0.00150415099999995","0.1588","0.1017","-0.0122","0.080205552766798","0.0759904990345177","25.92000008","0.0715219494010046","0.0813811150440622","-17.29069","0.647570000000002","0.456940000000003","1.05571","0.0000334328134767655","0.00225988796743692","0.00642931432431517","-0.00830742056985567","0.002030457550382"
"140","2009-08-01","-0.000240777368091472","0.00666190172018055","0.0103987072208982","-0.100000000000001","-0.0383073499984929","0.0436088054274348","0.0322089033696171","-0.0655972824858129","-0.100000000000009","-0.00051995321592635","-0.0999999999999943","0.00941449243122516","0","0.00492908605176012","0.00317965291737954","0.00818558458643937","0.00228571528085642","0.00953296065872333","0.0084388686458654","0","0.00441501820911672","0.00237248035363091","-0.00457666702741211","0","0.0741079721537217","-0.0203106928475636","0.011261380272539","0","-0.0696637873121846","-0.0249335409688847","0.0209358658535894","0.0713766628422281","0","-0.109777306616415","-0.0326173049238312","-0.0207939721747135","-0.133455769680485","-0.00374298627883451","-0.002663117419484","0.0107850056765626","0.00367422336188472","0.00493219248931887","0","-0.00521513567910858","0.00360794137619891","-0.0190141075830637","0.00242723994502736","0.00497815412653324","-0.00074725876617876","0.00163825740386966","0.00158087153047483","0.000859988936918253","0.0012350100238365","0.0109492723677352","0.00152582750973542","0.0017659531518852","-0.00332885352209295","0.0110431231298438","0.00341641936457988","0.00347522996053743","0.00227358800821071","0.00283265344274939","-0.0357904506660844","-0.0521038996990484","-0.0301246500930468","-0.0401652389912233","-0.201093260437803","-0.136711045541903","-0.44101989429968","-0.250915242614353","-0.0459449173730917","0.00400966969122507","0.213574100298059","-0.00479617226349305","0.0940932645339787","-0.0294138852062931","-0.00162243660616834","-0.0217878336980671","-0.0021534096783476","0.0166794206607728","0.0105152161704662","0.117989925074728","0","-0.0105339083293625","-0.0850505069847323","-0.014137245541562","0.04","0.00999999999999979","0.0104363227213753","0.00656503545561193","0.0117983733242273","0.00161671200287117","-0.2232","0.004681304","-0.1625","-0.1096","-0.2424","0.0686299145996871","0.0972968414482338","26.01000023","0.0330093361963897","0.0423560505213603","-4.57078999999999","0.719949999999997","0.486509999999996","1.01776","0.00324101498427925","0","0.0615385852359971","0.00416233691468726","0.00404858852600043"
"141","2009-09-01","0.000515880533512814","0.00687644616855998","-0.00831029713362774","0.100000000000001","-0.010003931064519","0.0506437328187541","-0.0111554941717849","0.004228336109521","0","0.000454973846853335","0","0.00554432194266052","0","0.00446989024417555","0.00316957476127921","0.00542006746933898","0.00228050269872515","-0.00761908447643922","0.004192878260036","0.00249688019858763","0.00220022090960192","0.00236686501026551","-0.00921665510492353","-0.0953101798043248","-0.0363676441708747","0","-0.011261380272539","0.0695436839492389","-0.0135137191667232","0.0292070517462664","-0.00276625349289006","-0.109071095054362","0.00235571369245946","-0.0306459120460287","0.0148622693212408","0.00852387958289924","-0.0350913198112703","0.00124921940043254","0.0405019433093301","0.018890762469554","0.00244200365555169","0.0146522767868698","-0.00223463780141575","0","-0.00240384731139454","-0.0122834150527042","-0.00121288353597571","-0.000659192699345112","-0.00358950527908419","-0.000414726351700668","0.00172725146724706","0.00113845659268621","0.000523342262435916","0.00709021981786626","-0.00122114330986705","0.00204198145079356","-0.00307830257458577","0.00816548217204089","0.00296802006609822","0.00441214359214281","0.00312869719161154","0.00109598340183392","0.0283236478488629","0.0493323753197323","0.0395203905782218","0.0547805970967072","0.146026961310062","0.0563155419571402","0.30510947405074","0.185668440147663","0.0460669355539522","0.0782257175304846","0.00240096153753822","0.514664400073157","0.0105981309918235","0.283943750341174","-0.0280958606519865","-0.0176767319779012","-0.0337618106720243","-0.0514647465798292","-0.0128398027681125","-0.0693771287667042","0","-0.00194166853010991","0.0290939777053527","0.0549742335771217","-0.0299999999999994","0.04","0.0278175992539964","0.0122704508819034","0.007887207407137","0.0100466539671462","-0.1723","0.00825090900000003","-0.1715","-0.0575999999999999","-0.1476","0.0442827601419715","0.0361735904900993","25.61000061","0.0351000674308315","0.0367737048899244","12.94616","0.675109999999989","0.671729999999997","0.903319999999994","0.00280664840911471","0.00450451212110448","0.0121806370803593","0.00414508365516841","0.00604231445596248"
"142","2009-10-01","0.000275027504482495","0.00180855235964472","-0.000695652201967434","-0.100000000000001","-0.0338215484755109","0.00176211499339995","0.0206192872027353","-0.004228336109521","0","-0.000747566381329889","-0.100000000000009","0.00545196815411497","0.100000000000001","-0.00337782941706699","-0.00316957476127921","-0.00270636159774273","0","0.0132955424812442","0.00417537141048019","0","0.00219539056343621","0.00236127618568016","0.0115076068514792","-0.105360515657826","0.071458963982145","0.0021574981400212","0.0257141054390191","0.00767968667422814","0.00931026615109598","-0.0172047254496306","0.00276625349289006","0.0268964868653461","0.0011757790890119","0.0551585670077559","-0.0256150610975023","-0.0604317391849172","0.0689928714869517","0.00373832211060687","0.0462871867630614","-0.00940077428470598","0.0085003547653919","0.00724640852076774","-0.0033613477027048","0.00651468102119424","0.00360360750329836","0.109581946362336","0.00242418997885974","0.00905342483977201","0.0182679017425578","0.00180985930696037","0.0025328664684517","0.00237001495152385","0.00222725280490298","0.00211387852876555","0.00586772704192667","0.00162642366841301","-0.00227431236360558","0.00866922597042943","0.00474173411056368","0.00281135747765758","0.00325292608668956","0.00632792547283215","0.0323847440850873","0.0384531893807658","0.00143588561126684","-0.00119103199284964","0.0488249473830571","-0.0855528914722097","-0.000762485740334107","-0.334088445265937","0.0519458388767315","-0.0106840661443428","0.0717070106161835","-0.414123170851279","0.0683902803268071","-0.134494938547794","-0.0222984747418566","-0.0338566507164526","-0.0256563304741076","-0.0200009576835365","-0.00793191356954287","0.0729564277421977","0","-0.00601295003881575","-0.0114451651852256","0.00751040911849366","-0.0200000000000005","-0.149999999999999","0.00528161669396354","0.0194053733706028","0.0131939002242358","0.0184504433629016","-0.0347000000000001","0.016972727","-0.0949","-0.0867","-0.0188000000000006","-0.0192365751458778","-0.0284574986177493","30.69000053","-0.0199598805374466","-0.00129035243710174","0.716539999999995","0.467240000000004","0.416409999999999","0.720200000000006","0.0056461740231757","0.00112296474462426","0.0582943754646038","0.04152495317802","0.00800004266707699"
"143","2009-11-01","0.000343678045792828","0.000645119692071816","0.00555171446750791","0","0.000799680170564976","-0.0524058478121541","0.0400053346136993","0.0455565316023669","0","0.000195071201607888","0","-0.00501719904071773","-0.100000000000001","-0.000655093374230198","0","-0.00271370587159625","0.00227531383713497","0","0.00208116620382448","0","0.00437637459979889","-0.00236127618568016","0.0381640029457584","0","0.0666913744986721","-0.0021574981400212","-0.00110436234305311","-0.00438116801556365","-0.014425366817866","0.00756351525724508","0.00138026246895784","0.0024096397201534","0.00351906521519574","-0.0171621374023863","0.0128895447259962","0.0409531334621516","-0.00763138426247956","0.00124300823959711","0.0229617338867278","0.0359458989830621","0.00482509983175738","0.0190708997966063","0.00224215340568978","-0.00260078170005773","-0.00480770156810273","-0.0390415221933864","0.00120994861276902","-0.000328832884221697","0.000646655970445664","0.00269549375030555","0.00334157595147899","0.0016382937389951","0.00320464975236236","0.00392949747173861","-0.00149379331567454","0.00358329459256405","-0.00217968531263792","0.0146097697059748","0.00357046562571446","0.00515016368366973","0.0026617352019912","0.00309377586022457","0.00170853384745584","-0.0113730583573393","-0.0145718184188901","-0.0215860312842153","-0.0296527196951288","0.0204025624232322","-0.0122795096300621","0.184402722997779","-0.00884240781746826","-0.0401149461778285","-0.183214812771169","0.0713090277047819","-0.143425466269721","-0.0473772810110109","0.0195682870241782","0.0280081827501169","0.0179564088246673","0.0111504045133719","0.0242724442005809","0.0520762775934136","0","-0.00525170396000263","0.00445876848166726","0.0228969798232264","0.04","-0.220000000000001","0.00604449423945752","0.000863027848014397","-0.000848268747068559","-0.00327427931800806","0.0385000000000001","0.00369588799999998","0.1396","0.1893","0.1677","0.0244000638440545","0.00366212714701675","24.51000023","0.0557790770857576","0.0491283099233528","27.96735","0.0799200000000013","0.136099999999999","0.498400000000004","0.00736517946118737","0.00447929080404563","0.0475625974716133","-0.00896866998276025","-0.000996512289739293"
"144","2009-12-01","-0.00154748221187084","0.00167536607265362","0.00414365233765501","-0.0999999999999996","-0.0424553554393974","0.0202027073175186","0.0326438480763631","-0.00405680069561498","-0.199999999999989","-0.00195242650938354","-0.199999999999989","-0.0106124973793156","0","-0.0013114755978112","0","0.00271370587159625","0","0","0.0205768576887593","0.00249066131245179","0.00218102594635994","0.00471698987813962","0.0196298560448858","0","0","0.00107933091967549","-0.00665190922830572","-0.00882034384297281","0.00596507946847513","-0.0173728582188701","0.0231775883127057","-0.0182154398913417","-0.00117164629689093","-0.0222156561502018","-0.0204858916179314","0.00783703070728059","-0.0408956566321814","0.00742577669684952","0.0934620518662124","0.039089286959852","0.00240384731139454","0.0279412822004481","0.00111919429701501","0.00389864041565691","-0.0121213605323449","0.0471277114261248","-0.00606432786434485","-0.00327308385249836","-0.00538497952042682","0.00223736041106854","0.00341554396832544","0.00371288534315017","0.00343991623568152","-0.000450987639718693","0.00443626079257422","0.00406362137793537","-0.00145881726769358","0.00898792612053348","0.00428846299130904","0.00356256877747968","0.00540474531420354","0.00333924690826689","0.0157919700566147","0.0185662870201231","0.0246122748925632","0.0313300104269061","0.130795658212821","0.142896824462163","0.177160255013729","0.195744577126095","0.0161134883829916","0.0358862036916889","-0.00537635703638095","0.191055236762709","0.0413413401564418","0.0987348406856894","-0.00789544312660517","-0.0253762174933746","0.0000898755224619519","-0.013402881170534","-0.0218061996556312","-0.0291179915078379","0","-0.00581392143840098","0.0343913285565058","0.0139348506017871","-0.04","-0.0499999999999998","0.00606462499941784","0.000953311751160868","-0.005463154783234","0.000731481291959213","-0.00370000000000004","-0.00175238100000003","0.02","0.1279","0.1129","0.0415535246273073","0.0426395004094147","21.68000031","0.0176145206146643","-0.00431166004328132","-17.74488","0.0217800000000068","0.0311999999999983","0.299399999999991","0.00492090380479437","0.00111669470007492","0.0308149331699772","0.00299850299625604","0.000996512289739293"
"145","2010-01-01","-0.0011363441934904","-0.00296602190488926","0.0204645613836112","0.2","0.00830569558727845","0.0108500160240661","0.0649946214875525","0.100470530363635","-0.100000000000009","0.000716332408854825","0","0.00974277004611768","0.100000000000001","0.00458265941109293","0.00632913505164767","0.00809721023261956","-0.00227531383713497","0.00564441761967682","0","0.00743497848751762","0.0043478329361033","0.00235017734495369","0.00860220358266339","0","-0.138150338480817","-0.00540834200926099","-0.0168259718339767","-0.0879178583932942","0.0210180078348756","-0.00659343047983185","-0.0370667004733729","0.166676939646439","-0.014167887518731","0.0215496554595838","0.0194180858571018","-0.0897829382990176","0.0242583150597904","-0.00742577669684952","-0.0286995414791882","-0.0210301054214543","-0.0132932471106626","-0.0185405079157421","-0.00448431244732905","-0.00650620382273814","-0.0271957428084901","-0.080328613009379","-0.0283794261090131","-0.0262695987889732","-0.0473647360106586","0.00441755570019437","0.00330606690603429","0.00408891762551272","0.00617278702961371","0.00429873638611108","0.00636743783537447","0.00421306203423787","-0.0013873385983014","0.00669347364706201","0.0056355193256664","0.00615443044985194","0.00455420151877807","0.00489881123155634","-0.0472155286307867","-0.053963651210216","-0.00757366874078791","-0.00704205720558448","-0.0277308606161313","-0.186041996907857","0.0305756302027937","-0.300104592450338","-0.0729763502775338","0.0355727602904548","-0.108059572626991","-0.027120306219194","-0.125994225486778","0.0684229085191133","0.00601565930687009","-0.0157186882197131","0.0178146690430131","0.00894092715466499","-0.00475294867169451","0.0227056159401258","0","0.0504642677109306","-0.172842138389024","-0.222820883927705","-0.11","-0.0799999999999996","0.021971053376987","0.0961665285880997","0.0793996932517604","0.0791062463611372","0.00729999999999997","0.00534285700000003","0.1949","0.1154","0.0855000000000006","-0.0370101979535926","-0.00750648850654656","24.62000084","-0.0376751241926438","-0.0486976033188018","26.74094","0.212319999999991","0.165900000000008","0.139200000000002","-0.0000825056395139243","-0.00559598550412055","0.0290887756882841","0","-0.000996512289739293"
"146","2010-02-01","-0.00037906852978864","0.00451002632896902","0.00067499158823292","0.0999999999999996","0.0033030583292577","-0.0181493185056771","0.0493762733978942","0.03964483134724","-0.0999999999999943","0.000292897243978629","0","-0.0204056680072684","-0.100000000000001","-0.00458265941109293","-0.00315956029036846","-0.00539084863487682","0.0158195389448927","-0.00375940292390542","0.0020345886977875","-0.00247218914538827","0.00216684808509005","0.0139862419747399","-0.00429185208154159","0","0.0363676441708747","0.00971405372047318","0.0201574574249799","0.0564191913339238","-0.0252751449581945","0.0120549405053536","0.0330153782541949","-0.00207684394483909","0.0176787161687937","-0.0208691518606798","-0.00106894718890516","-0.00943807949730679","-0.0341288455366264","0.0135720775455432","0.0286995414791882","-0.012380574569554","0.0428637044317819","0.0208340869028421","-0.00224971973401544","0.0193929800990951","0.0296317976063714","-0.0178685661171283","0.0295952589726776","0.0298075372909938","0.0622208669298612","0.0000957363611083623","0.00197264542002409","0.00110687755959687","-0.00117265823107665","0.0000298503526095142","-0.000624480600970369","0.00281619268430479","-0.000479168473016076","0.00345719260618548","0.00218856880962525","0.001568200656964","0.00125995440517886","0.00349976793402336","0.0618001771217376","0.0944392295187058","-0.00371424296861811","-0.0155714449090318","0.0389844961060142","0.110014207159804","0.0841842979903262","0.0875881337104145","0.0491199794758508","-0.0473923127317004","0.185818937326125","-0.00344234419097322","0.15968807127325","-0.0757758828243729","-0.00907975279796869","-0.0205624245618462","0.00773902376318225","-0.0450885587578327","-0.034430817076214","-0.0322866891647671","0","-0.0136104393633207","0.0768713352415649","0.0276808595672513","-0.0599999999999996","-0.0900000000000003","0.014047978008124","0.0132974180455943","0.01178886317539","0.00304279675179941","0.0201","0.012745","-0.0759000000000003","0.0598999999999998","0.0996999999999995","0.0282790599888374","0.0115276611817414","19.5","0.0281147396387649","-0.00846084532506719","-5.26449","0.23454000000001","0.120599999999996","0.0236000000000018","0.00122743082813747","0.00112170510919984","-0.00105210556503427","-0.000998502329589535","-0.000997506317125918"
"147","2010-03-01","0.00120562870909779","0.00628005908914631","0.0127390257774298","0","-0.0183033395887504","-0.0278569545029663","0.025708356710207","0.0381328696954437","0","0.000260281105061821","0","-0.0178559030324923","-0.0999999999999996","-0.000656383351429923","-0.00316957476127921","-0.00270636159774273","-0.0112740765732182","0.0351562569845774","0.00809721023262","0.0073983074814441","0","-0.0116415750154859","0.00856536285892329","0","-0.0741079721537217","0.0117459972992959","0.00552793005251306","0","-0.00170794234515625","0.0140618866565765","0.022743455231331","0.0286904924629292","0.0162228355068876","0.0406587158849021","0.0180185055026785","0.0545208388784175","0.0507661871090175","0.0073260400920736","0.0744188207729479","0.0268172495111765","0.00928080907447271","0.0237702193339118","0","0.00638164258952045","-0.00365631120311072","-0.0185909302280809","-0.0048721174844486","0.00534338086500696","0.00218370266036949","0.00339673068014323","0.00367139721377407","0.00381989021719163","0.00466627387461866","-0.00295562046090234","0.00568920734867867","0.00386119985626194","0.000586356488243147","0.00629708168984358","0.00585343198942136","0.00708059940376804","0.00357002254705732","0.00351632452343587","-0.0179509657833989","-0.0375383541469532","0.0492162447948168","0.0629977752547646","0.00186335457641107","-0.0391062377367533","-0.0376072519296864","-0.00778214044205505","0.0445695273946178","0.0886343324224708","0.041520005218187","0.16784952418542","0.0252801566730785","0.0904903531783754","-0.0361661717495521","-0.0697286270761788","-0.0287041522282273","-0.030194289331444","-0.036654683856675","0.0666126398518871","0","-0.013439123262069","0.0138810393208573","0.0284207295259336","0","0.04","-0.00258784548300284","-0.00784075635803383","-0.00504355804428513","0.00321333754163611","0.0124","0.004007174","-0.0735999999999999","0.0290999999999997","0.0540000000000003","0.0614289782892152","0.0842026647729099","17.59000015","0.057132815875776","0.0614701086871503","1.09924000000001","0.341399999999993","-0.0866000000000042","-0.0618000000000052","0.00696313762672122","0.00335758569484579","0.040305240663868","0.0391822892997489","0.00597016698650421"
"148","2010-04-01","0.00329942559422847","0.00649476972601271","0.0263000036866536","-0.0999999999999996","-0.00505051578606874","-0.0190119794885719","0.0163628572104804","0.0301530381706874","0.200000000000003","0.00285862980529572","0.199999999999989","-0.0146358354557936","-0.100000000000001","0.00284122145016941","0","0","0","-0.0427177296851537","-0.006066752682238","-0.00492611833605583","0.00216216300449545","-0.0070505579966671","0.0210978289646357","0.105360515657826","0.143100843640673","-0.0214600510197691","-0.023425499510056","-0.0455952732729132","-0.0303710978762988","-0.0360892089748672","0.00264200946283832","0","-0.0185620178600594","-0.0237949098328967","-0.0320198112347718","-0.104907103725325","-0.0280866983396004","0.0012158056208893","-0.0339015516756813","-0.0313575524299594","0.0148999891227426","-0.00898882456843353","0.0100841190666259","-0.00127307464679749","0.00365631120311072","-0.040357359805494","0.0048721174844486","0.00583566635470056","-0.00621795832602423","0.00262751131441283","0.00264484699991471","0.0026869833815033","0.00440100220070838","-0.000402815552059716","0.00149211696269801","0.00101203189036961","0.00148375830391431","0.00479158501444272","0.00623700147368893","0.0077432783675959","0.00521792398393087","-0.000596544157922954","0.0116653077694888","0.0212530477838158","-0.0156366164963","-0.0214895562078006","-0.0522245376645341","0.0513379362482311","-0.167108522726273","0.0238607811269071","0.0123140479112394","-0.0424510409959122","0.0421608108242779","0.0315664659678347","0.0445156052624638","0.0067189502487448","0.0230059194799006","0.000714123443858405","0.0305421467065338","0.048351225988343","0.0188864890607432","0.073237728974628","0","-0.00830900328452877","-0.0113562196044317","0.0207080901842502","0","-0.1","-0.00230087645901378","-0.0136070649586024","-0.0125478543687958","-0.0072492241442621","0.0113000000000001","0.001382826","0.00200000000000022","0.00919999999999987","-0.0118","-0.0162260486160672","0.0195512797625597","22.04999924","0.014651372417398","-0.0217467643765485","14.94617","0.489530000000002","-0.257099999999994","-0.133499999999998","0.00768556499251281","-0.00447929080404563","0.0277108508863193","0.0459959066082201","-0.00696866931609375"
"149","2010-05-01","0.00164563942788298","0.00164880499018416","0.0237266660857038","0","-0.0101782049157553","-0.0174254167138592","0.00249376687840197","0.0356601803988843","0","0.000227040527709832","-0.0999999999999943","-0.0207230428855008","-0.0999999999999996","0.00641759966233302","0.00316957476127921","0.00270636159774273","0.00452489459828964","-0.0133717369658894","0","-0.00247218914538827","-0.00216216300449545","0.00938974034983886","0.0103843093057172","0","0","0","0.0300189299898879","0.0364103636958406","-0.0115198438328612","0.00886923774077975","-0.00927773387823638","-0.0162936394861006","0.00700119545898303","-0.0155041865359653","-0.00108518730128715","0.00812645555702485","-0.0164989993800351","0.00363857284390878","0.0578547926981745","0.00340715832161376","0.0124365650410079","0.0167883070032566","0.00333890126551495","0.00127307464679749","0.00243013485329158","-0.0292527280317492","0.00121435640905165","0.00261441997511014","0.00404152401652702","0.0011966461006161","0.00230673999726591","0.00146504340197154","-0.000825406777270378","0.00164703104396553","0.00411384791240707","0.00383583466137241","0.000350149629216231","0.00463391249154483","0.0031240847180522","0.00193602379590987","0.00361287088272774","0.00409035113248673","0.00166505449894139","0.00415666774155277","0.00318326780856282","0.00440357369258138","-0.0571776436846685","-0.0883230549678995","0.0347740183355967","-0.0504906382825805","0.0241823170964981","0.017435061822102","-0.251642135968584","-0.175564774331074","-0.157903029445809","-0.0669223124928475","-0.00170675851506097","-0.0104378271668412","0.021539693530756","-0.0647660033945172","-0.047594660034159","-0.110456135004663","0","-0.0110263092745093","-0.00487853824863294","-0.00425146098002571","-0.12","-0.04","0.0066177885002805","0.00734336786780787","0.000509274488486255","-0.0026792442260124","0.0407","0.011543947","-0.3221","-0.3235","-0.2437","-0.068727297350426","-0.0729110268513367","32.06999969","-0.0855315727060928","-0.116449126131831","50.52077","0.497050000000002","-0.356549999999999","-0.190599999999989","0.00411990403111682","0.00559598550412055","-0.00996257732521579","0.0181823190831905","-0.00300150300375623"
"150","2010-06-01","0.00454569540539396","0.0125930388534279","-0.000633914442780714","-0.100000000000001","0.0210889300219188","-0.052116001139014","0","0.0251585596361554","0.199999999999989","0.00310850880104319","0.200000000000003","-0.0158460549074269","0","0.00421964380497819","0","0","-0.00225988796743781","-0.00385356931599024","0.00202634314523298","0.00247218914538827","0.0465200156348935","0.0023337233462204","-0.0103843093057172","0.0953101798043248","0.125163142954006","-0.0142001293791152","-0.016565812292769","-0.0257023494233684","-0.0307716586667537","0.00330578813449911","-0.00133244523377929","0.0122450509601002","-0.00116346726329741","-0.1052095608685","0.0129451645920371","0.00806094826163228","-0.128001424615061","0.00241838086428103","-0.00593473551981472","0.0486821786393881","0.00448431244732905","0.018692133012153","-0.0145497810147308","0.00507615303186082","-0.00243013485329158","0.0377555306165398","-0.0024301892727161","-0.000487459859140671","-0.00157775277293304","0.00206054207777145","0.00271317841564128","0.00354562096348874","0.000910082019010515","0.00357656297124958","0.00550859123836294","0.00550955234867826","-0.000169889121919141","0.00134388437088164","0.00315294505636995","0.0016702424908256","0.00671815742356031","0.00305989880960784","0.0337539088825363","0.0570957661704217","0.0395044413435794","0.0514724618823728","0.17630371662164","0.177264525530695","0.122707474563512","0.165650418056122","0.014019425129165","0.0396251194288482","0.114171145339982","0.30022928850387","0.104537808906363","0.105241176794984","0.0226248271453047","0.00555865800382765","0.0334107737257281","-0.00274427706183467","0.00911943164990853","-0.0157922464544198","0","-0.00820345490301122","0.00867829211529703","-0.0102536132269844","-0.0300000000000002","-0.11","0.00631505474971306","0.00105312808584657","-0.00117256185330206","0.00182969806621003","0.0309","0.00282559799999998","-0.191","-0.1765","-0.1064","-0.0497357258697093","-0.0285234470416196","34.54000092","-0.055388449179925","-0.0528917551504584","-31.90259","0.288690000000003","-0.320210000000003","-0.2072","-0.00155938829916447","-0.00223463780141575","-0.0373905662005899","0.0205089667216267","0"
"151","2010-07-01","0.000477294431533437","0.00424576062375337","0.000633914442780714","0","-0.0142919624780324","-0.0292296383149386","0.0246014867303082","0.0365894474322923","0","0.000323247998677445","0","-0.00894356533157126","-0.0999999999999996","-0.00129645653422639","0","0","0.00225988796743781","0","-0.00202634314523298","0.00492611833605583","-0.0422003544903768","0","-0.0383025544142663","-0.0953101798043248","0","-0.00883983656914111","0.00997238181293714","-0.00118413276121654","-0.00183992692200796","-0.0346985005423619","0.002663117419484","0","-0.00935679341088136","0.030474301710413","-0.0449390682673343","-0.0326411570975997","0.0411580724935074","0.00481928643594909","0.00494805561736911","0.00538504263088768","0.0100167782434708","0.00759634689193511","0.00674159856691947","0.00252844635335858","0.00364299127850032","-0.0637099840425552","0.0024301892727161","0.00294477272819194","0.0111184630454844","0.000798269298913714","0.00225426483273065","0.0010839621518419","0.000828849689993852","-0.000473695883281919","0.000522518841172324","0.00106081443501318","-0.000692370387829017","-0.00122782491617578","0.00170403035801395","0.00246473403229108","0.00138560810671878","0.00138484700878822","-0.00899549743923345","-0.0198612064177599","0.00376812355725065","0.0018925398202807","-0.111310989201725","0.0445192381952904","-0.32421394107306","-0.0180859310817203","0.0135086881125392","-0.00193559800005794","-0.00792606527242068","0.173555063581772","-0.00892863074430128","0.137283742243073","0.00527357928909122","0.0404515072208615","-0.0102326087298791","-0.00122965384728069","0.0357988992303822","0.0109087153339811","0","-0.00445564852135938","-0.0105040195825019","-0.0161757148059749","-0.109999999999999","0.1","-0.00363443605073677","-0.00155307080617462","-0.00109844450074981","-0.00194090285675408","0.00759999999999994","0.002977273","-0.0929000000000002","-0.0919999999999996","-0.0325000000000006","0.0653953016478814","0.0603451630942793","23.5","0.0665157993260923","0.135482666422939","15.15258","0.287999999999997","-0.279179999999997","-0.19250000000001","0.00212976127696042","0.00446429312868535","-0.0178536140135714","0.0105356549603339","0"
"152","2010-08-01","0.00156665109354037","0.00236480289432528","0.00631714040126141","0","0.0134568893606106","-0.0477314028211895","0","-0.0120483385161751","0.100000000000009","0.00116282838775383","0.0999999999999943","-0.000617389832679116","0","0.00205194736936232","0","0","0.00450451212110448","0","0.006066752682238","0.0024539889615669","0.00430108189939027","0.00465117117573044","-0.0131006240456983","0","0","-0.00111049428402676","0.00659343047983185","0.0176164273882984","-0.0148425730379289","0.0214092684236791","-0.0106952891167476","0.0140989243795024","0.00468934036338631","-0.00808530681693398","0.0232697480149593","-0.0568873744020513","-0.00539084863487727","0.0012012013456344","-0.0229665611200476","-0.00863004277421453","0.0066225407604934","-0.00433370125711896","0.00335383209843076","0.00126182982042256","0.00121138718629776","-0.0605467838038249","0.00242418997885974","0.00173962474106126","0.00672590807863749","0.00266955057429701","0.00331497665945653","0.00389754538140442","0.0000898043663499349","-0.0042869662917781","0.00243813311091177","0.00485678118883122","0.00137866916641621","0.00720266834941566","0.00262694053466659","-0.000322498494363523","0.00535441040179966","0.00218318973666866","-0.0101179071259896","-0.02260249251243","-0.0095238815112566","-0.0151815739528001","-0.171546216223402","-0.033969802908496","-0.0488319710633949","0.00439561147303813","0.00316455960296302","-0.0149951791581255","0.096033332782687","-0.411774277301429","0.0566600335654908","-0.194758121834964","0.0142986343334846","0.0203955865669403","0.0143624568396644","-0.000872200949990187","0.0233222237774152","0.019133069568527","0","-0.00607363450052034","-0.0256326811326577","-0.0275689984540683","-0.17","-0.0299999999999998","-0.00767012150960333","-0.00427525378921523","-0.00387186703034992","-0.0109020550354693","-0.00270000000000004","0.000989611000000001","-0.2536","-0.2757","-0.193","-0.00688837173026968","-0.0125016129442947","26.04999924","-0.0486118233154089","-0.0283379950478135","-13.73917","0.182099999999991","-0.195319999999995","-0.138899999999992","0.00130971256939034","-0.0022296553272696","0.00906284620710241","-0.0229692076764145","-0.00200601872686601"
"153","2010-09-01","-0.00262382376689629","-0.00311274608551315","0.00627748451913934","0.100000000000001","0.00583092031079335","0.0392207131532816","0.0228238135652568","0.0150378773645405","-0.200000000000003","-0.000871994500325712","-0.0999999999999943","-0.000137249519842619","0","-0.00464991375806711","-0.00316957476127921","0","0.0022446698538241","0.00385356931599024","0","0.00244798163864068","0.00428266179200154","0.00462963789874227","-0.00220022090960192","0.0953101798043248","-0.0298529631496813","-0.00892863074430128","-0.00439078641749013","-0.0307352798174128","-0.0150661983546438","-0.0168638060520045","-0.00539084863487638","0.0305292050348225","-0.00822083314485766","-0.0322487638097675","-0.0132306229866312","-0.065514607110627","-0.0470349487049733","0.00359497091785865","0.0259236850097917","-0.00543184388236195","-0.00883983656914111","-0.00108636621222047","0.0022296553272696","0.00753772413142606","-0.0109556786609755","0.0606259621991976","-0.0109557076860414","-0.00677166094163262","-0.012580376040896","-0.000421138252296876","0.00171285935104365","0.00105934262497481","0.0013099980912994","-0.000822148419761281","0.00282504592498347","-0.000703711348658992","0.00333474965998585","-0.0112223138604251","0.00239750751733087","0.00284010479477277","0.00372326170862437","0.00221017239061334","0.00970110791845435","0.0130509491643434","0.0212810949650262","0.0287964082409591","0.102391151888799","0.0496795025238086","-0.124168612787497","0.104608353155272","0.0149482739538929","0.0519948183318064","0.0493637231183364","0.194900339000815","0.0181950435912297","0.0964471895913999","-0.0176452319343303","-0.0125352840881469","-0.019224159626032","-0.0171530145451699","-0.00525002806490027","0.0103306703878792","0","-0.00652022154039678","0.000587615513747863","-0.0121283121313223","-0.0300000000000002","0.0599999999999996","-0.0144783738739402","0.00062072174826433","0.000525268672605606","0.00190994439176428","-0.00469999999999993","0.00999675300000002","-0.0980000000000001","-0.1059","-0.0870000000000002","0.0614322867434627","0.0694589366935681","23.70000076","0.0839284740895421","0.0894593932405359","-11.12591","0.0742000000000047","-0.354310000000012","-0.0810000000000031","0.00221853565141627","0.00556484463340734","0.0106305014156686","0.013315775975772","0.00300752106395574"
"154","2010-10-01","-0.000819224513321615","-0.00224719195690426","-0.0144975750664864","0","0.00827134575067756","-0.0347861160854155","-0.00595594375285113","0.00595239852729534","-0.200000000000003","-0.00197286566035437","-0.200000000000003","-0.00419518513562078","0","-0.000650547567126125","0","0.00269905696916517","0.00223964259350495","0","0","0","0.00213447252863208","0","0.0431101236537286","0.0870113769896297","0.0298529631496813","0.0177782460212841","0.050412818873923","0.0284042764309369","0.0160003413464409","0.0334479340675404","-0.00677968698537956","0.0819062242949657","0.0256125758567265","-0.0270391134714947","0.0359711806205052","0.00312012733624378","-0.0426827898823987","0.0023894873973811","0.00490919002623791","0.023682484643559","0.0110376396516205","0.0140315308042576","0.00111296616942091","-0.00125234831646548","0.0048840145924256","-0.0411783298137962","0.00244504381368138","0.00859562559576332","0.000860461177239813","0.00283977610019025","0.00341357924755501","0.00234552782064283","0.00300743890581148","-0.00293890513520041","0.00276840868614733","0.00399616210462975","0.00122267896851852","0.011677551503396","0.00363505777159802","0.00387210124074616","0.00291084721726477","0.000818915581539071","0.000986874648337022","-0.00254947089514879","-0.0275117818913877","-0.032914176040693","0.141106038748348","-0.229189555868349","0.350292792239845","-0.369168008186199","-0.0372057286204104","-0.0357674615842338","0.038249882134","0.0557106070140057","0.015141376676362","-0.033616610798985","-0.0213416515166278","0.00316406877489545","-0.0419569968490492","-0.0137292183397797","0.0180666491633711","0.0600803712058369","0","-0.00373849254604153","-0.000739641257066381","0.00256109413279404","-0.18","-0.12","0.0100666670918059","0.0048119135612712","0.00237570913309426","-0.00415233831983208","0.00979999999999992","0.00730324699999996","-0.0974999999999999","-0.0586000000000002","-0.00780000000000003","0.0236306702889717","0.0291665894082129","21.20000076","0.0361930520991756","0.0413107904008259","24.45097","0.0593999999999966","-0.318860000000001","-0.0357000000000056","0.0083026992746641","0.00442968609158889","0.0540753509337425","-0.00530505222969335","0.00399600931338195"
"155","2010-11-01","0.00136500157694464","-0.000250000001303263","-0.0185843221123667","0","-0.00412712100465118","0.00881062968215485","0.00119402999260743","0.0147278067102432","0.100000000000009","0.00119712058298838","0","0.000964386655993188","0","0.00960663656585048","0.00947874395454384","0.00805373480709681","0.00223463780141575","0","0.00201409937170105","0","0.00425532557013852","0.00230680609791545","0.0188093319574953","0.0800427076735364","0","-0.0200229158751082","-0.0094588198653236","-0.0200360267604207","-0.0236194258228801","-0.0517550815118968","0.00677968698537956","-0.0447767808559743","-0.0209066848193133","-0.0374994076660764","-0.0629694458566599","-0.0698833434959258","-0.0376550510459435","0","0.0421922599788607","0.00424629088145156","-0.00219780308247941","0.00641027836091901","0","0","-0.00121876919412944","0.0708062778837926","-0.00122177462712081","0.00902815985568317","0.000311987354175258","0.00374465943440882","0.00380784265039563","0.00369786048316897","0.00624836711700834","0.00328822961089474","0.0028362245642119","0.0015318656249316","0.00262159722754507","0.00737059400928007","0.00528980447448245","0.00831341774367615","0.00338815925792254","0.00233192133539034","0.0235687287664881","0.034848883254984","0.0362398568088711","0.0503923404906974","0.00781723764375819","0.245615045926616","0.0676848268269366","0.364076059419043","0.0351284532577409","0.0663565087256366","0.145599558838008","0.0362796740806486","0.112303569891758","0.0570990578523967","0.0179489225299907","0.00111434420000278","0.0250088748855672","0.0160472711202297","0.00622193503929347","0.0310868836703717","0","-0.00960958363386943","0.0283594980486175","-0.0167655727114937","-0.13","-0.15","-0.0145252277993304","-0.00408502524008902","-0.00927098067018406","-0.00614369893964373","0.000600000000000045","0.000296752999999983","0.2256","0.2425","0.2273","-0.0257147250918317","-0.021976261409927","23.54000092","-0.00229287643221188","-0.0536111153601246","-13.45295","0.104900000000001","-0.302499999999995","-0.00390000000000157","0.00700129022921532","-0.00221239028294118","0.0255734246103818","0.00265604405811626","-0.000997506317125918"
"156","2010-12-01","0.00228221166927511","0.000624882854802777","0.013492013208654","0","0.00905728711251008","-0.00881062968215485","0.0165684263472325","0.0202611851398222","0.0999999999999943","0.00219638331190453","0.200000000000003","0.00110101855328359","0","0.00193174561037335","0","-0.00267737777071675","0.0022296553272696","0.00383877630716611","0","0","0","-0.00230680609791545","0.0204925203901176","0","0.028987536873252","-0.00902940671939412","0.00316289140850845","0.0476557340988206","0.0217502664001765","-0.00347021747900733","-0.054142299163626","-0.0449191615043247","-0.0201548019784603","-0.0491560847687458","-0.0219028928842206","-0.0763376274809913","-0.0560304330313794","-0.00718565966087414","-0.0659793081816877","-0.0257524961024149","-0.0245001118678987","-0.0302725819483047","-0.00334262149669051","-0.00502513620267298","-0.0246926125903721","-0.0219046091925552","-0.0160200894708504","-0.0162556169342576","-0.0160038985354145","0.00753939543489652","0.00537352181663543","0.00483985349608035","0.0085927803874533","-0.00320811298015308","0.0072547494404317","0.00677558136570231","0.00181831201937894","0.0220606877404273","0.00486045629182144","0.00700297162136086","0.00404792863516948","0.000208761369958366","0.00079182498385677","-0.00650674847559607","0.00293498583684482","0.00477123314166938","-0.115091243990672","0.0267123789608306","-0.133531392624523","-0.0363886523535628","0.0225144436751492","0.00427105372059167","-0.0732275612384523","-0.0586965529951904","-0.0800427076735364","-0.0152519479168962","-0.00694943560534256","-0.0273474142419317","0.00859470039815616","-0.0132249393422095","-0.0226850432413763","0.0699696820829168","0","-0.00501633669586354","-0.101953014773231","-0.100687132771553","0.0299999999999994","-0.0299999999999998","0.00132686948321137","-0.00190860884462651","-0.00882027495310922","-0.00270758434532148","0.0102","0.00875086599999997","0.3262","0.2988","0.141900000000001","0.0679614461547526","0.0858574736083852","17.75","0.0632564876429509","0.0722055851108871","10.38782","0.239100000000008","-0.300389999999993","0.00939999999999941","0.0138221832170031","-0.00110803335436138","0.0914981778473692","0.000883782647007614","0"
"157","2011-01-01","0.00173372130520555","0.000624492620058703","0.00636134460701765","-0.100000000000001","-0.021541843774755","-0.0178576174000069","0.00117302066236391","0.0638219320707192","0.0999999999999943","0.00109638526348199","0","0.00535017395282633","0","0.00321130654904955","0","0","0.0198462963719308","0.0208538362832051","0.00201005092802387","0.009732436918231","0.0063492276786592","0.0295812240175746","-0.00610378293801794","-0.0800427076735364","0.0555698511548108","0.0101523714640184","0.0208340869028421","-0.0229631215084494","-0.0420310194525362","0.00115807772062837","0.0281312502503592","0.0505109747701029","0.0130876347553679","0.0467140811131941","0.0115876151723882","-0.0658213949504605","0.0521857531705701","0.0012012013456344","-0.0578076303764581","0.0193762789631382","0.0233993962917136","0.00983077278312816","0.00445435034938058","-0.00126023961228761","0.0246926125903721","0.00267102376425221","0.0135721619867919","0.0343910179986686","0.0281171776475606","0.00658185583180195","0.00542592019090778","0.00497680540470201","0.00916034220282578","0.00809597872297066","0.00916079497224654","0.00550756372766227","0.00126831261878316","0.0182054549022762","0.00873301016322666","0.0132416435978751","0.00556205673377106","0.00305482150786008","0.0314598618421549","0.066421648638272","-0.0304889832817175","-0.0357460669805789","0.0837578822253997","-0.119534042932697","0.0623390209879089","-0.14877300859314","0.0722473712826375","-0.0949332325806669","-0.110621879733555","0.196080372965381","-0.0529655355799132","0.110470388810097","0.00340884436389821","-0.00159098897593973","0.00127016402190155","0.00442420202218852","0.0122302307950033","0.0539578659199567","0","-0.00814426756322462","0.0470014223632091","0.0280103874266402","0.27","0.2","-0.0100298007239363","-0.00681135513178432","-0.00110232279540412","-0.000160562879971238","0.02","-0.011409048","0.1851","0.1175","0.0636000000000001","-0.00608474533557413","-0.00758133579670428","19.53000069","0.0223929694417535","0.0108789291277476","-40.04425","0.163499999999999","-0.407290000000003","0","0.0116886611679564","0.00442478598035567","0.0459944899588938","0.0227083993698125","0"
"158","2011-02-01","-0.0000339656607195593","-0.0004995628928679","0.0113494282559063","0","-0.0101010959865038","-0.00225479238708903","0.00700937449257566","0.0446854893452997","-0.0999999999999943","-0.000322341491363787","-0.100000000000009","-0.00226004273851466","0","-0.00471345275425517","-0.00314960890289617","-0.00268456537066841","-0.0109770586311511","0.0130477153924762","-0.00201005092802387","-0.0024242436115065","0.00210748233956437","-0.0135442251077578","-0.0123204843880398","0.0800427076735364","0.0779615414697119","-0.0284595189083747","0.0264511860871695","0.0476280489892549","-0.0833816089390513","-0.00930239266231414","-0.0309883950511392","0.020239881347746","-0.00592769963327555","-0.127611124592645","-0.0304117004180231","-0.111225635110224","-0.137722421147915","0.0107463720754843","0.00212314304807748","0.0190079640451772","-0.00773912099295604","0.00325556445976627","0.00995033085316788","0.0112853862316662","-0.00611622701743642","0.0210104812585126","-0.0061463289669188","-0.00200455480502804","-0.00616634855162346","0.00321256659016277","0.00427979100591463","0.00399789844709404","0.00488457821138063","-0.000237690088468007","0.00347629496888204","0.00369558967686136","0.00243208370056739","0.00479446368464205","0.00591216810333041","0.00759359564115975","0.00550623210311842","0.000571962026605492","0.0166312460247795","0.0192463310099296","-0.0219137125007975","-0.0286461535203237","-0.146148174824681","0.00941922191649169","-0.241225944374808","-0.0123627948196834","0.0136197098961244","0.0112914543162503","-0.234097826317674","-0.21386991452888","-0.0515135344501081","-0.138524176613261","0.0100236464522325","0.0141030005446862","-0.000169262018007349","0.0198473461413098","0.020987457883069","0.071944719913632","0","-0.00543527345915251","0.100274271437778","0.101434495333649","0.12","0","-0.00289911650246211","-0.00262263380196082","0.00444786098259975","-0.000182868897898203","0.0304","0.00246000000000002","0.2384","0.1526","0.0846","0.0202613260367652","0.0129739055039781","18.35000038","0.0314565770776234","0.0445508606767451","-20.58595","0.254000000000005","-0.241669999999999","-0.0249999999999915","0.00750682867137164","-0.00110436234305311","0.0350765390279547","0.0154244703256312","0"
"159","2011-03-01","-0.000169845610749064","0.00199675593611026","0.0037546977777696","-0.0999999999999996","0.00253485560318722","-0.0159275266961014","-0.0223670301468957","0","0","-0.00106446472319099","-0.0999999999999943","0.00342231682416383","0","-0.00960249057276297","-0.00950878796902721","-0.0108109161042158","0","0.0110498361865847","0.00401606965488988","0","0.0125524660711198","-0.00227531383713497","-0.0251059211310771","-0.0800427076735364","0.0246926125903717","-0.00579040413470455","-0.0100909029819629","0.00441989669815168","-0.0128070053563905","0.0127686006388004","-0.0260884360842972","-0.0119103560949156","-0.00835825761420139","-0.0111733005981254","0.0141511795462428","-0.201149049931928","-0.01245567704692","0.00237248035363002","-0.0031864073694079","0.0114405824018924","-0.00222222313671683","0.00324500014332685","-0.00330578813449911","0.00621506040343434","0","-0.0202304237887976","0.0024631105260271","0.00144660414409259","-0.00759960203257748","0.00220109925033839","0.0025956885093247","0.000721790989209463","0.00030435000215543","0.000975334659144051","0.00146773963035389","0.00378469846548773","0.0013225889714138","0.00903970580218773","0.00416388682560825","0.00386455003201659","0.00486169166369637","0.00176268184183645","-0.0319427298397219","-0.0621632286509328","0.0219137125007975","0.0269313943489689","0.089244218537134","-0.00312989300892674","0.18410886736805","0.0492178872088385","-0.0632519156402562","0.0208993101155297","0.155392144915322","-0.122602322092332","0.0542990515715349","-0.0353924339357983","-0.0148829849604732","-0.00883063641775655","-0.0246778010199956","-0.0095807526502476","0.00179627785299324","0.100101822849453","0","-0.00841597446733644","-0.0419882770399997","0.0187982127046205","-0.0500000000000007","-0.02","0.0167559279078251","0.0112475657913969","0.00655681812127717","0.00643179190385723","0.00950000000000006","0.00706043499999998","-0.1802","-0.1413","-0.107","-0.0125845998548293","-0.00252439901367651","17.73999977","-0.00104786201951335","-0.0248152109985074","31.95573","0.258399999999995","-0.14546","-0.0805000000000007","0.0102413929478183","0.00770504637440528","0.0410634990592094","0.0176995770994015","0.00298953884836628"
"160","2011-04-01","0.00101864122080997","-0.000623558042279981","0.00249532256740181","0.0999999999999996","0.0405181508961023","0.024916351264535","-0.0240975515790609","-0.00257400399517227","0","0.00212779756597392","0.0999999999999943","0.0143819044940097","0.0999999999999996","-0.000867679013222045","-0.00318979536810016","-0.00272109011436061","-0.00442478598035567","-0.037317763007195","-0.00401606965488988","0","-0.0104494158743407","-0.00456621797958157","-0.0235809425889064","-0.0870113769896297","-0.0500104205746617","-0.00699303549096975","-0.00101471343054627","0.0120549405053536","-0.0272199712340875","0.0160186491556376","0.00439561147303813","-0.000922083974968402","0.00716848947861237","0.00560225554866989","0.017411931476822","0.066181906881301","0.00891271497057566","-0.0107207697451015","-0.0193346517074557","-0.0114405824018924","0.014356955602711","0","0.00550359121697852","-0.0212907228088817","0.0146165817828283","-0.0218742603910567","0.0122250380365196","0.0214670067147793","0.0215504106186106","0.00463971312893818","0.00520668395932166","0.0063663419946026","0.00536699723183312","0.00300243607060252","-0.00259015040025655","0.00780323124120718","0.00206258639344663","0.0159146842812693","0.00494638055896716","0.00781176413055052","0.00454190785149278","-0.00121771945715468","-0.0028246224513726","-0.0140061993395086","-0.0265570065848255","-0.0392266312060059","0.0547384488674396","0.00806560896477393","0.0293276150945196","-0.00925320548048347","0.0061428906137504","-0.00814900456938084","-0.037931222323409","0.0115275051710668","-0.0795792082446134","0.0108578699720496","-0.00795030384621942","-0.0066745313420008","-0.0171497772204461","0.0326854397482572","0.0114448701860632","0.0724991620141804","0","-0.00379169309023553","-0.0832646342959471","-0.0485969291511328","0","-0.02","-0.00225855138471687","0.000341689041345461","-0.00239825334010746","-0.00395291405190967","0.012","0.00857512100000002","0.032","0.0232999999999999","-0.0046999999999997","0.0280601459582428","0.0357491402149037","14.75","0.0280969385536762","0.064852582754404","-8.89291","-0.0995000000000061","0.0323399999999907","-0.146100000000004","0.00638678016193056","0.0119892444285208","0.00754747267205959","0.0198517685527309","0.00298062813813793"
"161","2011-05-01","-0.000645018948576492","-0.00562958889672238","0.00683020351692409","0.100000000000001","0.0200568295790138","-0.0295140605131641","0.0312150193479246","0.0575878748729606","0","0.000933511519402686","0.100000000000009","0.0105190075817827","0","-0.000217037439810497","0","0","0.00442478598035567","0","0.00401606965488988","0.0024242436115065","-0.0063224657394878","0.00456621797958157","0","-0.0953101798043248","-0.0259754864032606","0.00931322214666697","0.0210957094875956","-0.00985229644301189","-0.0178178433167941","0.00903960957772476","0.0130720815673522","0.0564919351297792","0.01535765565432","-0.0885361549216439","0.0159820753385684","-0.0928501539634627","-0.106643009791093","0.0107207697451015","0.0299167610379927","-0.0179424338431389","-0.0210534091978323","-0.013043663192029","0","0.0225291130600285","-0.0207704473572061","0.0073728626210352","-0.0208724886384184","-0.0195244017980318","-0.0205594658303312","0.0012764348975238","0.00312850085319782","0.00177228573882133","0.00355456995481686","-0.00144933577746671","0.00309033062373519","-0.000354858698127803","0.00215038062098621","-0.00749340974623026","0.00325060728338629","0.00484587993692048","0.00262475851556477","0.000977218809145352","0.0135026687197328","0.0101581008917915","0.107727476342689","0.139621442664291","-0.0146625618605416","0.0428618923008344","-0.140159420202936","-0.0448140157897923","-0.0320163830345681","0.22627080486866","0.229310066229874","0.19701724672199","0.142900020264157","0.101573656926329","0.00154301581921157","0.00838366294969461","0.00633414627679195","-0.029779802739494","-0.00202100690401991","-0.0694507774735236","0","-0.00830994985643763","0.031256319829712","0.019765612217638","-0.0800000000000001","-0.15","0.00744661494254295","0.000695974194069748","0.0034608830783629","0.00361064449699633","0.00229999999999997","-0.00234055599999994","-0.3131","-0.2566","-0.1562","-0.0108221003226951","0.00389616227474754","15.44999981","-0.0135929193252355","-0.0238296030599816","-11.29353","-0.153700000000001","0.362040000000007","-0.220299999999995","0.00312338353995188","0.00324500014332685","-0.0096189873873149","0.0024539889615669","0.000991571722295248"
"162","2011-06-01","-0.00346986332628774","-0.00983366471952074","-0.0301530381706874","0.0999999999999996","-0.0039793128514809","0.0182653479772927","0.0164130296413303","0.0216614967811797","-0.299999999999997","-0.00209356707436648","-0.200000000000003","0.0126495941491154","0.0999999999999996","0.00638288530436348","0.00953902304675891","0.0081411575836996","0.00660068403135217","0.0132202114281341","0.00200200267067263","0","0.0555127099302588","0.0113251493570532","-0.00871465210244349","0","-0.0540672212702757","0.00231481584845206","0.000993542058878027","0.0206866386087219","0.0111733005981254","0.00224719195690515","0.00575541157062087","-0.00699915368218829","-0.00234741891830481","0.00101677690508684","-0.00454030291878293","-0.13275948984594","-0.0059406115301206","-0.00118553659410203","-0.062995852014577","0.0293830162450313","-0.00561483788432948","0","0.00109709281437365","-0.00247831601446702","-0.00371057939653596","0.00300739304843134","-0.0049751354665224","0.00134278862338277","-0.00438651058127171","0.00108926171638494","0.00258741167253222","0.0010428165713684","-0.00271414053150342","-0.00883017560014457","0.00129990715823968","0.00319517073418424","0.00203663117827063","0.00158945362546496","0.00128853995668245","0.000538905652661938","0.00317552984553837","0.000779218440683853","-0.0147277449121521","-0.0450185098397036","-0.0723640652993325","-0.0965554682896705","-0.162777771734878","0.0329659933565214","-0.216309104083912","0.180583936895413","-0.00490748352249604","-0.207272412100229","-0.119577677850658","-0.168766780436139","-0.0495084377319328","-0.105902668015915","-0.0112952289747845","0.00189561537870558","-0.0125310499603328","-0.0146739267023976","-0.00602596670663869","-0.0101390607234482","0","-0.00401849405946741","0.0592290569525193","0.0489451442730306","-0.119999999999999","-0.15","-0.0126726277214839","-0.00117638775250661","-0.00477537203759404","-0.00271786312306865","0.00169999999999992","0.00941681799999994","-0.1931","-0.0909","-0.0094000000000003","-0.00783243606845296","-0.0105690384081409","16.52000046","-0.0184261855179582","-0.0466221198503938","34.08081","-0.241900000000001","0.0272599999999983","-0.314170000000004","0.00313600015753584","0.00107933091967549","-0.00452941992494139","-0.0123306124574789","0.00296882949380173"
"163","2011-07-01","-0.00153465798727659","-0.0044441695899966","-0.0232268506098166","0.199999999999999","0.00477327875265754","0.069897439617379","0.0195746031246298","0.014184634991957","0","0.00132106800157317","0.0999999999999943","0.023158518870444","0.100000000000001","0.00118553659410203","0.00315956029036846","0.00269905696916517","0","-0.00564441761967682","0.00199800266267314","0.00241838086428103","-0.0387408283164303","-0.00451468035452685","0.0108815001875335","0","0","-0.0034742362681861","-0.00298359246688751","-0.0152011613320502","-0.00892863074430128","-0.00449944516122969","0.00143369200184829","-0.0284970307385457","-0.00235294226202676","0.00708863727773501","0","-0.189756535281473","0.0118461405041623","0.00355240160436843","-0.00449438958783954","0.00618558673271075","0","0.00218579321998025","-0.00219539056343621","0.00371517455186332","0.0012383902511468","-0.0277714458775131","0.00373364252252095","0.00645777982681572","0.00484926156346255","0.00282983519339682","0.00326571386222038","0.00382620315187849","0.00398464173355957","-0.00143414853515596","0.00449765830435507","0.00301796101869744","0.00258144375045412","-0.00361728173141459","0.00146577410800731","0.0014993102734196","0.00270564053830559","0.00140273744202683","0.0231062339593358","0.0259724744140364","0.00808390871558196","0.0105265673157042","-0.0602086580455028","0.00550965581096996","0.0354826883609078","0.00750797635987777","0.0373188892760083","-0.0395315349340297","-0.021004272770532","0.108142158619703","-0.0235958205966824","0.0393458513268445","-0.00200907544499263","-0.025963857752591","0.00416501111645533","-0.0182773509981464","-0.00426466235527678","0.0272113843254909","0","-0.00541349260317858","0.0130078882753786","0.0305819589902399","-0.21","-0.22","0.0089742251331657","-0.00186961701855815","-0.0027408323710052","-0.00308251894743172","0.00380000000000003","-0.00828181799999994","-0.1288","-0.1007","-0.0302999999999995","-0.0230952461258251","-0.0325242642372885","25.25","-0.0217083563525993","-0.00393810334588363","15.10645","-0.423899999999989","-0.290940000000006","-0.379919999999998","0.00422763293328365","0.00645163528148895","0.00407989100112554","-0.0108109161042149","0.000987654401272131"
"164","2011-08-01","-0.000580373162083703","0.00190706306606181","-0.00523561405394446","0.100000000000001","0.0173096375350914","0.0553987793897877","0.00113960126293389","-0.00235017734495369","-0.100000000000009","0.00025756600271265","0","0.0137942030161442","0.0999999999999996","-0.00150910883442723","0","0","-0.00439561147303813","0.00751883241402762","0.00398406901487469","0","-0.00835077921741956","-0.00453515516539138","0.00431966114451665","0.0953101798043248","0","0","0.003976148379639","-0.0333735088165064","-0.0124085066438298","-0.00225733730165079","0.00855925339567065","0.0196786314410256","0.00470036118033157","-0.0265864329910022","0.0079320529199034","-0.107574130286141","-0.0441395622248777","-0.00236686501026639","0.0156427770704539","-0.0113696315202985","0","-0.00328048407916182","0.00219539056343621","-0.00247524878854311","0","0.0526273923919804","0","0.00106229889058973","-0.00621404381465673","0.00250072401510205","0.00300599719603454","0.00255904308984451","0.00299826628603139","-0.000462126735251869","0.00843693982539743","0.0035828429836042","0.00303254041284893","0.00379230527566324","0.00431024714493897","0.005111799459508","0.0039391155333361","0.00101609147694269","-0.000165231220814022","-0.00210056028503658","-0.00717282598265356","-0.0102613114158885","-0.0274753496279931","0.0168190628222078","-0.249892559706363","-0.0274149569267577","-0.0134190175221693","0.0215004728482491","-0.045846388125419","0.135404637006204","0.0519952951183802","0.0906543682681304","0.0117676224889589","0.039943085555196","0.0100308804113273","-0.0174838097778602","0.0124951614917923","-0.0594391232075262","0","-0.00313958679613258","0.0350601276225877","0.0386742223024719","-0.180000000000001","-0.14","0.0193977727124288","0.00527456123450776","0.00109090157041436","-0.00478876545861162","0.0278","0.0151636359999999","-0.4658","-0.5304","-0.3842","-0.0774466843159072","-0.0930282812096888","31.62000084","-0.0584675017537988","-0.0797609367735119","46.8966","-0.386400000000009","-0.441329999999994","-0.398039999999995","0.00117679411166722","0.00107123738149895","-0.00820041087384447","0.00250522051693647","0.00295712388974412"
"165","2011-09-01","0.000716882615575898","0.00342357527064507","0.0097943975922874","0.0999999999999996","0.0116325468358287","0.00398406901487469","-0.00113960126293389","0.020955365175988","0","0.000804466440824214","0.100000000000009","0.0121664437663185","0","0.0021551732479832","0","0.00269179166571165","0","0","0.00396825917562094","0.00481928643594909","0","0","0.00430108189939027","-0.0953101798043248","0.0273989741881144","0.0034742362681861","0.0137933221323356","-0.0570253377867882","-0.0137145006707877","-0.030983545519967","0.0238607811269063","0.0534610052056372","0.00584455199628309","-0.0104167608582557","-0.0205252359447305","-0.0837429894163919","-0.0196795579464455","0.00118413276121654","0.00552793005251306","-0.00835077921741956","0.00112549252173455","-0.00109589052063708","-0.00439561147303813","0.00371057939653596","0.00247218914538916","-0.0338778935690582","0.00124149294400144","0.00490501282100197","0.00552117495756832","0.00585104375801857","0.00415563935749564","0.00268459000591292","0.00998001573453331","-0.00373832613105424","0.00438513690117162","0.00251002397098714","0.00164739079920733","0.00155475201157802","0.00637407493898478","0.00378858139337793","0.01327250998287","0.00141007756936268","-0.0190386616581222","-0.0175487080490129","0.0245445255572356","0.0303875953255215","0.0709019617536608","-0.0182534403093513","0.306995637796637","0.0210657292480985","0.00698048307154409","0.0196699118078278","-0.0224728558520582","-0.118055998671591","-0.0718541037679836","-0.107479160518111","-0.00368803673038975","-0.0157483569681393","0.00419361089860809","-0.0374043336599605","-0.035172154285251","0.0234038926952653","0","-0.00753754806389573","-0.0286429933019541","-0.039598064371539","-0.53","-0.0800000000000001","-0.00782297652865793","0.000531380264337855","0.000841338826214511","-0.00570848693319448","0.0614","0.010595455","-0.142","-0.2793","-0.2927","-0.0535904853349507","-0.0694788631304082","42.95999908","-0.074467100959879","-0.103462899455371","49.75919","-0.622119999999995","-0.383750000000006","-0.371710000000007","0.00381558049818313","0.00107009105984446","0.0157147712410988","0.00913248356327312","0.000983767910132549"
"166","2011-10-01","0.000920951715130514","0.00568004051570448","0.00969939708871337","0.0999999999999996","0.0183351202058812","0.0466103784416232","-0.0137774854403041","-0.0139213385186086","0","0.00115729591468039","0.0999999999999943","-0.000187987593372796","0","-0.00129254649619526","0","-0.00269179166571165","0.00439561147303813","-0.0018744147943508","-0.00396825917562094","0.00240096153753822","0.00209424160311489","0.00679504313282919","-0.00862074304390692","0","-0.0273989741881144","-0.0034742362681861","-0.0177694705119746","0.00477898161635082","-0.0127390257774298","0.00928080907447271","-0.00835659459094185","-0.0472799700742028","-0.0093677500035998","0.0359936026479053","0.0103152777118325","-0.149143158096636","0.0349470300772339","-0.0107080142724723","0.00878161516038478","0.00104766903244347","0.0078431774610257","0.00546748218213366","0.00110071557618507","-0.0199507864193489","0.00982808893626252","-0.000317409246055611","0.00864745060189875","0.0106814424528547","0.0141615652290863","0.00056877606707424","0.00206974096173685","-0.000032326313603723","0.00158991253315228","0.00208278583524682","-0.00222107194555331","-0.000441395741362923","0.00253170723162252","0.000201048177058403","0.00170577147595711","0.000959112084971049","0.00172581801942952","-0.000392350061459149","0.0375188609657098","0.0822759825903798","0.00403281692645763","-0.000285910340464213","0.0252519916025689","0.0673008507151795","0.0522335859471923","0.0768752539312372","0.128774993035714","0.031056288525825","-0.0307716586667537","0.0572949046611528","-0.00430725719758041","0.0546809749511405","0.00428324318328244","0.0172412659291715","0.00148103002198785","-0.00358008330951964","-0.00145832698704679","-0.0295011951088799","0","-0.00572912802612358","0.00596760588917888","0.017756501337912","0.02","0.12","-0.00795720739041172","-0.0107386589282807","-0.013394571526602","-0.00980087229925353","0.0518","-0.012754329","0.1011","0.0249999999999999","-0.1624","0.0749112546446939","0.0650800110909771","29.95999908","0.102306591858191","0.121612287528473","-38.30628","-0.594160000000002","-0.239859999999993","-0.311449999999994","0.00125193680968","-0.00107009105984446","0.014070442889254","-0.0225667746124003","-0.000983767910132549"
"167","2011-11-01","0.000613496951757497","0.00401960094031217","-0.00516130178022589","-0.0999999999999996","-0.0129525620357267","-0.0191576740329333","0.00230946984866254","-0.00233918235317176","0.100000000000009","0.000192752506380955","0","0.00219099276980828","0","-0.00194195767146343","-0.00315956029036846","0","0.00219058137981865","0.00747667034302069","0.00594649918772649","0.00239521072595483","0.00208986491945851","0","0.00647251450561726","-0.105360515657826","0.0800427076735364","0.00462963789874138","0.00496772010193425","0","-0.017637141486107","-0.00347021747900733","0.0262264859205086","-0.00264433825309052","0.0093677500035998","-0.0111733005981254","-0.00571756846320337","-0.099163749120315","-0.012195273093818","0.0142520227072014","-0.00878161516038478","-0.00841224729465218","-0.0067189502487448","-0.00766287274556987","0.00439078641749013","0.0236476483006749","-0.0049019706002067","-0.00169100600060901","-0.0098889435459002","-0.0023986894953314","-0.0178089322872133","0.00257530455465114","0.00215915464127999","0.00248736464669347","0.00186565716671998","-0.00147801020187329","-0.00151963379529236","0.00250250387852727","0.0019810925638907","0.00219849577102305","0.0031177207194609","0.00316606263247105","0.00355530065697921","0.00264129170657132","-0.0233045748195799","-0.0341919879810249","-0.0056844149049553","-0.00939459613700677","0.0163669774642052","-0.044594104089045","-0.0915671935254903","-0.0227775573992526","-0.0719865395258807","-0.0196589330505521","-0.101317772640868","-0.177230131770867","-0.0321665159200641","-0.0599973085783736","0.0117665222010821","0.00693758976798753","0.0148624527878871","0.014007341919215","0.00278798811941122","0.0110749134873664","0","-0.00456873773536337","-0.012211541714283","0.00683490179940982","0.0800000000000001","0.1","0.018824727466189","0.00295985067916682","-0.00211376356020487","-0.00795751654639076","0.0419","-0.00108203500000004","-0.2291","-0.2373","-0.2268","-0.00878409571252448","-0.0158118610434119","27.79999924","-0.00507155380952895","-0.016319519559433","62.84837","-0.190600000000003","0.0263099999999952","-0.226780000000005","0.0041495379102596","0.00427351077738169","0.0308202929181124","-0.0050847567181096","-0.00394477829101625"
"168","2011-12-01","0.000170349045605533","0.000626605697549465","0.00901487109621613","0","-0.00307219903697042","-0.00387597384469274","-0.00927005479628651","-0.0430688571858227","0","-0.000128497542661421","0","0.00162449270339149","0","0.00559984233099353","0.00630916919326463","0.00269179166571165","0","-0.00186393343806301","-0.00197824001210556","0","-0.00208986491945851","0","0.0170579829045767","0.200670695462151","0.0741079721537221","0.00919546709310026","-0.0169919130687362","-0.00717706430036369","-0.0143371631464069","0.00922728576907517","0.0491793449488132","-0.0414473739067969","0.0150378773645405","-0.0406517672664606","0.0159275266961014","-0.127482432745097","-0.052477937248617","0.00587891169977617","-0.046257541552702","0.0332325493444321","0.0022446698538241","0.0065717651632351","0.00109469085918157","0.00857323071048821","0.00245398896156601","-0.0163116866933555","0.00619210883979537","0.0066874285334606","0.0130425859152119","0.00198047117466421","0.00246950187943749","0.00198368809062381","-0.000781538098802906","-0.00200195454412326","0.00490230128224311","0.00554091702265123","0.00121894959111571","0.00908253309491934","0.00161157242583025","0.0000245073348860367","0.00340348660043336","0.00083888755355821","0.0169171164174671","0.0145412932385494","-0.0229579773960804","-0.0287252391179607","0.0913011047359555","-0.0790492817335444","0.349112171557032","-0.058740769295814","-0.0417965561914446","-0.00119362278644353","0.0450780543179912","-0.0569954810493636","0.0118169765047842","-0.0626923230700447","0.00499484954991303","-0.0151763081951783","0.0156585617882036","-0.00993653391495286","-0.013954159329844","-0.0265291811415036","0","-0.0076799384920232","-0.00769773208278046","-0.00774331629214053","-0.0200000000000005","0.0800000000000001","-0.0283095502116151","-0.0196719549907414","-0.0148183327882343","-0.0039477574335951","0.0481","-0.014672727","-0.1756","-0.1089","-0.0509999999999997","0.00774182966266057","-0.0208056606207681","23.39999962","0.00849656568624102","-0.0153518521551743","-75.72863","0.252210000000005","0.18798000000001","-0.133020000000002","-0.000696227193635386","0","0.00558513407033992","-0.00682014578820844","-0.000988630826939563"
"169","2012-01-01","0.00122565724181811","0.00674244032614624","0.0184190662931334","-0.0999999999999996","-0.0336363348593807","-0.00584227562422868","0.0320760603253243","0.0360182991891556","0.0999999999999943","0.000256978575825073","0","0.005044068358667","0","0.00118057432547491","-0.00314960890289617","0.00268456537066841","0","0.00186393343806301","-0.00198216120399142","0","0","0.00225479238708903","0","0","0","-0.00114481981593251","-0.00100857295488499","-0.00722894714315192","-0.00361664047018895","-0.00460300007196057","0.00903815061506297","0.00915757315402121","0","-0.00426439878645724","-0.00452489459828964","0.107988638064096","-0.00540249828334805","0.0104957231720144","0.0517550815118968","-0.02901757998512","0.00558972947878633","-0.00109229939860889","0.00109349382137136","0.0157293019085438","0.00244798163864068","0.0375913554675282","0.00246603780708199","0.00212958727741785","0.0052324501575427","0.00237902126994593","0.00170803430735349","0.0019139952112331","0.00296800536501394","0.00355864817048815","0.000834526875191996","0.00160463307940816","0.00275596818129858","0.00225487425101306","0.000601851880917649","0.00142956695905692","-0.000346720047809538","0.00276259407540194","0.0118070874412002","0.00335668733154648","0.0302635988756581","0.0419727446833154","-0.00826587612596619","0.080918441156248","-0.0834416221419731","0.0718199748163908","0.0241791276283791","0.0780063280456904","0.176334893737639","0.0569954810493636","0.099174017800328","0.0648222493278698","0.00209683052583198","-0.0147739286715953","0.0159990010588021","-0.0159369730768679","-0.00482393603085296","0.0258067030101943","0","-0.00028027167851441","0.0331841392308956","0.0718416250411185","0.12","0.0499999999999998","0.00925152810977714","0.00715570764638684","0.0111785205699153","0.00650589614618013","0.0274999999999999","-0.00439285700000003","-0.0290999999999999","-0.0724","-0.0743","0.0259150239320682","0.0638862655744266","19.44000053","0.0426600440016456","0.0316713717146073","-12.13714","0.710470000000001","0.29365","-0.04589","0.000574986753044993","-0.00320341971753724","0.0106534189401019","-0.00342759547226734","-0.000989609185165996"
"170","2012-02-01","0.00251469871193954","0.0057079197035943","-0.0126664138036841","-0.100000000000001","-0.0257870856114204","0.0193429628431314","0","0.0117234636960593","0.200000000000003","0.00112350545482975","0.100000000000009","-0.000248493509385384","0","0.00278492039462197","0","0","0","0","0.00198216120399142","0.0023894873973811","0.00417537141048019","-0.00225479238708903","-0.0127661308230351","0.0870113769896297","-0.0487901641694322","-0.00805064727716776","-0.0265864329910022","-0.0183043548620132","0.0379192348622936","-0.0081065875329891","0.0153064212826752","-0.0128442132742403","-0.00575706829006783","0.0221879149753619","-0.00454546237167452","0.0684677992774607","0.0182506407611971","-0.00932407687512349","0.0302398851897179","0.00941922191649169","-0.00671143458798618","0.0043620570801659","-0.00109349382137136","-0.0157293019085438","-0.00613122705493652","0.00682130903231304","-0.00493828218338965","-0.00294717654456633","-0.0115551822959912","0.00297320136610148","0.00190865630391318","0.00264946312277976","0.00449417439183598","-0.00137316390142079","0.00327185613428985","0.0022828569219386","0.00314028310861843","0.00112759502527115","0.00366918654190809","0.00756194720968785","0.0006501484452107","0.00114638274816268","0.0048888047395792","-0.0118717501586278","-0.023413294942797","-0.0338367254835195","-0.0549345000071115","-0.12172988987874","-0.249173329079482","-0.134227744542483","-0.0609710745619552","-0.0598309259870256","-0.168104394601124","-0.0309448038494216","-0.067379432139175","-0.042374617655712","-0.0021404056534049","0.00177935990007727","-0.0077581202469125","0.0387939931250969","0.0186515371120942","0.0751592629840321","0","-0.0059477871205047","-0.0759010042186787","-0.0984121479212803","-0.00999999999999979","0.1","-0.00371708467376308","-0.0160965855646609","-0.0119253650326137","-0.0124207523980164","-0.0148999999999999","-0.0164","0.0122","0.1087","0.183","0.0371477700770768","0.0612372454007684","18.43000031","0.0397873450206205","0.0497033227930399","-23.29009","0.534899999999993","0.0781999999999954","0.00822000000000855","0.00315393154996546","0.00106894718890516","0.0107730988508569","0.0127933514599095","0.00296589441337769"
"171","2012-03-01","0.00132277394768643","-0.000123739404971346","-0.00767758089903392","0","-0.0164612770540717","0.0133208439756602","0.00449944516122969","0.0161853244210173","0","0.000481116198841391","0","-0.00174118568957393","0","0.000641574016874813","0","-0.00268456537066841","0","0.031166592238419","0.00788958727516231","0.00476191376024371","0.00829880281469553","0.00225479238708903","-0.00429185208154159","0.0800427076735364","0","0.0034582167029571","0.00516797015844261","-0.00246609249519292","-0.0427618593380812","0","0.0348293911416802","-0.00092378759456313","0.0126220838097479","0.00104438651790595","0","-0.0843411484337508","-0.00854706057845789","0.00350672480920977","0.0487901641694322","-0.00626961301359508","0.020000666706669","0.0151190784916562","0","0.00243605479788123","0.0206945912428331","0.00621818443837707","0.0171782842552677","0.0223302790326851","0.0430834591146425","0.00106737597042112","0.00218783795818415","0.00157742355618555","0.00120210636458928","-0.000945909700291546","-0.00149413623110475","0.00152306152408858","0.002730058403135","0.0051311352727748","0.00270572255323777","0.00368006580649739","0.00172319605069307","0.00168376402110789","0.0165006779136299","0.0343462248789184","0.0310835549004924","0.0373626618025131","-0.0360688982520552","0.0993047792581354","-0.0116167811706696","0.124981010178709","0.0627850041251516","0.033527294947957","0.0762524314997561","-0.105360515657826","0.0553391529070941","-0.0606246218164346","0.00550280811828419","-0.00152497170231775","0.00334420510651443","0.0498238836509701","0.00132806343630459","0.0500145084308672","0","0.000137848930323869","0.00883503875730796","0.0182794547353513","0.0200000000000005","0.0699999999999998","0.00254427640835253","0.00309745232857495","0.0018585826193025","-0.000978121130591703","-0.0348999999999999","-0.00926168799999999","0.0833999999999999","0.1039","0.0853999999999999","-0.0136043083901072","0.00777790878695583","15.5","0.0308514756321125","-0.013207280724933","-15.95167","0.182200000000009","-0.137699999999995","0.0314300000000003","0.00344970218142678","0.00745080615586513","0.0058373430496337","-0.000847816922339817","0"
"172","2012-04-01","0.00250507917056275","0.000989486784504834","0.0114943794257352","-0.0999999999999996","-0.00833338155914465","-0.0287651664031339","-0.00112296474462337","0.0159275266961014","0.0999999999999943","0.000929502142275496","0.0999999999999943","-0.0151133218741961","-0.0999999999999996","0.00946865949721332","0.00628932890756406","0.00536194314138516","0.00654309858893587","-0.0218986853076375","-0.00196656897204051","-0.00237812240496726","-0.00414079266603196","0.00224971973401544","0.0128206884290618","0.0741079721537217","-0.0512932943875506","0.00229885158711074","-0.0134926800444743","0.0528969461220852","0.0275301647425827","-0.00232828975959087","0.009732436918231","0.0309396835348288","-0.00571756846320337","-0.0481118973758914","-0.0195520892073864","0.109750863959119","-0.056275188749412","-0.00820156911341741","-0.00916036939866416","0.0156009404424795","-0.0290198935735182","-0.0096931292056599","0.00109349382137136","-0.0110092855083694","-0.0305834233720805","0.00123608766837791","-0.0184167022245338","-0.0264315413737144","-0.0365200904128073","0.00243700174991188","0.00238936259167801","0.00322159687020658","0.00134921741630451","-0.00260128990770261","0.00554885850465726","0.00425768936471636","0.00187153542717482","0.00133205778967369","0.00398847962165559","0.00512547459343115","0.00406763223331918","0.00231327731944068","-0.0748675297024164","-0.111919322063089","0.00462394858566739","0.00257969555260118","0.000727008392617634","-0.0369602000940947","0.0287927759416799","0.00870516922733078","-0.0710457211325188","0.0343982958518527","-0.0927817334509662","-0.0289875368732524","-0.10491198458953","-0.00354400843472913","0.0144000757476501","0.010437517661175","0.0149120483411005","-0.00277562223679162","0.0119987619135959","-0.0492605816935852","0","-0.00812787564611561","0.0147448748011048","0.01234356307722","0.0999999999999996","0.22","-0.00442787329607519","0.0049633057185865","0.00562996947782324","0.00728730548336642","-0.0202","-0.00388492900000004","-0.073","-0.1113","-0.0484999999999998","-0.00604937406620465","-0.0105679793458009","17.14999962","-0.00752569988430718","0.0143474490380511","39.50317","-0.1952","-0.136660000000006","0.044959999999989","-0.00073292691087073","0.00211864486028546","-0.0244917371404389","-0.00510205188389534","0.00394089179987667"
"173","2012-05-01","0.00351007819295113","0.00800349036124537","0.0250796843970233","-0.0999999999999996","-0.00671706975594244","-0.0236231457634366","-0.00224971973401544","-0.043836314813178","0.300000000000011","0.00255967375950306","0.200000000000003","0.0018307508033093","0","-0.00328790665818346","-0.00628932890756406","-0.00536194314138516","0","0.00368324541629583","0.00588814262522241","0.00237812240496726","-0.00207684394483909","0","0.0063492276786592","0","0","0.00800461678261399","0.0103951040003398","-0.0224994689377143","-0.0130720815673531","0.01043487729258","0.0120338395637232","0.00268456537066974","0.012535776694981","-0.0300189299898879","0.0206903932574471","0.052367985517316","-0.0476557340988206","0.0163364193196935","0.0101730277130505","0.0102670306397439","0.011261380272539","0.0107643665871588","0.00653597097978498","0.0231013312733976","0.0135720775455432","0.0335700319390897","0.00986444632461136","0.00537359891206357","0.00782269715629802","-0.000772302013411557","0.000705323241191397","0.000775463376084715","-0.00435102551639884","-0.00161781367296561","-0.000885668217150785","0.00363998233501398","0.00153287843457945","-0.00777841908633554","-0.000350905150663063","-0.002731666966941","0.00240343203103203","0.00170381422524511","0.0445239123093231","0.0927903050084709","0.00914306267919152","0.0105609497844288","0.152696134116264","0.0865571412334667","0.18279448184415","-0.0246790698868411","0.0962872194521527","-0.0176087300766401","-0.00836824967051708","0.11995931507898","-0.0196232711841402","0.0383099662779429","0.0150400086762392","0.0116367679503236","0.0226829773121709","-0.026034812826607","-0.00682981444933461","-0.079080183274562","0","-0.00175754747312418","-0.0670717713840041","-0.0524646970859077","-0.00999999999999979","0.02","0.0106511742092668","0.00179874814378955","0.00381733133152196","0.00236127505586836","-0.0127000000000002","-0.00131052599999998","-0.1597","-0.2701","-0.2186","-0.0756929035559475","-0.0782531622193954","24.05999947","-0.0646993080718206","-0.120993255478238","17.75992","-0.534900000000007","0.00924999999999443","0.0713599999999985","-0.00443818640341302","0.00105764155813493","-0.0411239162855245","-0.00856169613481139","-0.00196850457267228"
"174","2012-06-01","0.00265809951092599","0.00586942257280576","0.0220462082633714","0","0.00755353990090857","-0.0140423571230386","0.0233733511853087","0.046091107200267","0.0999999999999943","0.00258501157208357","0.200000000000003","0.00239385272437165","0","-0.00127564596866936","-0.00315956029036846","-0.00269179166571165","0.00433840159859766","0","0","0.00237248035363091","0.0467089979656077","0.0067189502487448","0.0125787822068597","0","-0.0540672212702757","-0.0137616850726818","0.0285442417052986","-0.0516085032160074","0.00952388151125572","-0.0209797904691946","-0.0680534632450156","0.105092383198786","-0.0194402920415255","0.0376567194380053","-0.0114417724197855","-0.010256500167189","0.0521857531705701","-0.0104712998672953","-0.00202634314523298","-0.0708916524561785","-0.00112044829648994","-0.0260318387179472","0.00541419839087265","-0.0145281005629094","0.00122473989589622","-0.0210776524195948","0.00489597127913832","-0.00372610091930348","0.00959742958389675","-0.00197776794366318","0.000529147241849412","-0.000634323798360824","-0.00644120576355972","0.00104377196803566","-0.000684116531796256","0.00223474436931246","-0.0245331897681283","-0.00630329091555202","-0.00105534770776204","-0.00609594111754285","0.0032363895422105","0.00292184314820068","-0.0471015902062355","-0.0871499977136505","-0.0148113977827649","-0.0180633294566075","-0.110015403001383","0.0195709766955243","0.0640951604564002","0.0225098716392962","-0.0913837465564367","-0.0838804882032971","-0.106294658649623","-0.0535842461341067","-0.106038252044324","-0.0324102441507543","-0.00843215425639521","-0.00530108198272394","-0.00193112387017041","-0.0245196647474257","-0.0212233153418199","-0.148006822409528","0","0.000860193343534377","-0.0554738325742363","-0.0300381036278523","0.0199999999999996","0.0600000000000001","0.00867597151699506","-0.00417796210667376","-0.00347594417591779","-0.01093587159259","-0.0591999999999999","0.001084211","-0.1004","-0.1718","-0.1823","0.0439618311773202","0.034800551659977","17.07999992","0.0387927197835216","0.0464908279394884","9.74633","-0.105279999999993","0.163510000000002","0.126450000000006","-0.00836262510802572","0.00211193320314429","-0.067144592750366","-0.0103717437967816","0.000984736662539731"
"175","2012-07-01","0.00120894634913782","0.00134023778818815","-0.0085158665489935","-0.0999999999999996","-0.0100841190666259","-0.064673210342435","-0.0066225407604934","-0.00451468035452685","0.0999999999999943","-0.0000637470517208527","0","-0.00352978620509337","0","0.00180668522494898","0","0.00269179166571165","0.00216216300449545","-0.00923367594694469","0.00195503483580328","0","-0.0363676441708751","0.0022296553272696","0.00829880281469553","-0.0741079721537217","0.0273989741881144","0.022832042042646","-0.00301962987371951","0.0540008488546269","0.00825963397741702","0.0221325283490028","0.0584380045455735","-0.0953101798043248","0.022832042042646","0.0383842430083154","0.0114417724197855","-0.239601263617253","0.0376984773477584","0.0139375078437816","0.0455975914388729","0.0291754891339311","-0.00562115027042953","0.014184634991957","0.00431035150112269","0.0169290621004476","-0.00122473989589622","0.0227353715329901","-0.00489597127913832","0.00352193370516218","-0.00336087644776129","0.00368390096005586","0.00277598678025155","0.00454427217428713","0.00378305396659052","0.0026396007632794","0.000151390945353978","0.00375679220784829","0.00304127514762169","0.00187363417409698","0.00431815106087222","0.00489396280368998","0.00406908528109244","0.00359507892715288","0.0610047361940396","0.0925445547035775","-0.00259479512793881","0.000342241112202046","0.109391378020136","-0.0448771350313422","0.105803876338998","-0.0968314231706051","0.0470757101283663","0.0715366315649302","0.1501372965138","-0.0861776962410525","0.106038252044324","-0.0519126812144135","0.0102867492936154","-0.0113194517636599","0.0216707014516292","-0.0043483456686193","0.00115532747125624","0.0754731600790626","0","-0.00467672569667954","-0.0259499100196106","-0.0117602626071314","-0.12","-0.0700000000000003","0.00960335460997896","0.000433319249433239","0.00580452905190043","-0.000805761893357015","-0.1282","-0.021329666","-0.143","-0.1175","-0.0796999999999999","0.0123121654496749","0.0185425989643164","18.93000031","0.0125188848626276","0.00855747182939837","-37.52054","0.0902799999999928","0.255809999999997","0.187719999999999","0.00141115912286872","-0.00211193320314429","0.00706378570161348","-0.00785001850592693","-0.00197044398729851"
"176","2012-08-01","-0.000604290480669789","-0.00268227422458978","-0.00735748260729707","0","0.00589475391134897","-0.0418102700600151","-0.00110803335436138","-0.00453515516539138","0","-0.000637694119751231","-0.100000000000009","-0.00779693975595919","0","0.00951079767658491","0.0125787822068602","0.0106952891167476","0.0021574981400212","-0.0130720815673531","0.00389864041565779","0.00236686501026551","0.0183491386681967","0.00222469502211098","0.00823049913651541","0.0741079721537217","-0.0273989741881144","-0.0079320529199034","-0.0307086566191668","0.00238663597773137","0.0058582475683675","0.00459770924862912","-0.0084900449328309","-0.0214677296241064","-0.0124930642474661","0.00208986491945851","0.00567216495246647","0.0756663330737375","0.00217391389961907","0.008041398874993","-0.023530497410194","0.0262758154022826","0.00225225320432454","0.00647950431098643","-0.00539084863487638","0.0131032249984271","0.00366972888896289","-0.0140410604638204","0.00367419665201751","0.00581055130522046","0.000922883316656353","0.00239255130247439","0.00243760365730248","0.00138248766126174","0.00282070143712068","-0.00478145864757554","0.00230168245024361","0.00257806137038042","0.00259436083308642","0.00614046322562849","0.00188034138169494","0.00299155349160147","0.00166050627549599","0.000754306793508254","-0.0261672092075322","-0.0535478079349438","0.0161493289295329","0.0257012640686565","-0.160098420009245","0.0959030735666637","-0.38734568634512","0.190561043523099","-0.0201312832809197","-0.021604394677599","-0.110437426667115","0.215111379616945","0.0255845407006392","0.0888683877368424","0.000147595188664695","-0.0134341306693266","-0.000946223063817753","0.00462166339166004","0.00830463441555712","0.0995357498686058","0","-0.00414363915038507","0.0225816412680935","0.0176409151632946","-0.0699999999999994","0.02","0.000871899854931968","-0.00200746762237181","-0.00267445826752599","0.0021837671425331","-0.1118","-0.01450909","0.00439999999999996","0.0211999999999999","0.0046999999999997","0.0153767885910012","0.0242617309617739","17.46999931","0.0195706098725603","0.0323380882680038","-56.30439","-0.0766099999999881","0.102520000000013","0.220389999999995","0.0116371383016378","0","0.0729794772483405","-0.0194524259268158","0"
"177","2012-09-01","-0.000436659228006064","-0.000732779710366671","0.00491099820662733","0","-0.00673970537691293","-0.0112995552539337","0.011025470011707","0.0202481608299481","-0.0999999999999943","-0.0007976899323765","-0.0999999999999943","-0.0000636395456350414","0","0.00283568955443503","0.00312012733624378","0","-0.00431966114451665","-0.00565505748334516","-0.0019474202843961","-0.00236686501026551","-0.0142423567155427","-0.00222469502211098","0.00408998525152438","0.0689928714869517","0.0540672212702757","-0.0253469790873977","0.00621763661087105","0.00948998818484803","-0.118951942861365","0.00571756846320337","0.00728158557126246","-0.0340262710572352","0.0056980211146378","-0.24211145402102","0.00564017287626051","0.121823445193388","-0.300430378411845","-0.0103508687236555","0.0512436899826687","-0.0156824960006174","0","0.00322407587175277","-0.00216450300957316","-0.0155041865359653","0.00243902559935893","0.0245559739773755","0.00244194976513601","0.00825504926654475","0.00256856418056373","0.00258378868786581","0.00232472710640129","0.00217375739555142","0.004748664361033","0.00214702313898573","0.00711099982624937","0.0020384487530181","0.00277119205112961","0.00872705732683606","0.00389331212568405","0.00760139352005084","0.00206587821197203","0.0015449294092122","-0.00611635339960692","-0.00148676237287226","-0.0333308291560623","-0.0398879358636055","-0.125505081750294","-0.171625366890325","-0.0471265145221302","-0.229590387428834","0.00780597807853134","-0.0419936327658501","0.105061069630734","-0.0724550792154215","-0.0440466035403739","-0.0393114202148883","0.00304423720396141","0.0111547830951672","-0.0120636383645151","0.0180758944672288","0.0249423955829998","-0.00442048284143137","0","0.00307595554085793","0.0722896404864528","0.0462969473486066","-0.04","-0.02","0.00995216848961533","-0.000621953086056948","0.00424729828471371","0.00362952854852416","-0.0575","-0.022975455","0.0547","0.0487","0.0996999999999999","0.00878520863219379","0.0279913897416186","15.72999954","0.0239471188730942","0.0250231455006191","59.23477","0.165109999999999","-0.0321400000000125","0.229640000000003","0.00443803849009016","0.00316622955805013","0.0258530920520596","0.00977351182698083","0.00491884907159612"
"178","2012-10-01","0.00358838019401375","-0.000122182173772245","0.0109623509496632","-0.100000000000001","0.0134342910491272","-0.0114286958236223","-0.015469921772131","-0.0270896926466646","0.299999999999997","0.00277321950681042","0.200000000000003","0.005394954534232","0","-0.00673474080841885","-0.0125393492527355","-0.00801072374607914","0","0.00940740710189569","0","0","0","-0.0022296553272696","0.00813012608325092","0","-0.0266682470821613","0.00697677248564776","-0.00414079266603196","0.0540050805214598","0.0336383591488296","0.00113960126293389","0.00962702982716479","0.0240307312255563","-0.00227531383713586","-0.00667113881702264","-0.0158733491562897","-0.150572858479374","0.00292825977908873","0.00346220772847072","-0.0592118596318452","-0.00105429635490584","-0.00903960957772476","-0.0140466923299041","-0.0021691982475458","0.00956945101615059","-0.00610875448832182","0.043533670949528","-0.00366521895169658","-0.00369010850880258","-0.000148980798234888","0.0046037223674518","0.00376662514614926","0.00562548227287086","0.00326894480273773","0.00413345018026657","-0.00416651654049403","0.00767589797128268","0.00236806335318378","0.00531512093777843","0.00680102233577401","0.00588526948200799","0.00643732867244132","0.00448582732524014","-0.0260371228957919","-0.022492798339659","-0.0000639502041295259","0.00548025600015833","-0.0116960397631916","0.0672992205945526","-0.0462267174952338","-0.120117848764671","-0.0216902344778553","0.00223214378394054","-0.0525708870093382","-0.0626135927279874","-0.0219789067187754","0.0661586702510766","-0.00758404461244933","0.00537346806114336","-0.010515006381422","0.0084878776277133","-0.00229849456682618","-0.0102418849582371","0","-0.00514464438555784","-0.0000938511833759037","0.0369665550215856","-0.11","-0.18","0.00318017147379202","-0.00118668611594508","0.0012428706394747","-0.00578331571477797","-0.104","0.00631695700000001","0.0453","0.0499000000000001","0.0472000000000001","0.00848044016881744","0.016976160316851","18.60000038","-0.0199878425232534","0.00458715953019695","9.17071000000001","0.142899999999997","0.0888800000000032","0.216380000000001","0.00250677148624503","0","0.00567832412764542","-0.00265604405811626","0"
"179","2012-11-01","0.00200655541874539","-0.00146735169395029","0.00302389102507661","0","0.00499169089724116","0.0227282510775559","-0.0145824232942706","0.0136365749495457","0.100000000000009","0.00178100101143386","0.199999999999989","-0.00183736231877685","0","0.00694447235281181","0.00628932890756406","0.00267737777071675","0.00216216300449545","-0.00375234961855053","0","0.00472814119594567","0","0.0022296553272696","0.0140705838969417","-0.143100843640673","-0.0273989741881144","0.00807852056520186","0.0185000137439202","-0.0101181301655853","0.0288421246292856","-0.0137616850726818","0.00119688823384578","0.0747600752091095","0.00341103230106299","0.0846659244149937","-0.0172914971100617","0.219804650048695","0.0974344503854052","0.00115141060504165","0.0158733491562897","-0.0116712200166003","-0.00797725028064455","-0.00655024176071883","0","0.00237812240496815","-0.00491401480242892","-0.0100780989306042","-0.00367870221592703","-0.00504561394366476","-0.0100022724326667","0.00256057984713626","0.0025419252632874","0.00251098118338242","0.000860698152225795","-0.0033821468164445","0.00836556388969051","0.0033121416395202","0.0017729740882778","-0.00178946698524619","0.00119087694159695","0.000182438924031701","0.00293905033362185","-0.00132571844583828","0.000808063668346293","0.00641738390460844","-0.00966066912126529","-0.0146034525229002","-0.0548378262332756","0.0380361628047616","0.16788087263916","0.0936512755765069","-0.00352662968158768","0.00743307279817707","0.0632948503723139","0.121536665724833","0.0204249048520406","-0.0325323136707967","0.000362739105987053","0.00365009845157604","0.00378529022829613","0.0181622526782848","-0.00736582606185321","-0.0240080380848413","0","-0.00464457116790307","-0.00268369633782939","0.0155656983823871","-0.04","-0.0600000000000001","0.00900593896058233","-0.00066862538610124","-0.00403943645974714","-0.00316542706472767","-0.0195000000000001","-0.00776423000000004","0.032","0.002","-0.0122999999999998","0.0134327675670569","0.0082773530664273","15.86999989","0.00284267279181449","0.0113767305490291","14.47874","-0.1541","0.307609999999997","0.190870000000004","-0.00333899108087451","0.00210526393546218","-0.0300113165127505","-0.00711746776886457","-0.000981836112257106"
"180","2012-12-01","-0.000501261518625284","-0.00416922737587733","-0.00970881412696123","0","-0.00917055197220762","0.0156078976659915","0.00563381771825622","0.0201124097870959","-0.100000000000009","-0.000254234596342329","-0.0999999999999943","-0.0105827839644048","-0.100000000000001","0.00115273787980819","0","0.00267022855587884","-0.0043290110895855","-0.00565505748334516","0.00389105549296698","-0.00236127618568016","0","-0.0022296553272696","-0.00199800266267314","0","0.0273989741881144","0.0125644142875503","0.0221559918972094","0.0409575785486647","0.0122851667945776","0.0183071474443564","0.00952388151125572","-0.00169635324817907","0.0157660923386755","0.00735297430525872","0.0115608224010764","0.032897703507059","0.0157898017326348","-0.00692843418196443","-0.0640137244842247","-0.0042780813910781","0.00911168035125609","-0.00549150199367521","-0.00653597097978498","-0.00715140115762569","0.0122400548945025","-0.10116445764053","0.00978003065039257","0.0104185179796037","0.00989137863712486","0.00195749252042412","0.00221921120210406","0.00143303822608905","0.00525757928427453","-0.00033600201319445","-0.00215146845024094","0.000842922932660794","0.00186182161432509","-0.00539425255271816","0.00266010275258319","0.000702648879787385","0.00384417914419582","0.00292836335933413","0.0400011667140294","0.047545098550291","0.0215277293441254","0.0191665909204808","0.274951582265633","0.128656375883896","0.25956314218778","0.261971221325947","0.0404545100282068","-0.00717583807007038","0.122807429261547","-0.165568935875337","0.048567966634911","0.0831079112820188","-0.000958350408861719","0.00363682367243551","-0.0105051471146712","0.0429879802843169","0.0114002169108318","0.00393503138741824","0","0.00839569994679223","0.0133883044056624","0.0290881676453125","-0.00999999999999979","-0.0800000000000001","0.00722395153010247","0.0114389236111343","0.0158189627010401","0.0138055087065538","-0.00579999999999992","0.00524043100000005","0.0786","0.0726","0.0545","0.0091285539921433","0.0279256955975331","18.02000046","0.0070433676117494","0.0145988119916485","-17.89291","-0.0427999999999997","0.0756300000000039","0.17689","-0.00123556696767111","0.0010509722459755","0.00645160756765302","0.00267499044930375","0.00196270916784869"
"181","2013-01-01","-0.00247657422432113","-0.00270702761593","-0.0234433931899396","0.2","0.0149628726767119","0.0326470778366659","0.0167134809737401","0.0262023723940237","-0.200000000000003","-0.000794899963956652","0","-0.00662317953384406","0","-0.000523807041466817","0.00312989300892763","0","0.00216684808509005","-0.0114069677933761","-0.00389105549296698","-0.00236686501026551","-0.00205128277055788","0.0022296553272696","0.00995033085316877","-0.0800427076735364","0","-0.0137145006707877","-0.0160646025038069","-0.0375734805644239","0.0121360712822254","-0.0206192872027353","-0.0300684107428877","-0.112174852077557","-0.0214576273384637","0.0157483569681389","-0.0150552930508496","0.214693712282901","0.00650620382273814","0.00115807772062837","0.0279376680104155","-0.00645163528148895","-0.0102565001671886","-0.00330943490136715","-0.00328407520119001","0.00358209338250504","-0.00978002905363962","0.119086485661282","-0.0073259867319635","-0.00424061860199565","-0.01901195360022","0.0025280897372237","0.00218199169753059","0.00212183518468252","0.00205358789359084","-0.00470203763579057","-0.00510643452312995","0.00309050678731469","0.00129722090356762","0.00411209085162056","0.00265549517112569","0.00283634495286662","0.0027658625560761","0.00138214337234921","-0.0173663041702206","-0.0423249718538798","-0.0131469238787947","-0.0218262058213607","-0.0225035067233117","-0.288477934013885","-0.0451851692777083","-0.393497692108724","-0.0154345156400453","0.014131502723993","-0.141650517063026","0.00321027563024856","-0.048567966634911","-0.106176985056422","-0.0171883641151842","-0.00892750805483139","-0.0255052904083619","0.0510760086046167","-0.011650859182963","0.0312005528595982","0","-0.00263963427942215","-0.0550994900821316","-0.0449791470638132","-0.2","-0.24","0.0145729814974018","0.00631200120427522","0.0114368179567474","0.00426655270608833","-0.00650000000000006","-0.021172249","0.1749","0.2328","0.1678","0.0608168454878211","0.0516144549311939","14.27999973","0.0491977920489255","0.0291148706717026","24.14694","-0.0945400000000092","-0.0056199999999933","0.196780000000004","0.00244180181615257","0.00209863665692112","0.0154605479934644","0.00532860941121882","0.00488998529419238"
"182","2013-02-01","0.000870846786011015","-0.00135626677592882","0.0062227954382692","-0.0999999999999996","-0.014125702263649","-0.0663960625733075","0.0022075064152105","0.0064447054426422","0","-0.00111392255435305","-0.0999999999999943","-0.00348995377812944","0","0.00020955574259407","0","0","0","0.018939960100921","0.00969939708871337","0.00236686501026551","-0.00411523214510634","-0.0022296553272696","-0.00198216120399142","0","0","0.00459243057421066","-0.00405680069561498","-0.0437353935078075","-0.0158058001711883","-0.0128132213123768","0.0288828741487857","0.0545169626765523","0.00795910966756885","-0.060699744830405","-0.00116754245603801","0.0681221705177077","-0.0824234035279678","0.0080692080484468","0.0468446382639405","-0.00215982805342918","0.0136520891683265","0.0120814209742042","-0.00219539056343621","0.0106699293246963","0.0170527883827187","-0.014812509150377","0.0170112940323994","0.0191477413175765","0.0338336492088427","0.00280743868951401","0.00283163091681393","0.00151207955591354","0.00437709801958051","-0.0028860245711765","0.00221738418661937","0.0019239585496106","0.00137035211053712","0.00767346194949433","0.0029313579972108","0.00436455144343192","0.00288269671942623","0.000388951129321197","0.00273927290071718","-0.0129259441613971","-0.00696120615611662","-0.0131679689794311","-0.103829121790398","-0.0345606750654674","-0.191905117058012","-0.0701380488543082","0.0112575218550734","-0.0248194169103417","0.0657266737003299","0.151399646455368","0.0441136162855305","0.0774363160483995","-0.0305064022573474","-0.012966558077269","-0.0344189268704592","0.0138810166209122","-0.0304779435800227","0.0269873589755143","0","-0.00159736277479539","0.0228061530166919","0.00543930801998016","-0.0899999999999999","-0.19","0.0130525794501626","0.00962685450224754","0.00362276618090185","0.00182004372844347","-0.00229999999999997","0.016444091","-0.0202","0.0986000000000002","0.0966","0.0186873484124277","0.0503949976358715","15.51000023","0.0109999275518655","-0.0274440944476","-45.64933","0.0194600000000094","-0.0385600000000039","0.221989999999991","0.0101719609464569","0.00938974034983886","0.0558375280025142","0.00881839929752015","0.00194931835604972"
"183","2013-03-01","0.00157230106824358","0.00676301378837607","-0.0124845566622449","-0.100000000000001","0.00916291292152049","-0.0468469732967884","-0.00552793005251218","-0.0172790476083522","0.100000000000009","0.000382056103218176","0","-0.00910516175934273","-0.0999999999999996","-0.000838486580935438","-0.00312989300892763","0","-0.0174676930403903","-0.0113208756244818","0.00769234562315635","0.00236127618568016","0.00821359853738901","-0.0180185055026785","0.023530497410194","0.0800427076735364","0","0.0113896447643578","0.0349511361704717","0.0931688513629814","0.0206192872027362","0.0231760083479235","0.00944517057151906","0.0525514953264308","0.0179578338676603","-0.0443937124735836","-0.00233918235317176","0.0476280489892544","-0.0490718939923971","-0.0011487652038733","-0.0137257056798754","-0.0251792174498018","-0.0159456681554264","-0.0187333302025099","0.00219539056343621","0.00235571369245946","-0.0170527883827187","-0.0313512465914085","-0.021925309372314","-0.0113940267580617","-0.0270627645430146","0.00202659487066106","0.00197718341366994","0.00225027390747298","0.00209107700268787","-0.00181456172230961","-0.00357215015907093","0.00337225029841267","0.00172171771526134","-0.000584470586961202","0.00339910600433902","0.00216859406320213","0.00434492650708064","0.0016376570507167","0.0301899707629669","0.0500618754615996","0.0278095961176685","0.0351945899471211","0.036804754876119","0.108952956208112","0.070354906459011","0.103796793681644","0.0450144980725025","0.0506041488357134","-0.0415644244212503","-0.0166670524852117","0.00741293238912544","0.0234802676088419","-0.0079718835966327","-0.0118413121812201","0.00344412257102863","-0.00832352268560843","-0.0263155854433784","-0.06754749566832","0","-0.00136296905148292","0.0538798827720584","0.0363329754458341","0.00999999999999979","-0.02","0.00418030139589298","-0.000717036588021358","0.00106630249696238","-0.00327837210595838","-0.003","0.009185","-0.1895","-0.2013","-0.1381","0.00928680127395509","0.0158543879053283","12.69999981","0.0353552938799728","0.0165567328914227","51.18083","0.140680000000003","0.106219999999993","0.251300000000001","-0.0034157163610941","0.00311042241439274","-0.0420659886922928","0.000877577941358787","-0.000974184197843897"
"184","2013-04-01","-0.000735662965798412","-0.00294551022975753","-0.00503779402995708","0","-0.0277445286336553","0.00478469812333593","0.0186716022930629","0.034264593974096","0","-0.000764258229091652","-0.100000000000009","-0.0132190935490941","0","0.00188560709546071","0.00312989300892763","0","0.0494192928469932","0.0625203569813335","-0.0019175461292722","0.00470589103741315","0","0.0466233160843421","0.0134746985833605","0.0741079721537217","0.0266682470821613","-0.00113314459716918","-0.00986201286911559","-0.0118599772907499","0.0119333158350123","0.00457143653258019","-0.0189804037225185","-0.0294393554506822","-0.00557725929810626","0.00665338449073616","0.00932407687512349","0.116231444964964","0.0161412161793857","0.0011487652038733","-0.015920734286845","0.0164929521938415","-0.0103867061888092","-0.00111296616942091","0.00546748218213366","0","-0.00616144894404869","0.0815261913265282","0","-0.0129634991595733","-0.00379712866372373","-0.000633845216565676","0.000804923818927789","0.000547400383552402","-0.00145309637618766","-0.00157759936732561","0.00257000692257165","-0.000890890285919947","0.000867012084630308","-0.0121853926325011","0.000429314677852776","0.00034170348544684","0.00077408666594914","0.00106571839701729","-0.0272308683357636","-0.0439856707423072","0.00267217962392685","0.00294433143456452","-0.0825963587805125","0.116385985669535","-0.126102551195942","0.303749480630345","-0.0565673972742822","-0.0109335968670869","-0.0378423531831604","0.00836824967051708","-0.0299872544276649","-0.0687668572470921","0.0129573168285653","0.0103047218283026","0.00992139510159826","0.0488272886386838","0.0157939582101591","-0.0590528421292147","0","-0.000320215187340267","0.0148728450822695","0.0287656868476791","-0.02","-0.0299999999999998","0.0126702790039115","0.00277950318329445","0.0029308997713251","-0.000422783554004269","-0.00140000000000007","0.004327619","-0.1032","-0.1944","-0.1894","0.00281798823768575","0.00193021881294086","13.52000046","0.0179241659146046","0.0280644665536856","-39.72285","-0.0284000000000049","0.19456000000001","0.269400000000005","-0.00856927156976607","0.00413223728491019","-0.0795922983512063","-0.0123567326889056","-0.00292825977908784"
"185","2013-05-01","0.00267254785918247","0.0040478436134741","-0.00951481964133905","0","0","0.0212522756596591","-0.00655024176071883","0.00210305019677914","0.0999999999999943","0.0017505614222646","0.100000000000009","-0.0137988390845507","-0.0999999999999996","0.00167311552153304","0","0","-0.0190481949706944","-0.043722811013831","0.0019175461292722","0","0","-0.0175059175136143","0.0208143748952718","0.0689928714869517","-0.0266682470821613","0.0033955890011379","-0.0230586657509741","-0.0120023262966358","-0.0131345171806467","0.0180795885043166","0.0236697440859048","-0.0339621558998138","0.0100167782434708","0.0248866805794661","0.030841964850211","0.00413223728491063","0.044135276825874","0.00229357898709992","-0.0141416498146718","-0.0187127089321546","0.0206666368085591","0.00222469502211098","-0.00327690080231502","0.00469484430420763","0.0183716128509799","0.00330087086943642","0.0158830748805698","0.0183641626783171","0.0223967554230136","0.00127606332524766","0.00214568792953807","0.00367309138909966","-0.00127839718672996","0.000750719357045927","0.00118702418506667","0.00537034712968762","0.00184620113587402","0.00395336013581119","0.00205596811626994","-0.0000428737637372615","0.0038400177878202","0.0021069001605478","0.0178572516930764","0.0369749021701953","0.0409312348787569","0.0533819377073943","0.134332033179701","0.0389254603936866","0.217866494213366","-0.0766700231948976","0.0130119724629161","0.0326098040951841","0.0136801039040808","-0.0779615414697119","-0.0262158421308927","0.0958236586346057","0.00350304424163905","-0.0005127219236849","0.00229523626924338","0.0282375057487201","-0.00202607827225032","0.0030271982494483","0","0.00146574566436364","0.0436309343450283","0.0497637604364947","-0.17","-0.18","0.00522798613809528","0.000444561826766332","0.00648502600021494","0.00050722341129017","0.0001000000000001","-0.006047619","0.159","0.1638","0.1336","0.0243718753100932","0.0283403174448953","16.29999924","0.0205502024207274","-0.00106498701587832","-66.48587","-0.12697","0.338439999999991","0.270799999999994","-0.000237798959287986","0","-0.0164293026653836","-0.00713015498459146","0"
"186","2013-06-01","0.00189984225129969","-0.00515465058866482","-0.0031918316277757","-0.0999999999999996","-0.0232869513787906","0.0389510865844436","-0.0132306229866304","-0.0105597602150027","0.100000000000009","0.00143000167368612","0.0999999999999943","-0.0189049232246052","-0.100000000000001","0.00624936936495768","0.00312012733624378","0.00266311741948355","-0.00428266179200154","0.00186046565291953","0.00191387618228411","0","0.0282276806248669","0","0.0111733005981254","0","0","0.0112360732669261","0.0358604161610145","0.0249335409688847","-0.0194180858571018","0.00111919429701501","0.0173917427118688","0.0903391670823037","0.0175635689387024","-0.00518807908177799","-0.00903960957772476","0.120299911484498","-0.0154389031516509","0","-0.0102250379611615","-0.00668898815079633","0.00453515516539138","-0.00222469502211098","0.00109349382137136","-0.00117164629689093","0.00484262447578754","0.00160085894141648","0.00604223449174413","0.00653136254531184","0.0113612426786176","-0.000942725205264106","0.000982637440372405","-0.000790374369848731","-0.0013836527507099","-0.0036404035815208","0.00236083789536207","0.0000589186227034515","0.0000597161412786984","-0.000775219163213109","0.0000388859544945531","-0.000178567579867928","0.0013348307847489","0.00141996372536099","0.0118638277899628","0.0202633296847221","0.00920325220995366","0.0107122734015359","-0.114898544342123","-0.13797067694704","-0.226361118204789","-0.14465605390748","0.0596178028214958","0.0484638216028266","0.0631789016215309","0.113435929663372","0.0046765478839017","-0.0165635256716747","0.00857373089033597","0.0237555908584655","-0.00314666245946105","-0.0242962987235549","0.0125477055054696","0.00350399424118386","0","0.000441223026209414","-0.00254595002714275","0.000118769883490799","-0.0299999999999998","-0.0600000000000001","0.0102008479072815","0.00254629145127616","0.00446752410550566","0.00082732415438791","0.00229999999999997","-0.00844","0.3363","0.3601","0.2488","-0.0544554694396417","-0.0392745218171466","16.86000061","-0.0151129288113783","-0.0609576887066927","38.39643","0.062269999999998","0.555840000000003","0.265100000000004","0.00192453847135055","0.00103039679389649","0.00368246035342751","-0.00898478640781519","0.000977039647826139"
"187","2013-07-01","0.00103173423693015","0.000492065454633206","0.005737981953021","0","0.00782272568120845","0","0.00332410278383843","-0.00425532557013852","0","0.000920474267909199","0.0999999999999943","-0.0231820227972772","-0.0999999999999996","0.00124520094952008","0","0","0","-0.0130965389198456","-0.00191387618228411","0.00234466695925395","-0.0323260470171496","-0.00220994565080268","-0.00743497848751851","-0.0689928714869517","-0.0273989741881144","0","0.0107056983559888","-0.0075228726629879","0.00122473989589622","0.0111235852186624","-0.0244340253372819","-0.014220231259098","0.00325910120090622","0.00389358051913202","0.0179982361226161","-0.058342036940418","0.0223785562621917","0.00228833051801214","-0.0103306703878792","0.00446429312868535","0.00113058237028518","0.00111296616942091","-0.00438116801556365","0.00584455199628309","0.00241254640538457","0.0175773327724951","0.00120412104342904","0.0091237142132865","-0.00984753447569275","0.00250159824714492","0.00214360202191837","0.00163892572588003","0.00270936681459026","0.000713436443504445","0.00198133527180675","0.00145016612851242","0.00138100291969154","-0.000712451128925845","0.00269704871317111","0.0041737632909889","0.00167145416621529","0.00255763088197236","-0.0248360330276292","-0.046001507773644","-0.0267673973643259","-0.0361445722917288","0.0712422381665423","-0.011200506670523","0.180740528796636","0.194461148320814","-0.0726297752844118","-0.00562210268259378","-0.247676737838082","-0.125520668878444","-0.148980037490335","-0.0613425203625226","-0.0128209291193029","-0.0114589178040714","-0.0119967162876314","0.0039389602328459","-0.0199680370216149","0.0475308814237119","0","0.00874579903872963","0.0257867210274121","0.0295714855702069","-0.02","-0.00999999999999979","0.00598159399155307","0.00640084586803269","0.00233361374706043","0.00532756281442914","0.00149999999999995","0.00496608700000001","0.0473999999999999","0.1647","0.1135","0.0647995233647745","0.0750026278491216","13.44999981","0.0482777279585402","0.062022675722571","-10.82196","0.664100000000005","0.777470000000008","0.2607","0.00643766032360386","0.00411100270652209","0.0314231065515282","-0.00452284805372649","0.00487093023459639"
"188","2013-08-01","0.00272398268291774","0.00380531975791243","0.0182682245700265","-0.100000000000001","0.00776200533548899","-0.045985113241823","-0.0122427795156774","-0.0193762789631382","0.199999999999989","0.00155336143710549","0.100000000000009","-0.025238827266314","-0.100000000000001","0.00424277554756447","0.0031104224143923","0.00265604405811626","0","0.0149535496670588","0","0","0.00205128277055788","0","0.022141125877214","0","0.0273989741881144","-0.00560225554866989","-0.0195509648709553","0.0245084190287317","-0.023530497410194","-0.0100056421173216","0.0301647000462673","-0.0238715512699166","-0.00217155351350762","-0.0249193222248829","-0.022548869686613","0.0380273955892392","-0.0237939846655228","0.00342270727750194","0.0276515313305099","-0.00782564083139015","-0.00226244440396872","0","0","0.00581059159546538","-0.00362100576695301","-0.0262466037075724","-0.00361661407337976","-0.00439342152978739","-0.00649951946627247","0.0023002307535702","0.00163768792624604","0.00109027549220633","0.0026625204464096","0.00281864586214229","-0.000515645769934134","0.00155653580265042","0.000250977451596086","0.0030290613423723","0.00313821329324802","0.00456683820511137","0.00153498487603152","0.00224213522985234","0.03113422737656","0.0596596881513669","-0.00551426934402599","-0.00595770136357565","-0.0858814709174727","0.0261010467163221","-0.189307930081934","-0.123740414632925","0.070980063609742","-0.00108183303959564","0.211309093667207","0.185356460489109","0.164412442529147","0.0508492446466837","0.0135779742431499","0.0214253638236568","0.00421524130532108","0.00218639095598583","0.0218399110553594","0.030566678777932","0","0.00286675490679933","0.0376000615832961","0.0343401531095662","-0.04","-0.04","0.0069859517758708","0.00276302123875816","0.00381471502267949","0.00554736540465228","0.00319999999999998","-0.00312132500000001","0.2085","0.2378","0.1364","-0.0287605633917369","-0.0167947093038414","17.01000023","-0.0317982675780755","-0.00747873640699881","-20.67293","0.9251","0.503949999999989","0.226299999999995","0.00328217579527549","-0.00205338881184236","0.0247684270237099","0.00632627505287697","-0.000972289818938599"
"189","2013-09-01","0.00387385634685522","0.00781063282461858","-0.00250000130208416","-0.199999999999999","-0.0278763695282542","-0.0631277520345535","-0.0226510250368968","-0.0309075374630767","0.200000000000003","0.000506697923880139","0","-0.0367080769493278","-0.0999999999999996","0.00226921190721274","-0.0031104224143923","-0.00265604405811626","0","0","0","-0.00234466695925395","0","0","0.00727275932907911","0","0.052643733485422","0.0133930573364385","0.00982326170294368","-0.00316289140850845","0.023530497410194","0.0122155877681243","0.0102331762800292","0.00602152357068597","0.0129591446425055","0.0377895127454178","0.0180795885043166","-0.039967260407066","0.0470349487049742","-0.00113960126293389","0.0492710490067827","0.0144849329213672","0.00901922686684919","0.0165475369825296","-0.00550359121697852","-0.0034823018358745","0.00842870733505574","0.0311322118545032","0.0108109438534223","0.00923547826935334","0.0357651047436836","0.0025299036171389","0.00216836159873004","0.003705870913364","0.00174766164272795","0.0000735901410532378","0.00513263570509447","0.0044330429103436","0.000585671257914283","0.0074075955873276","0.00287820185929701","0.00337163616007238","0.00338655736924678","0.00134217452211442","-0.0394966022794971","-0.0551771796401486","0.0250177363437754","0.0369488682570918","0.0493783492559761","-0.0660664053156239","0.142335732662263","-0.165901220216628","-0.0384285118927412","0.0875910759488789","-0.175992421742308","-0.0815168576719891","-0.113389942925939","-0.0234802676088419","0.0206636149658754","0.01781483320185","0.0198884678902492","0.0378654903525941","0.022823890153147","0.00287150233202293","0","0.00202013894022102","0.0369803341019175","0.0688008034709391","0.0499999999999998","-0.04","-0.00245901098920953","-0.00756531341406586","-0.00917871367459888","0.0108750064456427","0.00430000000000008","0.00286666700000004","0.1913","0.1355","0.0579000000000001","0.00975169695310107","0.0191653286451174","16.60000038","0.0293155912868368","0.0507033712361826","33.66552","0.76639999999999","0.192280000000011","0.1768","-0.000510892740590527","-0.00102827772556591","-0.0120996674294464","-0.00451468035452596","-0.00292255444260192"
"190","2013-10-01","0.00264017842547482","-0.00426387927476668","0.00499376818048702","-0.2","-0.0259522395096257","-0.00502513620267298","-0.0373438958666537","0.00892863074430128","0.200000000000003","0.000284904796240326","0","-0.034014565761467","-0.1","0.00133848153830929","0","0","0","-0.0149535496670588","0.00382409643840287","0.00234466695925395","0.00204708362172479","0","0.0268112574506567","0.0689928714869517","0.02531780798429","-0.00555865800382804","0.0106952891167476","-0.0191903543722391","-0.023530497410194","-0.018942070529075","-0.00339943670146425","0.0220534807148578","-0.00322407587175277","-0.0338133643657779","-0.0180795885043166","-0.0416313834758135","-0.0413852161628547","0.00795007026546113","-0.0125787822068597","0.00331308972296007","-0.00562747686572873","-0.00328767419419229","0.00440529346791596","0.0104107360178389","-0.00842870733505574","-0.0196589211854903","-0.00599176391173017","-0.0100224616678126","-0.0137377148854494","0.00143822749504432","0.000776779185392298","0.001493198129405","-0.000985333957387244","-0.000452535194842877","-0.00239797019779834","0.00171876289523889","0.000708505238488621","-0.00729943627831195","0.00119998212879495","-0.000363900131677722","0.00156202173748187","0.000590990573848802","-0.0096464105484344","-0.00551979322359841","0.0334880119395073","0.0436499932513303","-0.121679082775897","0.0416778972441438","-0.169469180176663","-0.0671095838308355","0.0276385330917712","-0.0609655568229144","-0.0353166719248996","-0.0887563606057906","-0.0313614552040509","-0.0362876537696808","-0.00118382990061416","0.0152868449228095","-0.00726354544818381","-0.000343122058235501","0.0143311066887822","-0.0228394919698225","0","-0.00094643202218947","0.0138504587536428","0.0187661427162613","-0.0299999999999998","-0.0600000000000001","0.0193599851685917","0.00682465973792823","0.0014609151562226","-0.00597081211519779","-0.000300000000000078","0.00144161399999998","-0.1298","-0.1659","-0.1464","0.0402576897766931","0.0376374576033456","13.75","0.0436299709750401","0.0365314336111506","30.82011","0.180700000000002","-0.0286600000000021","0.123200000000011","-0.00587195200874259","0.00205549918209602","-0.046614814263773","-0.00271862423899361","0.000975134158205826"
"191","2013-11-01","-0.000362611465792639","-0.00489537142114393","0.0105296730078841","0","0.00722677038612751","0.00502513620267298","0.00710903467910651","0.00664454271866877","-0.0999999999999943","0.000126598303753056","0","-0.0264704114038299","-0.1","-0.00185375954218703","-0.00312012733624378","-0.00266311741948355","0","0.00188146809970569","0.00570886422032046","0","0","0","0.00877968765204606","0.0645385211375711","0","0.00111420624340397","-0.00290557105141431","0.0296946526391153","0.00873367996875452","0.0078431774610257","-0.00227272825100222","-0.0411016756855522","0","-0.0146571577999737","0","0.0964137296680199","-0.017045867272989","0","0.00872521289086947","0.0304040791735503","0.0123389114537149","0.0174106683058968","-0.00993934190255796","0.00115008638323744","0.0108239180610106","0.0178800999368214","0.0107593537746515","0.00365793335244824","-0.000933116589269645","0.000546687354367719","0.00172755279117373","0.00158144963480889","0.000838087981148703","-0.000376760315529436","0.00540925391097571","0.00306257969876666","0.000416260444733729","0.00183656230603071","0.00204842592000011","0.00126591510853519","0.00269088153065263","0.00338416642810828","-0.00211671338895414","0.00448715013946455","-0.00839892822910393","-0.0110607129355582","0.0959331842633819","-0.0267541347477547","0.250659334906676","-0.12237019966329","-0.021556598540835","0.0209342021130254","0.102415005428069","0.0581559201570734","0.0815392047897703","0.0352071566359262","0.0108937024716838","0.0128688103011492","0.0118813278867527","0.0248222813136252","0.000621156613549334","-0.0118966681838506","0","0.000233536469043116","0.00559702161391051","0.0271289866866979","-0.0100000000000002","-0.04","0.00577205729872077","-0.00163860737469612","-0.000791290014877433","0.000960428815218961","0.00680000000000003","-0.00134637599999998","0.0402","0.0813999999999999","0.0780000000000003","-0.0103368752292035","-0.00086603316722389","13.69999981","0.027663290033785","0.00783165273650877","-53.82031","0.161200000000008","-0.0211299999999994","0.0997999999999877","-0.000723588497890056","0","-0.00372309159040256","0.00090702954064259","-0.0019512201312617"
"192","2013-12-01","0.00128502958423482","0.00159362583527667","-0.00185013928816158","0","0.00538600942957057","-0.0151518050206025","-0.0214805395167597","-0.00220994565080268","0.0999999999999943","0.00110705203379879","0","-0.0174000718459304","-0.0999999999999996","0","0","-0.00267022855587884","0.00428266179200154","0.00562325755436177","0","0.00700119545898303","0.00204290162979959","0.00220994565080268","0.0156117654721131","0.117783035656383","0","0","-0.018600634169549","-0.0200534424467298","0.00371978110253224","0.00999453072499623","0","-0.0229895182246986","0","0.0548440300378434","0.0203167259026724","0.132381835077536","0.067846082370445","-0.00339943670146425","0.0153259704782274","-0.0315072232457076","-0.00335008688528138","-0.00975617494536429","0.0110376396516205","-0.00807852056520186","-0.00599881822925319","0.0188692322791146","-0.00835833834656974","0.000997238816255575","0.0114759793052297","0.00296687588696929","0.00195292775199988","-0.000246564640524152","0.0053471969940462","-0.000307267973415074","-0.000158829611748182","-0.000779872953212744","0.000529173388190526","-0.00195560119929331","0.00287619294297995","0.00273803940999644","0.00341643490226182","0.0022940824145003","0.0130064155043268","0.0199654312456978","-0.0629892135393018","-0.085865961130553","0.127381731972847","-0.0769509985051595","0.161333211521452","0.0976585174784326","0.0305103667634494","-0.0733256636235087","-0.145827498363382","0.0278569545029663","-0.12494565708973","0.0256150610975032","0.0108168526018115","0.0309492312500134","0.000753611088628703","0.0484765732946508","0.0166880931838252","0.0271808085092236","0","-0.000441871776001079","0.0125489268433903","0.0207713224995434","-0.02","-0.04","0.00958690560922726","-0.0107118482072117","-0.0104183287018387","-0.0135644107129274","0.001","-0.008511667","0.2227","0.186","0.0991999999999997","0.0170943669899017","0.0298602390104872","13.72000027","0.0232894740668828","0.017879139486221","1.29354999999998","-0.15570000000001","0.255539999999996","0.0954000000000121","0.0031229307840383","-0.00102722145653011","0.055250818112834","-0.00272356046704036","0"
"193","2014-01-01","0.00538571463709125","0.010357735930997","0.00554018037561566","-0.3","-0.0401880564385024","-0.0522311922254453","-0.023185907468811","-0.0429444518297419","0.299999999999997","0.00104267059478502","0.0999999999999943","-0.0167252417043899","-0.2","0.00616588121368178","0","0.00267022855587884","0.00213447252863208","0.0294680622569086","0.00378788331693691","0.00232288141613957","0.00203873668984844","0.00220507255831404","0.0238106486937193","0","-0.02531780798429","0.00222469502211098","0.0301726051533615","0.0427816935242857","-0.0378355343427037","-0.00442968609158889","0.0180388205896778","0.013327607312962","0.0107067403944239","-0.0362264710217728","-0.0203167259026724","-0.0856947211048826","-0.0409893445331964","0.00339943670146425","0.00189933580365231","0.0537186070084221","0.0111235852186624","0.023682484643559","0.00438116801556365","0","0.00599881822925319","0.00182245576061657","0.00835833834656974","0.00441681715300035","0.00888762270779431","0.000653146760734371","0.00129209527794177","0.00126942059140552","-0.000809575103001671","-0.00204548723705582","-0.000186320392495632","0.00250231364922114","-0.00056187434925542","0.0051998398618121","0.00380971409120685","0.00164148902569344","0.0042422836330391","0.00275565110036081","-0.0212644834586388","-0.0334489547313908","0.0295563853260354","0.0341503404869545","-0.17931033086681","0.0671111310460422","-0.358442468469786","0.0694618779834713","-0.0231476753947852","0.0545723234389701","0.0628305787924148","0.28079024641386","0.0833076690521457","0.147656660176533","0.0121123091318989","0.034022067829296","0.0124772871426244","0.00943161713303198","0.00578476266823336","-0.0241239768945141","0","0.00507605712529191","0.0280809614140676","0.0281222281865539","0","-0.0299999999999998","0.0101175594176919","0.00641782477616815","0.0114504668031579","0.0117990063074256","-0.00369999999999993","0.00725409099999996","0.0609999999999999","-0.0358000000000001","-0.0682999999999998","-0.0318399105833773","-0.016514240849089","18.40999985","-0.0362314074850154","-0.0475696124934797","-3.49617999999998","-0.285499999999999","0.461100000000002","0.0933999999999884","-0.00168171224153388","0.00614756034450537","-0.0212547205648063","-0.00821547295339187","0.0019512201312617"
"194","2014-02-01","0.00130920059284989","0.000727096493497115","0.0146254892189788","-0.100000000000001","-0.0293165203173862","-0.0551103627105194","0.00860484719351895","0.0318208666110795","0.100000000000009","0.000126310471307178","0","-0.0284001483759182","-0.1","0.00286445208646491","0.00312012733624378","0","0.00637621713927583","-0.0257367146440499","0.00940740710189569","-0.00698489452195084","0","0.00877198607283702","0.0346855579878893","0.0540672212702757","0.120627987788615","0.00554018037561566","-0.000959232687460343","-0.0133678083179918","0.011501724239011","0.0197808647473501","-0.0101067676697744","0.0252736763838506","0.00531068693723835","0.0425596144187956","0.030322368019994","-0.00351494210744452","0.0569259367960093","0.00564017287626051","-0.00761908447643922","0.0308984415512334","0.00551573378530179","0.0126851595273161","-0.00328407520119001","0.00692843418196443","0.00477327875265754","-0.059659321081881","0.00356080853280272","0.00644003045331765","-0.00645445032601799","0.00170062553833249","0.00137490575515638","0.00242978455292488","0.00246706636773605","0.00521813886137257","0.00427516850915837","0.00245001948779722","-0.000241544607573738","-0.00113315010849326","0.0019098806490225","0.00210547760378828","0.00233698872672006","0.00221061732368362","0.0175091754571408","0.0152804004625828","-0.00149154483137437","-0.0117538048885937","0.126898124955042","-0.0633222225890826","0.319299826439337","-0.0401839778190336","-0.00641572160092885","-0.016970104218462","0.0438941935572252","-0.363813582225534","-0.0171530792262491","-0.229985083130926","0.00400114112900862","0.0153036125522991","0.00206449555138208","-0.0107105007782415","0.0058722207668514","0.00718830853066788","0","0.00146260803390064","-0.049195232902445","-0.0545147809511182","0.11","0.00999999999999979","0.0107487836341402","0.00891944294331637","0.0103197044640631","0.00819214823187764","0.000799999999999912","-0.00905409099999999","-0.0839000000000001","-0.0952999999999999","-0.0619000000000001","0.0475158109261962","0.0649355618035798","14","0.042213374879041","0.0656052734411676","-6.06582","-0.192599999999999","0.351699999999994","0.0819000000000045","-0.000714521270536863","0.00204081703485315","-0.0185616092449534","0.000916170471779942","0.0019474202843961"
"195","2014-03-01","0.00355889690791678","0.001089654445245","0.0167970355875919","-0.2","-0.0145000123847545","-0.0345855796497796","-0.0298158732251554","-0.0318208666110795","0.199999999999989","0.00151448252585951","0.100000000000009","-0.0296640975423124","-0.1","0.00499313209385477","0","0.00266311741948355","-0.0235809425889064","-0.00747667034302069","-0.00751883241402762","0","0.0121458983021085","-0.0287949019479452","0.0350913198112703","0.100083458556983","0.0444517625708341","-0.00776487539772663","0.00383142231155631","-0.0114524937317881","-0.0140757282341841","-0.00545555090153726","-0.0124930642474661","-0.0350298513292149","-0.00424629088145156","-0.0101523714640175","-0.00221484032955299","0.0664073723383467","-0.0199607425625379","0.0078431774610257","-0.0105719389253993","0.0230586657509741","0.0185291404687007","0.0156334606619284","0.00109589052063708","0.00802296567099958","0.0130102367360152","0.0868582810814074","0.00825960868963271","0.0108026395200511","0.0251424746702131","0.00095769398290384","0.000828219660507239","0.00196630440598221","0.0000742090273491789","-0.00209981585058598","0.00215927233785081","0.00121419087779327","0.00080508274914733","-0.00181953232333909","0.00140029231016922","-0.000226977307193716","0.00159504092390336","0.00369178872363169","0.0238465965751633","0.0406447442821829","0.0040260944954742","0.00321427858549583","0.087763471608497","-0.0470089314095929","0.0410925938995277","0.0135748690910695","0.0216290440877387","0.0393294386699452","-0.0217062785818634","-0.113686958434379","-0.00520382787502705","0.00570452202964145","-0.00254015685343489","0.00843198250250654","-0.00836686320697611","0.00599434907003271","0.00331435417443415","-0.013125246191624","0","0.00448119714213746","-0.0237017655699692","-0.0249402457149568","0.0299999999999998","-0.00999999999999979","0.00177160056336412","-0.0127063555729059","-0.020226784644942","-0.0147858354956387","0.000099999999999989","-0.00377404799999997","0.00460000000000016","-0.0310000000000001","-0.0198999999999998","-0.030760104280402","-0.0274140748774148","13.88000011","0.00690824861534711","-0.0320218551646159","8.40679","-0.0193000000000012","0.327700000000007","0.0662999999999982","-0.00316554473884618","0.0030534374868898","-0.0355958733316932","0.000915331871688352","0.000972289818938599"
"196","2014-04-01","0.00331891106071325","0.003261857316744","-0.000595061011311238","-0.0999999999999996","-0.0147133600811467","0.0174423026633423","-0.0517579938349542","-0.0328668080803522","0.200000000000003","0.00148071164208829","0.0999999999999943","-0.028783397956011","-0.0999999999999996","0.0042600733866287","0","0","0.0172047254496306","0.00374532273016204","0","0.0023337233462204","-0.0121458983021085","0.0222231367847101","0.0247690681124091","-0.0487901641694322","0.0215062052209634","0.00444445176042407","0.0132955424812442","0.0258412311838878","-0.00906155067757464","0.0152011613320502","0.0045610113275627","-0.0026773777707163","0.0105821093305369","-0.0219222189831525","0.0110254700117078","0.0403606030873593","-0.0286318126743277","0","0.0229236399019372","-0.00397219986043318","0","0.00206611643747223","0","0","0","0.00527210957773061","0.00585827433498043","0.0000381996337424084","-0.00916129380855857","0.000383760675671709","0.00129432297454655","0.00180436087247834","-0.00234142811591549","0.00107643054702409","-0.00125662989873967","0.00495465567534947","0.000626220650461383","0.00850441236472681","0.000853665308700751","-0.000322599001178773","0.002608981751051","0.00125418171279582","-0.00349714688606184","-0.000513591852515205","0.00280865249032658","0.00645270273351528","-0.141168819753735","0.0314920827189074","-0.160992211643975","0.0805611557971337","0.0294796615653539","-0.00692911514806838","-0.0286188053056522","0.110697419586014","-0.00873367996875452","0.0510088398272481","0.00667260462804187","-0.00320121811046881","0.00861431650142969","0.00853747022687479","0.00725314134357169","0.00260174835481841","0","0.00205861509240002","-0.0459295441941805","-0.0485356096165788","0.21","0.17","0.00881882312188687","-0.00259626889746123","0.000113186167594037","-0.00455649424396576","0.00509999999999999","0.00607904799999998","0.0268999999999999","-0.0420000000000003","-0.0342000000000002","0.0179060472906247","-0.0284523519131739","13.40999985","0.00618164317838321","0.0441772281014239","-40.35792","0.283500000000004","0.2624","0.0234000000000094","-0.00207761730073407","0.00101574411983574","-0.0232483955910486","-0.016605547614776","-0.00487093023459639"
"197","2014-05-01","-0.00120264596576014","0.00168715393117758","-0.0162019745762807","-0.2","-0.0219789067187754","-0.0472064045697964","-0.0174150416016783","-0.026603745517976","-0.0999999999999943","-0.00220611498236778","-0.200000000000003","-0.0311093875964463","-0.1","0.000404776366586646","0.0031104224143923","0.00265604405811626","0","-0.0188684843043827","0.0018850146957714","0.00232828975959087","-0.00408163831964803","-0.00220022090960192","0.0136676387286636","-0.0512932943875506","0","-0.00555865800382804","-0.0296814512720633","-0.0675362069904875","0.0282069982620099","-0.021787354184907","-0.00684934184557484","-0.0116855262296456","-0.0169855463657438","0.0483554760513076","-0.00549753995919477","0.00630916919326463","0.0485925552368656","0.00445435034938058","-0.00758297472445513","0.000994530166508412","0.0021574981400212","0","-0.00219298333501072","0.00795910966756885","0","0.00750826711187091","0.00233367170444332","-0.00428326703055859","0.004315690021647","-0.000781858051697219","-0.000303351756289081","-0.00123706471337702","-0.00134187479731484","-0.00149381254812788","-0.000765557500800033","-0.000437177922575045","-0.000368626834717871","-0.00692430215322732","0.000767416060361256","-0.000126184654862328","0.000355340903682559","0.00400218151080003","0.0162831880533325","0.0301087130729734","0.00863716534854397","0.0140564837438841","0.021108963210235","0.0699252213501964","0.0826796082082213","0.0687624832818088","-0.0469526592439777","0.0186140505529266","-0.0428401586764924","-0.0181273845925567","-0.0577778006668117","0.00861146333491902","0.00731768939724819","-0.00277543646365808","0.011643293227068","-0.0011704205139722","0.0060142498252751","0.016383247253466","0","0.00306136021509751","-0.0851730723698587","-0.0492356771696496","0.0300000000000002","0.02","0.00294336123258532","-0.00286934841055064","-0.00326017343129159","-0.00286969757954125","0.000800000000000023","0.00138500000000003","0.0343","-0.0427999999999997","-0.0739999999999998","0.00967174695511197","0.0121342844609291","11.39999962","0.0208121959543162","0.00971101643039907","29.80642","0.184399999999997","0.152999999999992","-0.0349000000000075","0.000656590751563927","0","-0.0104920079489211","0.0138570346614264","0.0019512201312617"
"198","2014-06-01","-0.0000650491121021446","0.00036116294860733","0.00783372490576362","-0.0999999999999996","-0.022472855852059","-0.040066992596886","-0.0232409640394504","-0.0198026272961798","0","-0.00176840289872082","-0.200000000000003","-0.0408028023199645","-0.1","-0.00121482096333114","0","0","0.00212992625782515","0.0281708769666968","0.00188146809970569","0","0.00408163831964803","0.00220022090960192","0.0105027221991492","0","0.0618754037180875","0.00333890126551495","0.0211546350429019","0.0130153681120699","-0.011443227222343","-0.00773912099295604","0.00912207009657706","0.0143629040003619","0.00746670135653726","-0.0431539038552344","-0.0155558692386375","-0.0142520227072014","-0.0555322083474064","0.00332779009267448","0.0085268162291614","0.000993542058878027","0.00751479650248665","0.00617285910708087","0.00109709281437365","0.00339175000112046","0.00702579002440551","-0.0267731412540249","0.00232823835800655","0.0112460338002975","0.0146267347869564","0.00296133142677039","0.00154969917523349","0.00350518876129649","0.00237009106952057","-0.0000376179396571693","-0.00161880382169878","0.00261331666072367","0.00121098265789182","0.00258964337459944","0.00240937595115021","0.00324805400364272","0.00169859646259319","0.00352916334151733","-0.0422608184423918","-0.0845123576770757","-0.0156332937596932","-0.0223090180560366","-0.211462691701453","-0.0806824620296922","-0.439027701351431","-0.278690361259817","-0.0418672510765621","-0.0158071348379423","0.0428401586764924","0","0.03110955358465","0.022258470600943","0.00931124345517453","-0.00196377981503892","0.0136827621458926","0.00675229315427384","0.00367407820705468","0.0204217813654237","0","0.000807333112213371","0.0902521931657265","0.0901780797505101","-0.0300000000000002","0.04","0.00218239203314852","-0.00421169712532254","-0.00170638376221177","0.00556971700181919","0.0164000000000001","0.00174547599999997","0.0980000000000001","0.0852999999999997","0.0667999999999997","-0.0151122264529615","-0.0180695090167529","11.56999969","0.0188789966247045","-0.039902050314895","-34.49581","0.0977000000000032","0.0868000000000109","-0.0938000000000017","-0.00158324169812773","-0.00101574411983574","-0.00709341407152882","0.00548949228477191","-0.00488520756604949"
"199","2014-07-01","0.00269598851031283","-0.00349671785719607","0.0113400200596745","-0.2","-0.0229895182246986","-0.015848192240024","-0.0139278017444688","-0.0278852034895358","0.200000000000003","0.00164219206335403","0.100000000000009","-0.0324764023476725","-0.1","0.00303428977619902","0","-0.00265604405811626","-0.00426439878645724","0.0147061473896954","-0.00376648279547709","0","0.0040650462481695","-0.00661523911871864","0.0162845937645004","0.146603474191876","0.0198026272961798","0.00995033085316788","-0.0047687262520828","-0.0162958521912318","0.0127066512691147","0.00883983656914111","0.0235568941264441","-0.00895261127211455","0.0105709229600102","0","0.0177585133009792","0.026752185471433","-0.00278940208757827","0.00441989669815168","0.00376648279547709","0.00198412763504674","-0.00107009105984446","0.00102511541524564","-0.00109709281437365","0.00674918197492858","-0.0023364496610192","0.0341030121472548","0.00116214127238301","-0.0043167385287628","-0.0100704512063814","0.000388750740509394","0.0000885556790055251","-0.00114569381124627","-0.00230158436801506","0.000353478234900478","0.00181467895362453","0.00225248345204421","-0.0018273321081478","0.00352678931821511","0.00118965997115446","-0.000439660876935548","0.00155748727963621","0.00400190054740978","0.0318669289186122","0.0403987967666541","0.0685112620951376","0.0861426073530129","0.144758455218306","0.125945845273586","0.326934207936916","0.263085363190926","0.0750553173774993","0.0795830040891179","0.0503250838875156","0","0.0961288454251612","0.00104766903244347","0.0117854012298695","0.000600453087174824","0.0139739567772301","0.00669836963676751","0.00959536427545993","-0.0460345725307878","0","0.00625025241050992","0.0151741393238805","-0.0135816193058034","0.0899999999999999","-0.0600000000000001","0.00323192003266293","0.000668479012370327","-0.00301980889765652","-0.00285340046548832","0.0125","0.00320082799999999","0.00669999999999993","-0.0498999999999996","-0.0774999999999997","-0.00405517091278718","-0.0146066561228881","16.95000076","-0.0151946873705358","-0.0242377362068535","8.13783000000001","-0.141199999999998","-0.0023000000000053","-0.135300000000001","-0.00147584375720963","0.00101574411983574","-0.0124628020834066","-0.00548949228477191","-0.00392542211610536"
"200","2014-08-01","0.00145864760631831","-0.00145050188613105","0.0100384663468578","0","0.00842110239640892","0.0126985833371274","-0.0327898228229913","-0.031334156170435","0","0.000851614175646276","0","-0.0374696698053159","-0.1","0.00141285723371265","0","0","0.00213447252863208","-0.00916596701408068","0","0.00464037955650287","-0.0040650462481695","0.00661523911871864","0.00877198607283702","0.0444517625708336","0.0384662808277962","-0.00551573378530179","-0.01250617550523","0.0141383540512106","-0.0127066512691147","-0.00110071557618507","0.00221484032955299","-0.0347701997417174","-0.0052714934935123","-0.03699232884557","-0.0066225407604934","0.0514485618360414","-0.0530590394019494","-0.00110314407215739","0.010285270660173","0.0118227978110559","-0.00107123738149895","0.00408998525152526","0","-0.0022446698538241","-0.00117027514819057","-0.0151492060605154","-0.00232553104098088","-0.00344400273730372","0.00900369234749299","0.00126443366989777","0.000380593231212629","0.00172149655518031","0.000695108864449154","-0.000739883257178896","-0.00035225237700371","0.00147402106909898","0.000598172800970971","0.00119897710752133","0.00168692797319503","0.000828332770719934","0.00153790202451608","0.00331856637418139","-0.0239133589139993","-0.0591720807185023","-0.0486959764909933","-0.0729819867976751","-0.373679030109439","-0.148664533790479","-0.589516361064165","-0.154915498220181","-0.0381963451369938","-0.13821341444322","0.123899262673819","0.0388688688993728","0.0510477650660235","0.0114524937317872","-0.0110960534634019","-0.00410116774421465","-0.00548643685290845","-0.0103005878137701","-0.0213164563701895","-0.0495350326924209","0","0.00363314315175778","-0.0307856817762762","-0.0227789264297034","-0.02","0","0.00504198392520649","0.000382478981633128","0.00684971529942224","0.0022736106704091","0.00460000000000005","-0.00548130399999996","-0.1556","-0.1996","-0.2294","0.0149258762057638","0.0248632585800941","12.09000015","0.0369636443211681","0.0078202624699375","13.38144","-0.152200000000008","-0.0156000000000063","-0.154499999999999","-0.00117369171761471","0.00202839826139289","0.000306304112611473","0.00366300775873718","0.00196463717416506"
"201","2014-09-01","0.000453367883412881","-0.000726040690169683","-0.00471143392132056","0","-0.0179803892098649","0.0462331950392079","-0.00727275932907911","0","0","-0.00028379081654073","0","-0.0253257243557421","-0.0999999999999996","0.00472861688977488","0.00310077767824835","0.00265604405811626","0.00849262004565343","0.00733948248804595","0.00376648279547709","0.00692044284457349","0.0020345886977875","0.0065717651632351","0.0215991118034617","0","-0.0990909026442308","0.00881062968215485","0.00963398588113407","0.0339735433246808","0.0202538569044979","0","0.00551573378530179","0.0129511523470782","0.00105652413420021","0.0651271769170894","-0.0111359725404858","0.046117682094966","0.068305349974823","0.00330578813449911","0.0111009465594467","0.0165132455611685","-0.00214592357027676","0.00610378293801705","0.00547346741417254","0.0022446698538241","-0.00234466695925395","0.00368353038890756","-0.00116484858940868","-0.00275508086337339","-0.00777190618933332","0.000536577452867949","0.000222811852737083","0.000623878972220337","-0.00100109549845783","-0.00513690369737801","0.000436355127784292","0.00211874393390275","0.00037110345339441","-0.00312723047259929","0.00203586698091025","-0.000419066539963537","0.00344549446611527","0.00337676422583223","0.0295869898015706","0.0468160750857933","0.0204578171792935","0.0184018526159715","0.396931309227767","0.239965799539773","0.591086220099284","0.410299108107813","-0.0134473439281422","0.0305037899871774","-0.203686379291652","-0.0480572949537796","-0.176429153328622","-0.00727275932907911","-0.003176093983984","-0.0172994614616234","0.00770425954416012","0.0171922683414181","-0.0244756871707239","-0.0455035721157362","0","0.0146503768968795","-0.0559091822051254","-0.0519155040729622","-0.15","-0.0800000000000001","0.00517102960317573","0.00366389180583226","-0.00214969420769151","0.000337304241199377","0.0018999999999999","0.00904454499999996","-0.0351000000000001","-0.0428000000000002","-0.0206","-0.0294467638762725","-0.0323708750304732","16.30999947","-0.0156354360784841","-0.0581326859286699","56.90021","-0.241599999999991","-0.1541","-0.164599999999993","-0.00333618149197441","0.00101265831438635","-0.0244931055994599","-0.0082607170073663","-0.00196463717416506"
"202","2014-10-01","0.0000323755564579642","0.00290100529815795","-0.00651468102119335","-0.0999999999999996","0.0137787023561646","-0.0462331950392079","-0.0417348197776155","-0.0601273979725949","0","-0.000757169484387532","-0.100000000000009","-0.0266340145749693","0","-0.00030115946621212","0","0","0.00421941554270866","-0.0091828009823347","0.00187793482419973","0.00458716400690573","0","0.00652885888246324","0.00142348778485424","-0.0444517625708336","0","0","-0.0203396842371228","-0.0547053278557232","0.00997514505681973","-0.00662985853866971","0.00329489589685306","-0.0101617502594999","-0.00317292704057692","0.0150190557837151","0.0100279391861244","0.015374167249588","0.0177237086646969","0.0054854772766717","-0.00184162114664943","-0.0126031721533248","0.00749067172915741","0","0","0.00781690189161122","0.00818239515493957","0.0707227802546564","0.00812538297135657","0.0048851692771148","0.00906305197434953","0.00140046343770493","0.000573687755890589","0.0016035507324694","-0.0013151037914258","-0.00515850499193805","-0.0018985588902195","0.00323870443307051","-0.000526558481745152","-0.00462634287307753","0.00167115298988471","0.000444213738837868","0.00305021817766223","0.0023539529915298","0.00714202771040107","0.0106055070386333","0.0261637827663943","0.0269960895285415","0.0359640901065488","-0.0750525755335048","0.0928115170729553","-0.145055114342774","-0.00539136763697101","0.0549811977900276","0.0262310121488705","0.0509855547328675","0.0541648632173333","-0.0360973373710136","-0.00133279702993949","0.00478310144379102","0.00308093619698549","-0.007494059308498","-0.0146420927442467","-0.104799910189254","0","0.0169909405380988","-0.0102509505617636","-0.0279068131518887","-0.34","-0.25","0.00202806212386086","-0.00594834875813177","-0.00489725460603374","-0.00767475444583177","-0.00449999999999995","-0.00105454499999996","-0.2352","-0.245","-0.1825","-0.00865950639867563","0.00788189654637073","14.02999973","0.0229363989464222","-0.019276394519733","-40.18493","-0.151899999999998","-0.0748999999999995","-0.155100000000004","-0.0050326603685437","0.00202224538076745","-0.0505168134633617","0.000921234519320357","-0.000983767910132549"
"203","2014-11-01","0.00300635439544195","0.00325360291839871","0.0194180858571018","-0.2","-0.0212773984472854","-0.0484747565024106","-0.0293457351398203","-0.0431721718652085","0.199999999999989","0.00141922281962437","0.100000000000009","-0.0270286723879192","-0.1","0.00150489117942065","-0.00310077767824835","-0.00265604405811626","0","0.00551979322359752","-0.00187793482419973","-0.00229095174655569","0","-0.00217155351350762","0.00567377408590808","0","-0.0210534091978327","0.00328407520119001","-0.00392157365318191","0.00330214939575857","-0.00372902855986723","-0.00221975673831309","0.0173917427118688","-0.0187446912861509","0.00317292704057692","-0.0162808856041377","-0.00555865800382804","0.074801213082698","-0.0413852161628547","-0.00328767419419229","0.0128206884290618","0.00777457754712962","0.00531633362723305","0.00707430944253762","-0.0065717651632351","-0.00334262149669051","0.00580384681980028","-0.0444613451502978","0.0069125222712767","0.00393403033700146","0.00663207558139689","-0.00143124542931437","-0.00095384255556281","-0.00129705192184846","-0.00407575313912989","-0.0052690323231712","-0.000219801399168253","0.00106361522443442","0.000500870233823426","-0.0044429966081966","-0.00104922985537246","-0.00473668355549506","0.00143351295874435","0.00258619201857769","0.00496526339904335","0.0107892710044855","0.0169027599522771","0.0192089573991847","-0.0608125387577001","-0.152788445552737","0.00570208244890757","-0.205114566322511","0.0332288023427729","-0.0192857423777113","0.00323102058144631","0.100083458556983","-0.032145624973416","0.0889014815080467","-0.00380176073837912","-0.0085813521141439","-0.00252724822555325","0.0557405220321154","-0.0180864010793075","-0.095836453455882","0","0.00267033972058073","0.00265643749412803","-0.0122792922492181","-0.0600000000000001","-0.04","0.00973650478107935","0.00352674601970371","0.00149122291783144","-0.000115038627567898","-0.00209999999999999","0.00167","-0.0856000000000001","-0.0876000000000001","-0.0720000000000001","0.0253255446775729","0.0223526783411909","13.32999992","0.024237473674626","0.00105154870462032","2.39424","0.0471000000000004","-0.035499999999999","-0.138199999999998","-0.00267766307598128","0.00100959120135258","-0.0331362462197662","-0.00554018037561477","0"
"204","2014-12-01","0.00187036494383364","0","-0.0206071466392919","0","0.0160003413464418","-0.0579378371062189","-0.0157981168765913","-0.00294551022975753","0.100000000000009","0.00113392981785942","0","-0.0240079155420538","-0.1","-0.000802326790608099","-0.0031104224143923","-0.00266311741948355","0.00629592845681515","0.00913248356327223","-0.00188146809970569","0.00229095174655569","0.00607904607638243","0.00865806274311431","0.00141342779714648","0.127833371509884","0","0.0151846735383172","0.0242612578903048","0.0963086821339143","0.0270286723879192","0.0317139754895281","0.0160345498472569","0.013158084577511","0.0146753157842143","-0.00252844635335858","0.00998344398418372","0.101492038879906","-0.0271251462676911","0.00109709281437365","0.0108598352360083","-0.0274796486264623","0.0136916304179442","-0.00100755676029962","0.00329128108407328","0.00111544908386563","0.0160738248310608","0.00436452965264067","0.0159456198754002","0.0102122651023606","0.0203731101891318","-0.000973776049749714","-0.000530536283108146","-0.000215388154957329","-0.00216292476100277","0.0018958022158783","0.00173095996104301","0.0000488809928281568","0.000163711399879746","-0.0136880918632201","-0.000716088738693607","0.000832773161539046","-0.00206877434516025","0.00138888183806837","0.0182713783814208","0.0350747885000118","0.0729989922219083","0.100216538834498","0.172018394800111","0.346392439087809","0.00425532557013852","0.403060682809362","0.0337863771160585","0.0542136234372883","0.0533878734180613","-0.0971637484536485","0.040894587166652","-0.0538474410496113","0.00631138342305704","0.00913604482861041","0.00315806357528392","0.0168820841105486","-0.00891158030056316","-0.242398745397726","0","0.00336196555653423","0.0186904893228927","0.00816412838991276","0","-0.0899999999999999","0.00848601818985273","0.00570252329843157","0.00215152618104497","0.00409219087559975","0.00170000000000003","-0.00447000000000003","-0.1669","-0.2306","-0.2491","-0.0170028141646767","0.0146290065894981","19.20000076","-0.00419738458457175","-0.0539796420963929","23.59906","0.110599999999991","0.133700000000005","-0.103400000000008","-0.00688391408713668","0.00100857295488499","-0.0843479953091117","-0.00371057939653596","0"
"205","2015-01-01","0.00376236475649172","0.00790896872791791","0.00237670937784618","-0.100000000000001","-0.0117084892649002","-0.00704228262541307","-0.0079936476807454","0.0376310682176468","0.0999999999999943","0.00154134127179084","0.0999999999999943","-0.0243646946524612","0","0.00230495667514319","0","-0.00267022855587884","-0.004192878260036","-0.0202027073175186","0.00188146809970569","0.00456621797958157","-0.00202224538076745","-0.00431966114451665","0.0168071183163816","0.0769610411361286","0.0618754037180875","-0.00647950431098643","-0.0705006505403336","-0.110697419586014","0.0345478074538894","-0.0428872760876535","0.0261658046431199","-0.0675932911325283","-0.0189081263368349","0.0200507970455615","-0.0200675630508096","0.0081065875329891","0.0172170680429948","-0.00219539056343621","-0.000900495333250539","0.00496278934212935","-0.00314300939719914","0","-0.00329128108407328","-0.00335008688528138","-0.00113960126293389","0.00265438310659061","-0.0147981471467826","-0.0150122460831028","-0.0238233794145906","-0.00125498384976173","-0.000308257817458635","0.00140290045861538","-0.00598465517327659","-0.00197938059471904","0.00055667421030835","0.00313439920312537","0.000588950372564373","-0.00772128209250784","-0.000830409114523601","-0.00731047815178876","0.00407471732575584","0.00201397474924249","-0.021060058156106","-0.036809522358185","-0.0518964745459503","-0.0744238436269971","-0.0966560750276804","-0.285767817271376","-0.0734005083817317","-0.39516684921063","-0.0731154162409702","-0.0240721823939936","-0.00306278953054573","-0.0662893240359237","-0.021127546425876","-0.029663191823559","0.0013696828468186","0.0160082632993611","0.0279058953769864","-0.0413917050572552","-0.0322933561426466","-0.266414805254844","0","0.0149992677574478","-0.0366218532780564","-0.019222160293193","-0.12","-0.0700000000000003","0.0096114561249081","-0.00319941725316575","-0.00496203234393633","-0.00601974250305837","0.00449999999999995","0.00748571400000003","-0.2507","-0.3397","-0.3632","0.0249001461794833","0.0136088079594394","20.96999931","-0.0315327792169491","0.000554490147636422","-7.03872000000001","0.0756000000000085","0.286100000000005","-0.0593999999999966","-0.0101470746463489","0.00402415029972492","-0.185738689343691","-0.0168701283034851","-0.00493340911795581"
"206","2015-02-01","0.00102656238965082","0.00107366547743126","-0.00237670937784618","0","0.021187233219444","0","-0.0561203351358666","-0.028820438535492","0","-0.000125734762683294","0","-0.0246137144755574","-0.1","0.00130045534258105","0","0","0.004192878260036","0.00739374902493761","0.00749067172915741","0.00227531383713497","0.00202224538076745","0.00647251450561726","0.012422519998557","0","-0.0408219945202548","0.0118472037259902","0.0213748595847338","-0.0502963145671167","0.0162605208717803","-0.0181410870706502","0.0204506104712907","0.0553808331030243","0.0105486210207451","-0.0213174216607541","-0.00791411705599021","0.130643720967326","-0.046587754838983","0.00219539056343621","0.027545055555696","-0.00695482187336971","-0.00104986886283687","0.00100755676029962","0.00219539056343621","0.00335008688528138","0.00227790531299465","-0.0172708557980448","0.0125357527593","0.00252509873451068","0.0155645507414146","0.000687041464596038","-0.000508443539225342","-0.000447361104604126","-0.00313593600696028","-0.00316146951659279","-0.000432500030267164","0.00202856323061348","-0.000194253117345803","0.000108001337926058","0.000638429757935476","-0.00121759080864727","0.0021952740612873","0.0021206863714804","-0.00584153540598464","-0.016387703800369","-0.00685671121905784","-0.00782684676883783","-0.112380986367389","0.0237206482126222","-0.111046447724537","-0.0260695429689486","0.00812540744391654","0.056345152102514","-0.257468293855284","0.00621120009264065","-0.114895748808826","-0.0140771138908367","0.0260108470196707","0.0453956712288242","0.0345069643902136","0.0165260433872154","0.0125342061621843","0.195977194773519","0","-0.00196124274866349","0.0437303279852728","0.0411772097478096","-0.04","-0.0499999999999998","-0.00326591844283008","-0.00162456712742731","-0.00218820701185329","-0.00239909437964947","0.00109999999999999","0.015629286","0.1209","0.1475","0.1391","0.033250086149863","0.0576700873757563","13.34000015","0.0534388764431091","0.0570967895927752","-13.89158","-0.0315000000000083","0.266499999999994","-0.0156999999999954","0.000922715684401904","0.00100351237724006","0.0341013102501284","-0.00663824154129333","-0.00595239852729534"
"207","2015-03-01","-0.000898184444805494","-0.00490050583291435","0","-0.0999999999999996","-0.00525487283835879","0.0244340253372819","-0.0257967873320197","-0.0448505661653513","0","0.000031435172816785","-0.0999999999999943","-0.0241296945040403","-0.1","-0.0000999750063312987","0","0","0.00417537141048019","0.0326115855887608","-0.00186741417479563","0.00679504313282919","-0.00202224538076745","0.00214822853828966","-0.00137268381197231","-0.037740327982847","-0.0210534091978327","0.0117084892649002","-0.00707430944253762","0.0174321671686712","0.0148659112758294","0.0304248819528024","0.00906807221396999","0","0.00939954701150381","0.0602517796362081","0.035678254658789","-0.0381686352024779","0.067700432076542","-0.00219539056343621","-0.0132335411624398","-0.00399600931338195","0.00314630568936458","-0.00201612971518461","0.00219058137981865","-0.00446928118229639","0.00340715832161376","0.0278043542492901","0.00451978227399952","0.00489599522819084","0.00538927549194135","-0.0000692676827278094","0.0000353667815538336","-0.000149352607980911","0.000133068025130536","-0.00295924770003241","0.000902863293231908","0.00197782563453826","-0.00113389509527941","0.00319576266804387","0.000655639751563365","0.000977459720368491","0.000730015372115438","0.00194691713568731","0.0226543053397172","0.0343270463196159","-0.0134665422654709","-0.0215877843520822","0.0390134807413904","0.114974125557646","0.134382094504836","0.252210741235595","0.000192659667295203","-0.0619011176731945","0.123060092757227","0.0629893341507417","0.0524901826213968","0.0876473070587558","0.00369388694036932","-0.0158750179973176","0.0235666644294932","-0.0110319386243294","-0.0248931674595132","-0.0387801905762588","0","0.00837837706929712","0.0232832643072403","0.0220086103402846","-0.0699999999999998","0.03","0.0113010887795522","0.008584214338347","0.00973229880075088","0.0118023518388917","0.000800000000000023","0.005685","0.0376000000000001","0.0576000000000001","0.0349999999999997","-0.0217831706082023","-0.0106623659098144","15.28999996","-0.0175491972299513","-0.0587611829893246","-23.34821","-0.313199999999995","0.186999999999998","0.00310000000000343","0.000851132972366392","0.00200400868671569","0.02659208192316","-0.0114833797777241","-0.00498754151103853"
"208","2015-04-01","-0.0023133283674639","-0.00528593253851284","-0.00596660481322253","0.2","0.0260025050326069","0.0471467784257023","-0.00699303549097063","-0.0279087881170765","-0.0999999999999943","-0.0000943084831170893","0","-0.0124731472005628","0","-0.00240240355786714","0","0.00267022855587884","0.00208116620382448","-0.0198026272961798","0.00559181326577818","-0.00225988796743781","0.00202224538076745","0","0","-0.0392207131532816","0","0.00527705710084359","0.00404858852600043","-0.0115876151723882","0.0312874682412989","-0.0361621323429455","0.007992050531338","0.0233546345827458","-0.00730311018497609","0.0658056177927726","-0.0448003247553661","0.0611811564750813","0.0853851714970872","0.00547946576462621","-0.000888494061115352","-0.00401204148996115","0.00730311018497609","0.00302267232658604","0.00654309858893587","0.00558348742570036","0.00790517950711322","0.00797221804067583","0.00449964557483717","0.00379301832525414","-0.0033027152046845","0.00039490931408759","-0.0000239318240564585","0.000201424509926963","-0.00139393571550148","0.00130642812263047","-0.00315948804004291","0.00110730624029228","0.000431648180440887","0.00225160123533226","0.00085344087149452","-0.0000436937912857112","0.000701934047428479","0.000954084939294196","0.00444258165137157","0.00268145248901952","-0.00907327205634978","-0.0173660089788026","-0.00639746284286424","-0.0817855190196859","-0.124221126473427","-0.169856806173968","0.0172837914359878","0.0211322751354519","-0.0577778006668117","0.0201445660924673","-0.0665607665183385","-0.0130720815673522","-0.0033714558068505","-0.022613759696257","0.00223980441168076","-0.00634762547571022","0.00066835986982039","0.0629269172432299","0","0.00322784321535785","0.0952939609972514","0.0941464498320066","-0.0600000000000001","-0.04","0.00987920729166447","0.00328801005555945","0.0012731663618748","0.000199454461915494","0.00509999999999999","0.000605000000000022","-0.0424","-0.0391000000000001","-0.0791999999999997","0.0259940977013429","0.0222197937550614","14.55000019","0.00848472245300602","0.0645037571904745","15.57552","-0.255899999999997","-0.00679999999999836","-0.00890000000001123","0.000291698796014926","-0.00100150233708973","0.00279242272440948","-0.0125909653685126","0"
"209","2015-05-01","0.00167127377076781","0.00180516325570323","-0.0175072385830202","-0.100000000000001","-0.00721280818924086","0","0.0122059056795036","0.0217737995495604","0.0999999999999943","0.00119391744733832","0.0999999999999943","-0.011121639159259","0","0.00120192322161738","0","-0.00267022855587884","0.00207684394483909","0.00904983551991823","0","0.00225988796743781","0.00201816415623757","0.00214362354325193","0.00547946576462532","0.0392207131532816","0.0618754037180875","0.00420168685370026","-0.0255768417896496","-0.024780028998487","0.0335347810865709","0.0137145006707877","-0.00498754151103853","-0.0569954810493636","-0.00419727793534008","0.0627911853793472","0.0260048571353275","0.063239458135917","0.0786646190609126","-0.00328407520119001","0.00354924951114199","-0.0233869326981537","-0.00730311018497609","-0.0111280865094079","0.00217155351350762","-0.00446429312868535","-0.00564017287626051","-0.00678933111739077","-0.00224744216323192","-0.00278821752968028","-0.00128055236042002","0.00115432443654874","0.000613870274658769","0.00152623709236888","-0.000443392157772441","-0.00486802536162682","-0.000804698065536199","0.00151126088425683","0.000742363150990843","0.0055026601751393","0.00180101519315411","0.000792312644399059","0.00253010718796877","0.00187614635725769","0.0267432707326307","0.0512444403317946","-0.0089108383730494","-0.013603499877398","0.326046175183066","-0.093442998083038","0.56381924095105","-0.298551744688685","0.0155930268135833","-0.014156661399026","0.192186001764869","0.00568183346743112","0.0890336223703976","-0.0111960457050859","0.0137814536511165","0.0209698510667308","-0.000288725279903757","0.0434723183253976","0.0330548870379648","0.0738199122352672","0","0.00351101081612271","-0.0288464470824206","-0.0586623350601378","-0.0600000000000001","-0.05","-0.00324634466519669","-0.00235554032197882","-0.00223649052871089","0.00468920184983013","-0.00160000000000005","0.00454763199999997","0.2196","0.2693","0.273","0.00980798504838098","0.0381646013585133","13.84000015","0.0104367297631427","0.00622736019123815","18.26381","-0.271300000000011","-0.128599999999992","-0.0386999999999915","0.00233181773031309","-0.00100250634962595","0.0272440187710333","-0.0117648415795859","0"
"210","2015-06-01","0.00243761747490367","0.00838127511572395","0.0145105327144144","0","0.0143739641120693","-0.0300523450664016","-0.0552232907631947","-0.0504839054319914","0.100000000000009","0.000753319348849146","0","-0.00138321304669464","0","-0.00150262988453509","-0.00312012733624378","-0.00267737777071675","-0.00207684394483909","-0.00361011222409946","0.00185701074721312","0.00225479238708903","-0.00201816415623757","-0.00214362354325193","0.0135687292060691","0.037740327982847","0.0198026272961798","0.00104766903244347","0.0123585507037971","0.0409653534195042","0","-0.0218023552724862","0.0178399181283302","0.00778971806533324","0.0010509722459755","-0.0417843322000522","-0.0410080237273771","0.0319807976541391","-0.0584107621564147","-0.00109709281437365","0.00794005053661362","-0.00826450984989346","0.00417973440270814","0","0.00324851395583181","-0.00223964259350495","0.0067644000885414","0.0394668570392973","0.00448924644625581","0.0089810006991744","0.00264745314562731","0.000870954186954829","0.000415333688509547","0.00123380219580104","0.00127467407373699","0.00173887688794097","-0.000678066739032362","0.00217396784548564","0.000164596599362658","-0.000650455106437014","0.00207406625206726","0.00333405347508718","0.00111398649334013","0.00215799399275904","-0.0134749196546604","-0.0125931434169697","0.0117142641241781","0.0213763030371243","-0.165896677126554","0.140415984078766","-0.168231453162848","0.30125080165785","-0.00786005730916628","-0.0299518430128778","-0.120470693254275","0.0867752773544881","-0.0454623740767577","0.0605644116830515","0.00938770765516317","0.0215784721207225","0.00194727983352716","0.0305545011180994","0.0063148608586745","-0.0414203840897089","0","0.00420388271661309","0.0315828467184271","0.0446173447193203","-0.04","-0.0699999999999998","0.00346949946377251","-0.000841482149491313","-0.00574943332091848","-0.00470104482804601","0.004","-0.00531172299999999","0.0791999999999999","0.1453","0.1588","-0.0615148460341857","-0.0349137141848228","18.22999954","-0.0212355592764322","-0.0574932093117595","28.36322","-0.165399999999991","0.139899999999997","-0.0707000000000022","-0.0020252338102497","0.00200400868671569","-0.0197906633231921","-0.00792083349144423","-0.00100050033358379"
"211","2015-07-01","0.00102459025356794","-0.00250701498226746","-0.0132932471106626","-0.199999999999999","-0.0205980505950709","-0.0170944333593006","-0.0316305438866058","-0.0229142595228762","0","0.0000627510040356327","-0.0999999999999943","-0.00479314742076209","0","0.0026031252184513","0","0","0.00621763661087105","0.0196962499757243","0.00370370793748354","0.00224971973401544","0.00403226352793862","0.00641713432063362","0","-0.0769610411361286","0","-0.00209643682652771","-0.0301321497877609","-0.0185190477672377","0.0031864073694079","0.0252017919739504","-0.0138478968587927","-0.022561035385646","-0.00315623618143768","-0.0243644388741409","0.0387733859259614","0.202059527840938","-0.0331240474250327","0.00656457499650731","-0.00440335365826972","0.00310720084274863","-0.0052274034351516","-0.00101781179270066","0.00539084863487638","0.00892863074430128","-0.00337648041660543","-0.0245409239765699","0","-0.00396973537397294","-0.00304129175549406","0.00128807350809971","0.000295130201363966","0.000677983121576698","-0.000705134744851394","-0.00402368334098598","0.00377892239217355","0.00308668658932478","0.00103737707177264","0.00167726881820513","0.000863745341712548","-0.00275830968761405","0.00325634500626817","0.00151028391914667","-0.049353972055993","-0.0763359536696608","0.0036327433599741","0.0119836144832473","-0.023164389257758","-0.0853268932741855","-0.279584862219161","-0.0777430179593548","-0.0336262458010204","0.0833319073677394","-0.148973791647725","-0.0370412716803497","-0.119237581367377","-0.0362962844106134","0.0133287213198781","0.0376152795264073","0.0185600302360007","-0.00427907368434877","-0.000514006693403624","-0.0834098970820776","0","0.00944003222886458","0.0299798983006365","0.0392856750870223","0.0100000000000002","0.04","0.0117045339331092","0.00654038677892288","0.00730277798279566","0.00546458353696089","0.00890000000000002","-0.00178003900000001","0.0270999999999999","-0.0343","-0.0411000000000001","0.0227632004137597","0.00828774676297783","12.11999989","0.0195496832464928","0.0157655294619579","-9.46046000000001","0.0144999999999982","0.0899000000000001","-0.118700000000004","-0.00457144807402437","0.0020000006666665","-0.0413816980523793","-0.00898658069784641","-0.00401204148996115"
"212","2015-08-01","0.00360970859458298","0.00868794515582216","0.0144930073025673","0","0.00415369236869356","-0.0386691411591542","-0.0248816663767366","-0.0405460943943501","0.199999999999989","0.00269457488517588","0.200000000000003","-0.00723307512306537","0","-0.000800240114726236","-0.00312989300892763","0","0","-0.0106952891167484","0","0","0.00201005092802387","0.00212992625782515","0","-0.0408219945202548","0","0.00523287431665764","0.0073568382257081","-0.0153034181398866","0.0302895218269814","-0.00567216495246647","0.000995520241501069","0.027398974188114","0.00210526393546218","0.0492171496584124","-0.0033613477027048","0.0367874154017214","0.0712356051105187","-0.00218340698094366","-0.0377742751949359","-0.0114405824018924","-0.00842110239640892","-0.0143592210778882","0","0","-0.00678735637340022","-0.00505252361197872","-0.0101293447764901","-0.0125818139546592","-0.00354475865052706","0.00130952320883942","0.000334981848615242","0.000582299251562968","-0.00113215745171733","0.0000713520843754643","-0.000229630531404242","0.00128699237501881","-0.0000612388468339501","-0.00511953770032066","0.00232589320392404","0.00134371381476783","0.00239325132241631","0.00274006238117884","0.0231533049747163","0.0468342468980243","-0.0236903442763516","-0.0305502568070359","0.074782306274356","0.0884129491358792","0.141749593528909","0.0703030106946594","0.0321220620070228","-0.0889756354713374","-0.01619468591998","-0.306730267422475","0.0301098014713697","-0.136819223475618","0.00328309148728501","0.0241177985805694","-0.0095939335172841","0.00000781762013435383","0.00147705771323187","-0.195419693937854","0","0.0038190693676281","0.0444047066801012","0.0207815295011571","0.0899999999999999","0.0799999999999998","0.00299798780955918","0.000486086612891512","0.0018861501138705","-0.00736743893866532","0.00590000000000002","0.00412913000000004","-0.1415","-0.1554","-0.1661","-0.0615733557634393","-0.032834324342053","28.43000031","-0.0646247308985419","-0.0831940987868323","-40.77637","-0.0871000000000066","-0.0215000000000032","-0.155599999999993","-0.0046466739038273","-0.0020000006666665","-0.073663308330567","-0.0121091287897492","0.00100452042600541"
"213","2015-09-01","0.0033107342499914","0.000829138335921797","-0.0072202479734873","-0.2","-0.0283781523327615","-0.0514819558351434","-0.00778214044205505","-0.00692044284457349","0.200000000000003","0.00165700120762935","0.0999999999999943","-0.00587560765579198","0","0.00926347577488063","0.00625002034517141","0.00267737777071675","-0.00206825306405989","-0.00900096085897584","0.00184672259316532","-0.00224971973401544","0.00600602406021178","-0.00426439878645724","-0.00134861787129381","-0.0425596144187961","-0.0400053346136993","-0.00104438651790595","0.00834207131739539","0.0106195688274608","-0.00102933616911383","0.0135595297856321","-0.017060122745308","-0.0244272037989566","0.00210084110881237","-0.0292386827275264","0.0155905162291168","0.0416148812356347","-0.043136693888159","0.00218340698094366","0.033351446224934","-0.0179424338431389","0.0188487255586676","0.00925456476620568","0.00214822853828966","0.00111049428402676","0.0224476316721578","0.0265791663451598","0.0201577062012461","0.0174083415580171","0.00396198647560198","-0.00141091800888175","-0.000542431740616558","0.000642173853821584","-0.00467217564327048","-0.00109414280142766","-0.0031866884069026","0.00296593477799691","-0.00102844107053571","-0.0038523210058737","-0.000587739877189781","-0.00411560620125733","0.00293469274593177","0.00223898961173896","0.00544487437113439","-0.00233347200711798","0.0184138775136216","0.017786874655032","-0.115108912268751","-0.0406343689216477","-0.211653822196906","-0.120332106626254","-0.0245726649438485","0.0338917513091488","0.0555698511548099","-0.311154428636923","0.0188882845202061","-0.0923363699952189","-0.0163045204061865","-0.00681058023376147","-0.024505183712388","-0.0410750124114907","-0.0166298439152649","0.0233705134082527","0","-0.00343310046738843","-0.0112932690335175","-0.0156403472576976","-0.0800000000000001","-0.04","0.00910626265676839","0.00425765060646377","-0.00199485629969587","-0.00369607611487588","-0.000900000000000012","-0.004621818","-0.1116","-0.0985","-0.0131999999999999","-0.0291694340652935","-0.025062448418236","24.5","-0.0267987312646527","-0.0400651551657045","50.74967","-0.20559999999999","-0.0778999999999996","-0.177700000000002","-0.00226920769263605","0.0020000006666665","-0.0395211094008282","-0.01328583671165","0.00500752173062224"
"214","2015-10-01","0.00244417408646846","0.00165621710638142","-0.00544960476756451","-0.100000000000001","0","-0.0267702410646047","-0.0418804972449873","-0.068249100534107","0.100000000000009","0.00043724039548465","0","-0.00475121279013901","-0.0999999999999996","0.00563548873932529","0.0031104224143923","0.00533334597536239","0.00206825306405989","0.0072072384049493","0","0.00224971973401544","-0.00600602406021178","0.00213447252863208","0.00134861787129381","0","-0.0206192872027353","0.00832470988603173","-0.0104385081439231","-0.0118065125869888","0.0304283110238952","0.00893860700081106","0.00806455983672993","-0.0260535778483826","0.00418848779875169","0.0249606013364483","0.0131725285565389","0.109901818748447","0.0261046519937267","0.00326619778662085","-0.0306054490760781","-0.00320000273067045","-0.0114763909563429","-0.0113228178302647","0.00214362354325104","0.005534048434642","-0.0111608301375279","-0.00747358398462339","-0.0122701657077799","-0.0123253479654277","-0.00581673937242222","0.00140756155805705","0.000586510151857409","0.00197743501939639","0.000337683578144056","-0.00275275320686634","0.000466350133672916","0.00206292447543924","0.00125027920564781","-0.00356595091950797","0.00103431971029422","0.000257860199517546","0.00144908442815412","0.00342240129012802","-0.0103826663679989","-0.0337739055749413","0.0492413897618444","0.0637857936844615","-0.0596464041418869","0.170276958462134","-0.147069348880013","0.471629412609623","0.0284226157060647","0.103262252178386","-0.0433993155345549","0.35065687161317","0.0367388256457577","0.143686936511304","-0.00320331797878826","-0.0149589197833425","-0.000585608683743966","-0.000181386980930398","0.000847872217759338","0.0168666153564212","0","0.00591277435340132","-0.0238601453636331","-0.0148046012991383","-0.0600000000000001","-0.0399999999999998","0.010243238360804","0.0058507762903055","0.00252667896093861","0.00210244270983395","-0.00570000000000004","0.00779090900000001","-0.0592000000000001","-0.0353999999999999","0.0246","0.0436048081186584","0.0256935234939988","15.06999969","0.0797193794951312","0.0638137293979684","-29.62969","-0.278000000000006","-0.0160000000000053","-0.177000000000007","-0.000651298873102452","0.00398804117795581","-0.0298454344174481","-0.00515730900714484","-0.000999500333082715"
"215","2015-11-01","0.000855635361418194","-0.000118210296255583","-0.00792445475769199","0","0.00849262004565343","-0.023530497410194","-0.00203873668984844","-0.0301909722791454","0.0999999999999943","0.00124820586636076","0.0999999999999943","-0.00697497015316006","0","0.0046230348407752","0.00310077767824835","0.00265604405811626","0","0.00358423322781487","0.00368324541629583","0.0022446698538241","0.00400802139753864","0.00212992625782515","0.00134680155037881","-0.0444517625708336","0","-0.0135630665476203","-0.00631581046812446","0.0384438721152875","-0.0191634709607547","-0.00893860700081106","-0.01619468591998","-0.0246672322017965","-0.0105042982668762","0.0117209652981574","-0.0220516101976695","0.0299782640958668","0.02782998724122","0.00108636621222047","-0.0128796628636607","0.0085106896679088","0.00418848779875169","0.0031007776782479","0.00213903824874961","0","0.00671143458798618","-0.00463062900799649","0.00671138445830888","0.00500396655911928","0.00058272239619761","0.000539741273599834","0.000538655656394718","0.000465204033746626","-0.00222064389723379","-0.0010631505163634","-0.00687447346746521","0.00297337519863201","-0.000702070428065361","-0.000168999952363721","0.0023296451173689","-0.000952785914205958","0.00362183501418914","0.00446285674420394","0.0286495277437879","0.0347438551776875","-0.0185178835559885","-0.0369505978100335","0.105553771045422","-0.192239408474389","0.0984400728132524","-0.383725121471758","-0.0373330862828762","-0.0325655608841071","-0.185552577375401","-0.0542628585593672","-0.172351384474105","-0.0131436722405507","0.0183260036267656","0.00666503337740754","0.0367336897842451","0.0119025950298832","-0.00976128815829047","-0.0898122096710883","0","0.00509253456218772","0.00134151349362277","0.00565897061220433","-0.00999999999999979","0.0499999999999998","-0.00100118989843168","-0.00170547768083473","-0.00180135204765008","0.00439331587962677","-0.00639999999999996","0.00140281399999997","0.1508","0.1319","0.0954000000000002","0.00215854359969292","0.0175753491720574","16.12999916","0.00050474185711824","-0.0167391506265795","-0.428989999999999","-0.248999999999995","0.0534999999999997","-0.169600000000003","-0.000701410574463354","-0.00199203253124036","-0.0193408141704866","-0.0187896968433661","-0.00702461493696482"
"216","2015-12-01","0.0000633512828844829","0.00554083350956525","0.0127700123912149","0","0","0.0196469973837967","-0.0185381209989108","-0.0115608224010764","-0.0999999999999943","0.0000311851932739415","-0.0999999999999943","-0.00246577245171853","0","-0.00442587395685567","-0.00310077767824835","-0.00265604405811626","0.00617921636595753","0","0.00366972888896289","0.00223964259350495","-0.00200200267067263","0.00424629088145068","0.00402955548600126","-0.0465200156348931","0.0206192872027353","-0.00421053253634351","0.00526594160528759","0.0124930642474661","-0.0394651422089645","0.0243914531241591","-0.0227047936937579","0.00207900282783324","0.00105540906894408","-0.0127933514599095","0.027489361497798","-0.0373087795121219","0","0.00433370125711896","0.0291991546922619","0.0105375053027856","-0.00313972000466745","0.00617285910708087","0.00320000273067045","0.00440529346791596","0.00111420624340397","0.0382989375813469","0.00555878124947107","-0.00387264118077191","-0.0102991832217061","0.0000931413942467629","-0.000284781720098822","0.000637869340087766","-0.0039049081635069","-0.00220319622009224","0.00172939573074414","0.00332849066429181","0.0000832870223104413","0.0059384016674011","0.000691472649517958","-0.00201158923524564","0.00277779128758341","0.00239674528325182","0.0241624030037784","0.0295065096470353","-0.00556274044381233","-0.0210275570462848","-0.0171903899869781","-0.044635295113963","0.151734636129653","0.067121088067271","0.0272543498102404","-0.0473116152593001","0.105845834764659","-0.247603848884371","0.0645385211375711","-0.0947590637804554","-0.0192862584808378","0.0176404348361486","-0.0285662120182971","-0.0212191597771652","-0.0137210915466743","-0.152457963742892","0","0.00383180866142752","0.0336380263456793","0.0116292673322675","-0.02","-0.02","0.00560870038447092","0.00574225807403295","0.0106626968124814","0.00108089989636717","0.00860000000000005","-0.00609999999999999","-0.044","-0.0545","-0.0626000000000002","-0.0138027514986589","0.000522320208141025","18.20999908","-0.0176856585364416","-0.0624453092618085","-16.98327","-0.111199999999997","0.187100000000001","-0.1571","-0.00128501325620619","0.00298656269774877","-0.064114166907046","-0.0137933221323356","0.00602411460338104"
"217","2016-01-01","0.000443346640995657","-0.00317927850957567","-0.00423857734174593","0.100000000000001","0.0209212651606396","0.0268730182510959","-0.0210091760893434","0.0229895182246986","0.0999999999999943","0.00149574674983732","0.0999999999999943","-0.00625653761430556","0","-0.00157837657311788","-0.0031104224143923","-0.00266311741948355","0.00409836639228267","0.0212397365009114","0","0.00668898815079633","0.00400000533334577","0.00422833610952189","-0.00134138182420074","0","-0.041672696400568","0.00526040139918038","-0.00843886864586452","0.00450451212110448","0.041499730906752","-0.0121213605323449","0.0145080264895787","0.00103788281241979","-0.00211193320314429","0.0096103248997883","-0.0164027734414569","0.00244948071034035","0.0432057858755321","0","-0.038501547354576","-0.0190481949706944","0.0217737995495604","-0.00102616735531225","-0.0042689499195756","0.00219539056343621","0.0231160540534878","-0.0475615013928588","0.0143092755228356","0.0199845357574304","0.0318487394722471","0.000812152872510159","-0.0000118633227783466","-0.000291805053579189","0.000596820032640881","0.00113751442927652","0.00136985058876699","-0.000931224075858487","0.00124632910413425","-0.0119960820317654","0.000706962782149073","-0.00000914675053168348","0.00184007551660928","0.00325862070963255","-0.0215578580500129","-0.0264948911367497","-0.0222301009053556","-0.0248923378234096","0.11012621173084","0.0172643576539642","0.25091118620923","0.0561013890836968","-0.0150708689954282","-0.0660620892669463","0.0552157226024468","0.225046501460296","0.0329338216712491","0.0702042586732485","-0.0327637648834536","-0.00370858766926552","-0.0378939736455227","-0.0705868413104698","-0.0411474162154032","-0.213586628408006","0","0.00761984837840579","0.0000395195997509035","0.0150498000216359","-0.0699999999999998","0.03","0.0133370125357342","0.0119745668894211","0.0064761751455773","0.00102589192714042","0.00739999999999996","0.00839309500000002","-0.156","-0.1401","-0.0888999999999998","-0.0319666015808","-0.0555668286840483","20.20000076","-0.0520676172275349","-0.0495339197889137","62.32141","0.0104999999999933","0.0106000000000108","-0.152699999999996","-0.000691631795055474","0.00297766969392477","-0.101329475156275","-0.010741241831413","0.00399600931338195"
"218","2016-02-01","0.000569728444858697","-0.000117945391421515","0","-0.100000000000001","-0.0177550356025895","0.022472855852059","-0.0063897980987706","0","0","-0.0000622781341679257","0","-0.00827156294860387","-0.1","0.000986777265782557","0","0.00266311741948355","-0.00615386557437869","0","0.00182982667707599","0.00443459706786609","0.00199401860686432","-0.00847462699097257","0.00134138182420074","0","-0.0215062052209634","-0.00526040139918038","-0.0149415799981991","-0.00563381771825622","0.0171288822629672","0.00662985853866971","-0.0239470058505109","-0.00311688564025303","-0.00955928681345597","0.0282889476911974","0.00987391455899367","-0.0210143703346395","0.0534053481452377","0.00539084863487638","-0.00187090793581124","0.0200958640031379","-0.0123840591997215","0","0.00533334597536239","0.00764613228135591","-0.00764613228135591","0.0194123724026003","-0.00218784363636093","-0.00884217517879193","-0.00979544624874507","-0.000308746436976328","0.000264597901445902","-0.000454190556920595","-0.0039114696986136","-0.00604762640575818","-0.00214477217930706","0.00262882713051334","0.000933503578782316","-0.0037514770579197","0.000140166079692607","-0.00209563538469985","0.00226263023913862","0.00225550138273585","-0.00956389300580618","-0.0145682657290624","0.04083243249001","0.0665143844827547","0.0908339612264566","-0.066199651087647","0.103438851131577","-0.542101129118985","-0.0214685985904914","0.0984331211355229","-0.0378992725909866","0.0225573474240743","0.0234802676088428","-0.0159456681554264","-0.020528717965564","-0.0355803173760264","-0.0280738978656167","-0.0363668161900206","-0.005789030988477","0.0470824869710857","0","0.00634993007042262","0.000742677941047987","-0.00787220120184884","0.0499999999999998","0.02","0.017041424404777","0.0106345525040368","0.0100498350292924","0.00819148320018925","0.001","-0.000202619000000015","-0.3004","-0.2801","-0.1888","0.00297533078147616","0.00697480036212639","20.54999924","-0.00413690563679125","-0.031748668125148","18.05252","0.028499999999994","-0.182700000000011","-0.12473","-0.000288154331798387","0.00198019866686217","0.00533308770675968","0.0021574981400212","0.00199203253124036"
"219","2016-03-01","0.00101204980332348","0.00411983397147431","-0.00914361749895232","0","0.00210526393546218","-0.0610876919798384","-0.0150702529209985","-0.0076045993852194","0","0.000435865511258626","0","0.0104918995232817","0.1","0.000788721326503428","0","0","0.00819676720417828","0.008718451039881","0.00182648452603473","0.00220994565080268","0","0.0126851595273161","-0.00134138182420074","0.0465200156348931","-0.0219789067187754","0","0.0085653628589224","-0.00566573753567656","0.00796024103838899","-0.00441501820911672","-0.00846565902454799","-0.0136199067152702","-0.0021367529497347","-0.00621763661087105","-0.00437637459979889","-0.101827310278004","0.00324500014332685","0.00322061470004176","0.0313389701927198","0.0176444639797086","0","0.0102145934097182","-0.00106439605578679","0.00325910120090622","-0.00219539056343621","0.0100779338452224","-0.00549162335332642","-0.00276241433215141","-0.0140374953310527","0.00189887708694941","0.0013300879447279","0.00266095779469672","-0.000765809228728228","0.0012489767536829","0.00174663552699432","0.00571126744363028","0.000203562360014035","0.0107883218393091","0.00338735725811583","0.000784513216631472","0.0050708300114497","0.00339875047634559","-0.00360529296165524","-0.0126477542249397","0.00232346264559169","0.00837134940285544","-0.147228240877086","0.0877499976491904","-0.239959299582566","0.358166368525403","0.0391867226064253","0.0204862502079699","0.0212322201057749","0.068249100534107","-0.00847462699097257","0.0148150857851403","-0.0115216645301359","-0.0461341201113157","-0.00630376810209701","-0.0188539468153799","-0.00322287114246733","0.171752119894571","0","0.00930790642051704","-0.00938713255738932","-0.0158196974210458","-0.0299999999999998","-0.05","0.00764592300129685","0.000653848300711246","0.00340875835651921","0.000102116481267345","-0.00239999999999996","-0.00103809500000002","0.0317","0.0402","0.0247999999999999","0.0146418972889517","0.0192673848337357","13.94999981","0.0639049904156357","0.0523679972403519","-0.0395000000000039","0.260400000000004","-0.210999999999999","-0.0831799999999987","0.0015594321760081","0.00394867245541608","0.0506863304345451","0.0411667626670935","0"
"220","2016-04-01","0.00340812599128704","0.00304949802355026","-0.0110838573137082","-0.0999999999999996","-0.00105207795080364","-0.0777487528743777","0.00216684808509005","-0.0153849188394792","0.200000000000003","0.0019901122896524","0.100000000000009","-0.00182815407406256","0","0.00324691582543046","0","-0.00266311741948355","0.0101523714640184","0.00692044284457349","0.00727275932907911","0.00440529346791596","0.00397614837963989","0.00628274317949451","0.00401875959491793","0.0444517625708336","0.0219789067187754","0.0260295799309826","0.0345765192851006","0.0765400771223339","0.0292989707456179","0.0369205886140476","0.0168602518675742","0.0219101096357441","0.0253445455947512","0.0185381209989117","0.0249065392143555","-0.000691802172177347","0.0245345639637486","0.0021413284413434","-0.0248060491510973","-0.00309119256967261","-0.0010389611324193","-0.00509425452174295","0.00318979536810016","0.00216684808509005","0.00875279110959504","-0.00759393037499745","0.0109532534164849","0.00682616000610103","0.0236410360118118","-0.000605450178610288","-0.000315890582263328","-0.00146642894701384","-0.000399305885746524","-0.00289601656693428","0.00177365256796107","-0.00278169677137089","-0.000958099108749784","-0.00719690426346869","-0.00148708861492176","0.000277593832010628","-0.006533673816277","0.00158881980394215","0.0523528449289845","0.0889897502855845","0.0190966974564564","0.0263556314870872","0.109476780693793","0.0260535778483817","0.183938372020861","-0.0855221734381626","0.117289832924328","0.0513920451899796","0.140857432716595","-0.0139862419747399","0.0972425475553784","0.0234778810622824","-0.0104087077223527","-0.0265564173614328","-0.0147067256869512","-0.025277541592934","0.00434143949175847","0.0845220209710584","0","0.00404512329857099","-0.00512340015702506","-0.0293925758294797","0.00999999999999979","-0.0599999999999998","0.000283622326202604","-0.00193850490517633","-0.0013632543019142","-0.00207200609221836","0.000599999999999934","0.00171428500000004","-0.001","0.0253999999999999","0.0230999999999999","0.00777778255510242","-0.00738268950203214","15.69999981","0.00269576164816421","0.0393923494571675","-20.74206","0.292500000000004","-0.211799999999997","-0.0493900000000025","0.000303924965897114","-0.000985707324758778","0.0435042186521729","0.0224958361694183","0.00198807222538644"
"221","2016-05-01","0.00110199787604159","0.00292346580196678","0.0310905870700307","0","0.00942909028885186","0.00847462699097257","-0.0330062964681694","-0.019570096194097","0","0.00117975797601488","0","0.00287131494581327","0","-0.00147456404206636","-0.00312012733624378","-0.00267022855587884","-0.00404858852600043","0.00858374369139181","0.00361664047018895","-0.00440529346791596","-0.00198609797162952","-0.00418410652257339","0.0026702285558784","-0.0444517625708336","0","-0.0155363042151446","-0.0187115646371225","-0.0310019483392798","-0.0214015950506674","-0.0139562114937988","-0.0147371088194967","-0.0508045756354596","-0.0104822762735104","0.025190248828558","-0.00859296372283236","0.167213773801983","0.0392612408235538","0","-0.0408219945202548","-0.0124612204378121","0.0185381209989117","0","-0.00425532557013852","0.00216216300449545","0.0172790476083522","-0.00656979492564425","0.0151349890841805","0.0162835865314594","0.0037681445466351","0.00109620669791518","0.000910590669065365","0.000438034726988539","-0.00150361221329637","-0.00203231842625729","-0.00287247548195193","0.00323976895001934","-0.000449668988758015","0.00871171989335271","0.00250064889876841","0.000810100713109345","0.00372224112520674","0.0029250449081526","-0.0149893141957094","-0.0369885693693401","-0.0560834040057294","-0.0820266628671522","-0.144280702888485","-0.228785052901335","-0.212830729719244","-0.462241623910246","-0.0499286068945075","-0.0747720690785272","0.0358461317731358","-0.0322031404946346","0.00769234562315635","-0.00221239028294029","0.0209014845190341","0.0251761548924744","0.0175911556735529","0.00846922201987432","0.0142909126562308","0.116981046680845","0","0.00583705682462821","0.00392682699937019","-0.0155958589815111","-0.0699999999999998","0.0699999999999998","0.00563664547714993","0.00035102507711926","0.00403369847763102","0.0115170511698732","0.000299999999999967","-0.003023571","-0.00319999999999998","-0.0322","-0.0465999999999998","0.00235572009106733","0.0225453109180247","14.18999958","0.0152083666453393","-0.0117175946432977","-8.54652999999999","0.266999999999996","-0.237800000000007","-0.0105399999999918","0.00024027456321796","-0.0029629651306573","0.0556080937439166","0.0210112782125931","-0.00198807222538644"
"222","2016-06-01","0.00103791545589615","-0.00468165649106567","-0.0090443788066592","-0.0999999999999996","-0.00208768343048416","-0.0299808322119359","0.00223463780141575","0.0156865961676997","0.0999999999999943","0.00130232576546341","0.0999999999999943","0.00662469137073973","0","0.00176921610921799","0","0","0","-0.0155041865359653","0","0.00440529346791596","0.00594649918772649","0.00209424160311489","-0.00133422301313679","-0.0465200156348931","0.0631789016215314","-0.00943897936093219","0.00627617122923585","-0.00544367158117609","-0.00888894741724577","-0.0185493589111321","-0.0149575438196186","-0.0219547786469692","-0.0095289233458784","-0.025190248828558","-0.0229142595228753","-0.0279032647352206","-0.0277367549715999","0.00320341971753724","-0.00388350002639726","0.0165806907330506","-0.0185381209989117","-0.00512033888797525","0.00106553020203837","0.00538504263088768","-0.0194600735547121","-0.00664596785680427","-0.0129590491131868","-0.013888031761665","-0.0174351155795911","0.00279874000742061","0.001831764354513","0.00216266377083433","0.00229188934170637","-0.000565122065487072","0.00225918744161538","0.00374139249631656","0.000418018422851965","0.00716751316647098","0.00414698528817008","0.00268821034678262","0.00392313040417364","0.00309704281336212","-0.0215581309181641","-0.0435029612735143","0.0446337712546008","0.053775716178162","-0.111940760032155","0.244487043809423","-0.161617975600922","0.778922828715361","-0.00424591526856943","0.0338588675639357","-0.0882926071456787","-0.0953101798043257","-0.0880568553911827","-0.0569630059253061","-0.020697902179335","-0.0273576566302125","-0.0156915191991793","-0.0550640239411466","-0.0215136922067106","0.031795498674283","0","0.00742055445708267","-0.0160277635104649","-0.0293642300941404","-0.1","-0.16","0.038800813445075","0.0299202255135462","0.0337308316943634","0.0155202763973996","-0.0145","-0.00354590900000001","-0.1699","-0.2261","-0.2498","0.0246743165223009","-0.0546289036023673","15.63000011","0.000910506484116169","-0.0476432391192656","234.81278","0.146500000000003","-0.406099999999995","0.0362499999999955","0.0041089137294092","0.000988630826939563","0.0715370912772479","0.0215483362062026","0.00198807222538644"
"223","2016-07-01","0.00100543572110823","0.00608189009207472","-0.00485732588286059","0.0999999999999996","0.0114286958236223","0.107098135556367","-0.0067189502487448","-0.0396877482672426","0","0.00105302289215103","0.100000000000009","-0.00038847523958907","0","-0.00206439001798753","-0.00312989300892763","-0.00267737777071675","0.006066752682238","0.0155041865359653","0.00360360750329836","0","-0.00594649918772649","0.00625653761430467","0.00532624428267425","0","0","0","-0.0136485058315605","0.0301098014713705","0.027398974188114","-0.00552182518430833","0.00107584733346311","0.018692133012153","-0.00854706057845789","0.109128916511921","-0.0178178433167941","-0.00180777391805442","0.146082505177748","0.00106553020203837","-0.0326277088565181","-0.0281415131341269","0.0215946694814599","-0.00205549918209602","0.0021276603771172","0.00214592357027676","0.0215991118034617","0.00365956132428202","0.0172419966766268","0.0226632025955329","0.0336489454170241","0.0012157875871317","0.00194782482707006","0.0014876278762608","0.00102424017639912","0.00149167002444489","-0.0000193282766318699","0.00216068356611807","0.000545531281578734","0.00670698401934146","0.00283231370653014","0.00244167468404188","0.0019639374183498","0.00214881503116876","-0.0143617224798156","-0.0251158127192692","0.00180540608714885","-0.00538552155198602","0.0926588304827041","-0.0607159112801732","0.15359117665147","-0.243907610478257","-0.0480281108419884","-0.0371666641466391","0.149745386359342","0.0276151670329741","0.0745561681722799","0.00234192144508061","-0.0690509491002169","-0.0665351261161368","-0.0621480020360603","-0.0896772729352007","-0.0781384529944372","-0.0708450668673652","0","0.00451049640827428","-0.0275307848716633","-0.0465504704779764","-0.0300000000000002","-0.03","0.00273588008342607","0.00413362812400564","0.0104269009724565","0.00903305946992106","-0.0611","-0.00205909100000001","-0.3108","-0.3536","-0.4055","0.0386084279745731","0.0603270918615824","11.86999989","0.0349904330502033","0.0148533885460691","-8.90031999999997","-0.0679999999999978","-0.5458","0.0971200000000039","0.0044589609425193","0.00689318337531386","0.0152344847574834","0.0106025089592645","0.00889773541986472"
"224","2016-08-01","0","-0.00221794289252841","-0.0134805963015916","-0.0999999999999996","-0.0240471597828336","-0.0687138925480513","-0.025029748065835","-0.0245914031373227","0","-0.00189003758877426","-0.200000000000003","0.00594010011083146","0","0.00265343382060745","0.00312989300892763","0.00267737777071675","-0.00404040953700502","-0.00858374369139181","-0.00360360750329836","0.00219539056343621","0.0118578464507832","-0.00416667269484616","0.00265252144913131","0","0.0400053346136993","-0.00422387111618505","-0.00529942946649786","0","-0.0145846046547629","0.0121080180371651","-0.00863936259070819","0.00759634689193511","-0.00107353740852467","-0.0410888797802418","0.016713480973741","-0.0551735829622073","-0.0460486510256475","0.00531068693723835","0.00301053915287142","0.0126052089189823","-0.00101781179270066","0.00308166653740827","0.00424178790836294","0.00641027836091901","-0.00213903824874961","-0.0436327637816021","-0.00321072829644553","-0.00368908093125953","-0.0245450949658697","0.00136892567901671","0.00111248758205161","0.00144853862882332","-0.000978473368441249","-0.00186904637064729","-0.0000944280972542673","0.00281859337758078","0.000330972510852448","0.00276547206570263","0.0015047904006206","0.000427965893616931","0.00257351468644499","-0.000343725552733095","0.00989338816403951","0.0225592940338526","0.0378948880959058","0.0499572524170571","-0.100456140942736","-0.0422672529229704","-0.181381770190585","0.0157247717843507","0.0319434105697152","0.125171097960489","0.0547640854099747","0.0192684188658765","0.0729977860835476","-0.0430173850836901","-0.0135729423791267","-0.00679199285287613","-0.0167158446493411","-0.0319811606327036","-0.00312488345439516","0.0196063114888547","-0.2159","0.00651013444222848","-0.0401298913272381","-0.0214292186821261","-0.12","-0.03","0.00603663916314545","0.00620229192724508","0.00761544860929675","0.00695749215772246","-0.1067","-0.209927273","-0.1153","-0.2148","-0.2771","0.0117971018331051","0.0256984800907798","13.42000008","-0.00121998701767012","0.0108384915297899","-211.01059","-0.0035000000000025","-0.00430000000000064","0.180070000000001","0.00227905571428845","0.00098087305559158","0.0000688734720323721","0.032078222155616","0.00294840508429761"
"225","2016-09-01","-0.000534011855187089","0.000233699463555226","-0.00432767290578173","0","0.00632913505164723","0.0247946586132164","-0.0375631015756488","-0.0598469160092518","0","-0.000124061782926788","0","0.0037267922078037","0","-0.0040320652551129","-0.00312989300892763","-0.00536194314138516","0.00202224538076745","0.00172265331144583","0","0.00219058137981865","-0.00591134726305675","0","0.00922880643762181","0.174353387144778","0.0194180858571018","0.00105764155813493","0.0126717640688225","0.00843886864586452","-0.0128143695333511","0.00327690080231502","0.00108401094625865","-0.0196512873972887","0.00642400496135487","-0.0428497879031209","0.0022075064152105","0.0350693420308046","-0.0532297879542982","0.00633581844908537","0.083581989663096","0.0206618920639574","0.00507873107901613","0.0213097865867509","-0.00317965291737998","0.00636944828548014","0.00320684400957916","0.0785688432531879","0.00534486820556879","0.00526516891852502","0.00464403790835277","0.00254836343604248","0.00177944410478538","0.00164899555499529","0.00358969778390622","0.00214552798660817","0.00408543811320644","0.00105428884529863","0.00265025772829808","-0.00295952753441271","0.00243504850751641","0.0035540856314873","0.00239150886005191","0.00395759390243845","-0.00117818630901922","-0.00351674477763808","-0.0141637169476372","-0.0148129755974704","-0.0982106639449194","0.127271961925265","-0.258587187609986","0.212687892209871","0.0268412843247123","-0.0523583626101782","-0.255802766156867","0.0300774552372784","-0.199067488705936","0.0842603436177392","0.0042585678117657","0.0112751304014468","0.00299030510321741","0.00988187499250692","0.00320097826857024","0.0157994845878018","-0.0341","0.00389535514938544","0.0509430486368849","0.0470066244587812","-0.0500000000000003","-0.0999999999999999","0.000982109781528351","0.00287302968495773","0.00743928409616501","0.00200995703479379","-0.0278","-0.034745454","0.0493","0.0822000000000001","0.0901000000000001","0.0156057947918846","0.00778561549229195","13.28999996","-0.00123521340639687","0.00442896602737752","19.33141","0.126800000000003","0.356200000000001","0.227399999999989","0.00174530120627238","0.000979911886348717","0.015523279409346","-0.00185873659462565","-0.000981836112257106"
"226","2016-10-01","0.000439795188189152","-0.0015200236776387","0.00494438584546408","0","0.00733371542547001","-0.0331980694095959","-0.0266682470821618","-0.0543119893537405","0","0.0000620328153786431","0","0.00435172835739728","0","0.004228336109521","0.00312989300892763","0.00536194314138516","0.00403226352793862","0.040477701178931","-0.00180668522494898","0","-0.00197824001210556","0.00416667269484616","-0.0052631700442749","0.0769610411361286","0.0190481949706944","-0.0224488315394522","-0.0341548673988958","0.00628274317949451","-0.0251143284841477","-0.0231670592815352","-0.0163848559015589","-0.021170707122967","-0.0270432921640902","-0.0916353482367107","-0.0336354577429541","-0.0136309421542844","-0.110232093051347","0.00105207795080364","-0.0327898228229913","-0.0102775827582402","0.0150832422113281","0","0.00317965291737998","0","0.0179803892098649","-0.0101750277040971","0.0190078270292604","0.0209064423521088","0.0312139145171511","0.00143249638973066","0.00176273054850199","-0.000348774715571211","0.00209468104999603","0.00357066774863407","0.00488963867152409","-0.0000544606273807254","0.00119784327448476","0.00568881427474485","0.00117046557475793","0.00317108456434029","0.00186817658267275","-0.0016412870971061","0.0157420156330979","0.0208813760523565","-0.0565369097801671","-0.0741153307761877","0.0472263134865036","-0.0587109159875059","0.0348395891617344","-0.0760965500513837","-0.0363449083722216","-0.0795294063491578","0.249513437249303","0.0255955471889635","0.177168803398298","-0.0435848799791296","-0.0523335782117771","-0.0530865886837235","-0.0464468957304036","-0.0440557431498085","-0.0638589975892604","0.0614200713820545","0","0.00725723569356873","0.0315074261284849","0.0553079897897817","-0.0699999999999998","-0.0700000000000001","0.00512434452309307","0.00627612724243676","0.0113044333570276","0.0077245450120067","0.0184","-0.00099870199999999","0.1959","0.2537","0.2988","0.00340263212819103","-0.018478325017556","17.05999947","-0.0196168374213368","-0.0544881950694229","8.93263999999999","0.293899999999994","0.154600000000002","0.2119","0.010769278443443","0.00585939176389338","0.0951597134936031","0.0220800138418591","0.00880201281809079"
"227","2016-11-01","0.00116138563205581","-0.000117020654279543","-0.000616712939682351","-0.100000000000001","-0.0221644957324383","0.0291080841580706","-0.0073983074814441","-0.023530497410194","0.100000000000009","0.00120887140242942","0","0.00534964974724073","0","0.00372184562831457","0.00312012733624378","0.00267022855587884","0.00201005092802387","-0.0251059211310771","-0.00180995524523997","0.00436681916634019","0.0039525743158233","0.00414938354681116","0","0.071458963982145","0","0.0160861377516239","0.00972454989199534","-0.00838579337627365","0.0467049610765153","0.0110988930680493","0.0098630936551718","0.0244728565187255","0.0119892444285208","0.0715341689156235","0.0169591402078266","0.0270785775680871","0.0982319490482366","0.00419727793534008","-0.00668898815079633","0.0184242673260577","-0.00299850299625604","0.00400802139753953","0.00527705710084359","0.00316957476127921","-0.00630916919326463","0.00160456787190277","-0.00629588336174969","-0.00265128364199541","-0.00852860817163759","0.00247208464164061","0.00213522647512814","0.00213330664214237","0.00468728973983013","0.0043202328478287","0.000203156284251536","0.00105014754360389","0.00246994806071513","0.00243215977484689","0.00379243909105594","0.00630039442084516","0.0023438923898617","0.00147217316419009","0.0211762654066838","0.0276466305588823","0.0420295322436477","0.0623759609331636","0.235586409951096","0.127782979713659","0.449785507788826","0.082084591896006","0.00995393251641552","0.0623450007240187","0.110395139256494","-0.139220572696684","0.114908880526521","0.0174321671686712","0.02662270821655","0.0236701023285026","0.0301919689199678","0.0523506749621925","0.00823914192316269","-0.101732210931584","0","0.010047500176718","0.0238876492304563","0.00602893063697252","-0.02","-0.0900000000000001","-0.00333097725783915","-0.00552238418744011","-0.0019238950664402","0.00270833874052379","0.000199999999999978","-0.00118311600000001","0.194","0.3038","0.2956","-0.0203048560244419","0.0000912829866681619","13.32999992","0.0336035453908705","0.0019979850312688","151.20042","0.485700000000008","-0.0888000000000062","0.1815","0.00205517589496007","0","-0.00268985363175995","0.00725297830501503","-0.00390244397693174"
"228","2016-12-01","0.0000941073137763482","-0.00339956953632026","-0.00867415599816379","0","-0.0021367529497347","0","-0.0225291130600285","0.00475060275859818","-0.100000000000009","-0.000495770468432966","0","-0.00854760578255664","0","0.00400020046559568","0.0031104224143923","0.00266311741948355","-0.00402415029972492","-0.00509771707166795","0.00180995524523997","0","0","-0.00623054975063564","-0.00529101763441542","-0.0350913198112703","-0.0190481949706944","0.0210534091978323","0.0400475011292754","0.0502927940539672","-0.0265632932617459","0.0453151962120426","0.0268978023198976","0.0238882151746962","0.0340821059778778","0.0050633019565467","0.0438666821055822","-0.0555525037469469","0.00701757265864611","0.00313643749012993","0.0404000454931079","0.0289875368732524","-0.00703167136368066","0.0119285708652734","0.00210305019677914","0.00105429635490584","-0.00953902304675935","0.00853515598774468","-0.0084563339471897","-0.00218787408233112","-0.00310459568971311","0.00307161144577266","0.00305768239049576","0.00345223204541557","0.000357285691701301","0.000652630419203152","-0.00112937195986503","0.00578867274716389","0.00199967564973183","0.016944255731519","0.00345984254095522","0.00262967367990721","0.00408217348787878","0.00168273242696392","0.0189842338590278","0.0183929952647617","0.00452786102621694","0.00137832663976134","-0.0476518601193723","-0.141226428846323","0.0159289764936004","-0.256530567346947","0.0270046610545691","0.0060577261603818","-0.0492139827814126","0.314295720969871","-0.0300523450664025","0.0965661983910504","0.0203294862027992","-0.00419664884507365","0.0261022050247316","0.0709018330290334","0.00457483040355242","0.175479513389913","0","0.00439367334137053","0.0235589876584115","0.000131614545059833","0.00999999999999979","0.02","0.00890595974439456","0.00134048659764296","0.00250861196496999","-0.0025654241326496","-0.0244","0.001649545","-0.0206000000000001","0.0518000000000001","0.0479000000000001","0.0478095683506794","0.0298424011901677","14.03999996","0.0180371110586872","0.0207415192076894","-104.40259","0.303799999999995","-0.084699999999998","0.1511","0.00510698783459104","0.0019455259054908","0.0794013137668362","0.0214485434074838","-0.00293685967331037"
"229","2017-01-01","0.000376340718235113","-0.00742533908444365","-0.00249221312795989","-0.0999999999999996","-0.0249065392143564","0.0122201113347753","-0.0101782049157562","0","0.100000000000009","0.000681621045105274","0","-0.0105616643802691","0","0.00204270291348774","0.00310077767824835","0","0.00201409937170105","-0.0137223422551012","0.00541029272824733","0.00217627942259568","0","0.00415801014866357","0.0170944333592997","0.0350913198112703","0","-0.00941922191649169","-0.002068253064059","-0.0202231361180436","0","-0.0321571116345316","-0.0203760400735105","-0.00753907717316604","-0.0158314652166807","-0.0162936394861006","-0.0371627463833919","-0.0148725664093963","-0.0110498361865847","0.00208550649102168","-0.0195264223503546","-0.00791299875732498","-0.00100857295488499","-0.00594649918772649","0.0104494158743407","0.00105318598465853","-0.0074826645226711","-0.0325726444173924","-0.00745948220316528","-0.00346290247655467","-0.010782508885729","0.00190656702505701","0.00244266136420169","0.000857966010225158","0.00450688247410681","0.0041054374751352","0.00218738575740062","0.00032374711116578","0.00153855093506833","0.00658276803706105","0.00183373381325967","0.0059279015541513","0.000655155564253534","0.00232836603650741","-0.0141718424423374","-0.0133367557418929","-0.0265838663155531","-0.0278347015559017","0.0746197865468785","0.106942511854164","0.0654467684802009","0.361831379730031","0.00541911998328004","-0.0313837340585721","0.0548478004996689","-0.164303051291276","0.021794659827421","0.00937018828758518","-0.0169141532315367","-0.0217426274355645","-0.0191895360049125","-0.0214330216201253","-0.0110311517572535","0.0235435844455227","0","0.0061765061591128","-0.0245661039171203","-0.00546926194165565","-0.0399999999999996","0","-0.00291717690471494","0.000161351494496031","0.00612180128777418","0.00764259453156413","-0.0114","0.00101452400000002","0.0274","-0.0133000000000001","-0.0115999999999998","-0.00386988770761221","0.00389233354617247","11.98999977","0.0177263145946185","0.0244621214106773","31.59532","0.289599999999993","-0.107900000000001","0.110500000000002","0.00665820735087099","0.0038797332855891","0.0590334725689799","0.0398666311441565","0.0078125397367943"
"230","2017-02-01","0.00269297172297911","0.000827765671342462","-0.016352565646514","-0.100000000000001","-0.0176995770994006","0","-0.0154642256975812","-0.0535407669280303","0.199999999999989","0.00133091930443285","0.0999999999999943","-0.00519279370162895","0","0.000194325690467956","-0.00310077767824835","-0.00266311741948355","0.00401606965488988","0.0120173120040166","0.00179694567670197","0.00217155351350762","0","0.00414079266603196","0.00779224722016636","-0.0350913198112703","-0.0392207131532816","-0.00844777991193268","0.0154086253528449","0.0010209291341079","-0.0334547164645072","-0.0220273223182907","-0.00761286982872189","0.0608153826347406","-0.00426439878645724","-0.0451520263654679","-0.030528091449697","-0.013114942077828","-0.051825067864586","0.00104112450841054","0.0158363812629014","-0.00998012275672444","0.0110387473148217","0.00396825917562094","0.0010389611324193","0.00105207795080364","0.00854706057845789","-0.0242259979922208","0.0095800433695743","0.0120365529043731","0.0120284516315774","0.00356467742758076","0.00307067975270933","0.00421359942363989","0.00418246761990135","0.00712118161149647","0.000980117593725417","0.00426789862062238","0.00193748832060486","0.00782166838657486","0.00625339666428343","0.00754796452295568","0.00461423500485548","0.00465058986929654","0.0102165901746201","0.0087615056685717","0.00989233530178346","-0.000770540534997366","0.0536503496356886","-0.0634682664677175","-0.043564057230693","-0.506001170559609","-0.00620821300568153","0.0141994178866689","-0.0227282510775559","0.217412876605225","-0.0133557911815556","0.0296091053175882","0.00710261566426418","0.00508314779161978","0.0101949908515839","-0.00512370660370198","0.011191292681609","0.0052992357906918","0","0.00810500930010072","-0.0122442490060646","0.00210033197819115","-0.02","-0.03","0.00725678772390559","0.00276741857460294","0.0128818036387326","-0.00128777951456982","-0.00519999999999998","-0.00286452400000001","-0.11","-0.1145","-0.0744","0.0243647001238312","0.0337477176791676","12.92000008","0.0365230009990398","0.0145204282776406","-82.95623","0.139600000000002","-0.09729999999999","0.0808000000000106","0.00250096071450609","-0.0019379851026784","0.00960928614764345","0.0176846714151173","-0.000973236086552198"
"231","2017-03-01","0.000312666106415449","-0.000472925050196693","0.00442898541133285","0","-0.0067189502487448","0","-0.00520834510713897","-0.0100503358535011","0","0","0","0.0186969536483321","0","0.000582750599242843","0","0.00266311741948355","0.00400000533334577","-0.00513260322651998","0.00358423322781487","0.00216684808509005","0.00393701295933901","0.00617921636595753","0.0192190412704569","-0.0363676441708747","0.0953101798043252","-0.00851975334477029","-0.0112763880679347","-0.052367985517316","-0.0292907969210656","-0.0145824232942706","-0.00109229939860889","-0.0373100269610882","-0.00535619920052532","0.00321716095177571","0","0","0.0031864073694079","0.00207900282783324","0.0451747993567011","0","-0.00400000533334577","0.00493828164058208","0","0.00314960890289662","-0.00962059798698256","0.117727094675058","-0.00851031079585329","-0.00430499051333477","-0.00357970339686986","0.0018355264214987","0.00254259315507248","0.00283920007845202","0.00422422524907042","0.00274364598134309","0.00164224789717204","-0.000497939733017166","0.00350890585029568","-0.00476040160113208","0.00271866987403466","0.00436330101626104","0.00202352289840901","0.00157525489316894","0.0123629451072951","0.0257659370529595","0.0440815481661918","0.0522228403439744","0.0492046541740088","0.0941982037084266","0.195428441130005","0.509220057459081","0.029300743548367","0.0536995291470017","-0.014472032608535","-0.0996298409488414","0.0166670524852117","-0.044223144111184","-0.0136537906670737","0.00990799218616445","-0.0158078893145159","-0.0121014472230003","-0.0114342174975736","-0.0616388958143257","0","0.00869259241218501","-0.0118357755251406","-0.0014829935689562","-0.0500000000000003","-0.0499999999999998","0.0128348444354476","0.0033068155010092","0.00938521494555289","0.0140677628231618","-0.011","-0.00110587000000001","-0.0901","-0.1118","-0.0996000000000001","0.00921022354201817","0.0106566053198254","12.36999989","-0.000389272944967267","0.019857909716452","30.00179","-0.0287000000000006","-0.0349000000000075","0.0467999999999904","0.00214629644576698","0.00387222168250911","-0.030046948247439","-0.00586020932009479","0.00485673611294946"
"232","2017-04-01","0.0017179183060243","0.00483691145346832","-0.00252844635335858","-0.0999999999999996","-0.0238783374607934","-0.0329247846964664","-0.00523561405394446","0.00503779402995708","0.100000000000009","0.00105110220825289","0","0.0113052966554674","0","-0.00038846266391257","0","-0.00266311741948355","0.00199401860686432","-0.00688470877749658","0","0.00431966114451665","0","0","-0.00636539386707646","0","-0.0370412716803492","0.0042689499195756","-0.00103145960666229","0.0348688256508236","0.0126583968719238","0.0212417153842477","0.00978800636616217","-0.00105652413420021","0.00642400496135487","-0.020552372953321","0.0159456681554264","0.0039525743158233","-0.0290499179593269","0.00414508365516841","-0.0479512935049939","0.007992050531338","0.0208237569112608","0.00687287928776215","0.00311042241439274","0.00313972000466745","0.0202027073175195","-0.296175792031983","0.0169488069371209","0.0185497189054775","0.0288069111961917","0.00222949549131549","0.00239339400417953","0.00327062244390702","-0.00140901383573291","0.000857005643855577","-0.00121746341299628","0.00581208729232262","0.0038305851979163","0.00459673224304409","0.00191880290523497","-0.00140225346377583","0.00578629760160211","-0.00177648881439834","0.0210700210579464","0.0440747630441933","-0.0274946780512071","-0.0437793746838722","0.0444393365831228","-0.16616440488918","-0.109551494210987","-0.323487805581523","0.0244848376514373","-0.049053760047828","0.0918586962239551","-0.449267730766557","0.0389027986695991","-0.109927535716075","0.0214751188889055","0.0287956943287281","0.0214177637801948","0.000809567133771338","0.0243211988034897","0.0138597021259614","0","0.00473859198500648","-0.0179146380700139","-0.0144302648290289","-0.0600000000000001","-0.02","0.0042664776574135","0.00335889250145804","0.00589195095539807","0.010309998213037","-0.011","0.00181087000000002","-0.063","-0.1151","-0.1206","-0.00691861788452997","0.0333612846703719","10.81999969","0.0090501322804597","0.0167558908535677","-17.85045","-0.0035000000000025","-0.0309999999999917","0.00249999999999773","0.000256210910104402","0.00193050253005822","-0.036665558100187","0.0100251466193795","0.00386847677792002"
"233","2017-05-01","0.00171497212329719","0.00152878256387901","0.00126502230658598","0","0.00802296567099958","-0.0126317469059005","-0.0212209554828853","-0.0101010959865038","0.200000000000003","0.00240718568232978","0.200000000000003","0.00441112316497616","0","0.00513492384403058","0.00310077767824835","0.00266311741948355","0.00199005040801037","0","0.00178731057409554","0","0.00782782862024689","0.00409836639228267","-0.00127795544549159","0","0","0.00425080342519468","0.0204297197319461","0.0123840591997215","0.0238229805944963","0.0077135368677812","-0.00869570696755328","0.0291687345906571","0.00638300039503559","0.00327332534496882","0.00563381771825622","-0.000657678418970242","0.0130153681120699","0.00206611643747223","0.0156325022498267","-0.0416515258826307","-0.00788181420225342","-0.0167739502704736","0.00516263407880668","0.00521105921275211","-0.0105821093305369","0.110793641230811","-0.0158811676635233","-0.00985830353072537","-0.0233358128213244","0.00196589704661087","0.00254769778714853","0.00316657115901285","0.00431488289185058","0.0040647656078804","0.00191603386805539","0.00132031910981338","0.00316166168291076","-0.0065533655743321","0.00390819958752179","0.00265996381583061","0.00280734744746117","0.00490292445236066","-0.0145492208779014","-0.0345104323688528","0.0146329291787026","0.0186382522010611","0.149531733970964","0.0783030490978458","0.301071039990738","0.25877072895736","-0.0542242354157256","-0.0226572192064136","-0.118448150413194","0.185632818097611","-0.0572519373377958","0.0289204655428676","0.00556776412520943","0.0331196287522516","-0.00868312257346082","0.0396758447031251","0.0219668789897047","-0.0385862365942513","0","0.00691356814319377","0.012249627934823","-0.0197677441836728","-0.0600000000000001","0.14","0.0027742545678251","0.00282635833850442","-0.00137108722489465","-0.00178542463783593","-0.024","0.001283333","0.0118","0.0386","0.0566","0.0380286600617126","0.0180262756609189","10.40999985","0.0115097592543334","0.0446094391127656","-51.62922","0.223800000000011","-0.0861000000000018","0.00610000000000355","-0.00127735660982403","-0.00774447239547804","-0.0717961050111696","-0.00834729387676347","0.000964785410099367"
"234","2017-06-01","0.00211627117448998","0.0051570672194341","0.00692916158245005","-0.0999999999999996","-0.0455420204469164","0.0126317469059005","0.0238421889627594","0.0495150645273803","0.199999999999989","0.00117063566555409","0.0999999999999943","0.00226102344785062","0","-0.00164418045647441","-0.00310077767824835","-0.00266311741948355","0.00989127747874274","0.0120173120040166","0.00178412179350129","0.0021528533611006","-0.00390625496706498","0.00814668456781753","0.00382897723709696","0.0363676441708747","-0.0384662808277962","0","0.00302877566216075","0.0332859776334669","-0.00410256985677826","0.0120023262966358","0.00109110758233477","-0.0397958271649426","0.00211864486028546","0.0043478329361033","0.00448431244732905","-0.00461590005196655","0.00751479650248665","0","0.0171872163862581","0.00826450984989346","0.000988630826939563","0.00595239852729534","-0.00309438101474768","-0.00104004169541394","0.00212539931231337","0.0287145537912883","0.00955874542284896","0.00137905005549044","0.0217123927378449","0.000798551239834416","0.00176528282648448","0.00132699531846291","-0.00157291020086393","-0.00085527632275654","-0.00171344306746054","0.00271103667439021","0.00288354467586062","-0.00270470607820685","0.00252646263940947","0.000635999872037465","0.00402980501540938","0.00136632459214356","0.0103705827217482","-0.00684625380184478","0.034501910075587","0.048098457702066","-0.0765374020702723","0.0108736120290018","-0.14239034109173","0.0169975763685715","0.0167076632714416","0.0817735736902829","0.107752861296445","-0.00414079266603196","0.0683192439774771","0.0124647506199871","-0.019999708231679","-0.0318862570867825","-0.0253704243322012","-0.0213688402888081","-0.00932190390566798","-0.0819486223848993","0","0.00450465818266643","0.0143249352733186","-0.00558064390520308","-0.0399999999999998","-0.01","0.00303123592611954","0.00273158513460992","0.00318933246596131","0.000657158074483633","-0.0163","-0.000560606000000019","0.00169999999999998","-0.0328999999999999","-0.0354999999999999","-0.028062077408368","-0.0321554766507557","11.18000031","0.00480222592410762","-0.0376847280470791","76.8005","0.308700000000002","-0.169200000000004","-0.00959999999999184","0.00100565095679707","0.00194174818291071","-0.0357302984572695","-0.00588484254024468","0.00481001408378479"
"235","2017-07-01","-0.000964215250204958","0.000817995955630479","0.000627549440111785","0","0.00476758948347289","-0.0427415483772711","0","0.0191393402106979","-0.199999999999989","-0.00154059497425152","-0.199999999999989","0.000376340718234225","0","-0.00242283396127618","-0.0031104224143923","-0.00267022855587884","-0.00790517950711322","0.00680274732275254","-0.00178412179350129","0","0.00195503483580328","-0.00814668456781753","0.0113997434647279","0.0689928714869517","0","0.00423281055262059","0.0189721117355983","-0.0498323737478756","-0.0144930073025664","-0.026375155254394","0.00108991836402517","0.0489936436695739","0.00211416569233513","0","-0.0169208774883369","-0.116214537377991","-0.00107009105984446","0.00206185640055878","0.00268696982082517","0.0173385271622735","0.00296004162847652","0.00788181420225342","-0.002068253064059","0.00311688564025303","0.00212089156913819","-0.0349870410161177","-0.00105747722930705","0.00373255613174273","0.00133466000065319","0.00211837366005562","0.00197238721985387","0.00133864236445876","0.00203968417046916","0.00336345199682777","0.00316038245174128","0.00127776976848017","0.00290030065838087","0.000835258463883588","0.00361537032323003","0.00183579771588377","0.00398516810175214","0.00112593163394137","0.0157516979579082","-0.000435737156838201","-0.0216401612030825","-0.0293973612651683","-0.0610376677180593","0.056303553103465","-0.0506563111186713","0.023870131392532","0.0545757851332453","-0.0297463198218662","-0.0162605208717803","-0.132938800014588","-0.0303295394347343","-0.0508192483962127","-0.000414781673120146","-0.0317240842582488","-0.0107565840524381","0.0279549713372047","0.0140274319309001","0.0444986433576897","0","0.00531160964067645","0.0436302477390047","0.0487748737664528","-0.02","-0.0700000000000001","-0.000964743707864812","-0.00231721555388553","0.00213737927953694","-0.00138096389683362","-0.00129999999999997","0.00029394000000002","0.1623","0.1867","0.1666","0.0109389612804609","0.022541125758714","10.26000023","0.0191640176618098","0.023425744038434","-92.97495","0.162099999999995","-0.0635000000000048","-0.0348000000000042","0.00103561048893522","0.0019379851026784","0.0126936304944312","0.0158932663670841","0.00287494208559913"
"236","2017-08-01","-0.00130784100350567","0.000817327385099986","-0.00503145715536757","-0.100000000000001","-0.0228512649167687","-0.0584435958700746","0.0232869513787906","0.00943403223335881","-0.100000000000009","-0.00212992625782427","-0.100000000000009","0.000501567408634607","0","-0.00593646821516902","-0.00312012733624378","-0.00267737777071675","0.00593473551981472","0.0084388686458654","0.00711746776886457","0.00429185208154159","0.0116506172199751","0.00408163831964803","0.00627748451913845","0","0","0.00210970542384992","-0.0179645549752987","0.0124353934078867","-0.00208768343048416","0.026375155254394","0.00217627942259568","0.00203252102492257","0.00316289140850845","-0.027489361497798","0.030254408357802","0.0771260031952288","-0.0282320596275492","0.00102933616911383","0.00535237673859257","-0.00608521147554608","0.00882791412356543","0.0029397375409248","-0.00311042241439274","0.00207253960197296","0.00948873750870138","-0.0922579118034594","0.0115730594712442","0.0102868146140818","0.0108266264999148","0.00330326466736662","0.00264913571250402","0.00220594805342819","0.00298694579264503","0.00359776840536048","-0.00198917407428056","0.00253693669806422","0.00249125097543693","0.00441517138670576","0.00426200727481345","0.00369590467085059","0.00289635285897654","0.00277806854441745","0.00320470998485156","-0.00655894448699179","-0.0034000338757032","-0.00240193221222817","-0.117377931336483","-0.0529446248014516","-0.156275537198921","-0.180458236257032","-0.0218917503056417","-0.0288551678724094","0.048009219186361","0.157530203151911","0.0256013982387877","0.0807715706795635","-0.0190242354144248","-0.00998607823550918","-0.0275910559859998","-0.02672201792035","-0.00300589844426591","0.0643064397533246","0","0.00594818212157833","-0.042227194878512","-0.0253812871267449","-0.01","0.02","0.0114536011002198","0.00967207564683648","0.0123986034994648","0.00811780971748988","-0.0119","0.000787877999999992","-0.121","-0.1472","-0.1324","0.00659675640729596","0.00113680300047392","10.59000015","0.000546283571041251","-0.00824015209292472","-31.70658","-0.156599999999997","-0.0606999999999971","-0.065100000000001","0.00517809268259286","0.00193423657983072","0.0568851674783815","0.00908721660135736","0.00572520647803998"
"237","2017-09-01","0.00093434664826475","-0.0010509722459755","0.0081633106391612","0","0.010889399799269","-0.00464037955650287","-0.0391184165954712","-0.038282186571017","0","0.000803113652853682","0","0.00350394551968503","0","0.000390358158562698","-0.00312989300892763","-0.00268456537066841","0.00393701295933901","0.0133557911815556","0.00177147964838209","0.00213903824874961","-0.00775197680431727","0.0040650462481695","0.0124379712922167","0.0327898228229908","0.0571584138399488","0.0198232886666494","0.0404593910232016","0.0531453373081279","0.00625002034517141","0.0140013057320933","0.016172859245601","0.0504807816473392","0.0208340869028421","0.0307378754536298","0.00110314407215739","-0.0307072277527789","0.0378219040321639","0.00308166653740827","0.0536925491040341","0.00810541418282185","-0.00489477237672808","0.00876771325331038","0.00724265969930293","0.00103466124077567","-0.00210084110881237","0.1489458951737","-0.00314251979932845","0.00376675268578808","-0.0172357563518872","0.00248538646265923","0.00245240934732432","0.0026257000332385","0.00549062894742494","-0.000740190113205435","-0.00352265805160365","0.00182981487073985","0.00173586948846828","0.00558307797796418","0.00233489016815401","0.00628896564605657","0.000772789053860705","0.000879855171442927","0.0119572498177067","0.0407342506513029","0.00333214636528112","0.00794473722187128","0.0213381499433094","0.0481626505289423","0.0476834514186653","0.147558698145105","0.0114600158042073","0.0438697196959001","-0.0263867551731947","-0.0122201113347753","0.00629923342798744","-0.0154188076671833","0.0217805468411081","0.00171201509257035","0.0191341577626127","0.0367570784885736","0.0280851063173598","0.0825688996700689","0","0.00716961441487918","0.0104566948747902","-0.00956025921661485","-0.0600000000000001","-0.03","0.00565938029463098","0.00261783504721436","0.00536572846848138","0.0111542300921972","0.0279","-0.000811688000000005","0.1592","0.1195","0.0753999999999999","-0.00568521952304657","0.00358891718036425","9.510000229","0.0191190393239795","0.029409554133446","56.05776","-0.236200000000011","-0.0121999999999929","-0.0926999999999936","0.00460505826929809","0.00578036291549999","0.0423346353582312","0.00982004618097498","-0.0019047624806543"
"238","2017-10-01","0.00363563317041837","0.00151771671185763","-0.0195775119236012","0","0","0.0365337433324564","0.018445845790751","-0.0147422817372034","0.299999999999997","0.00397516817007038","0.299999999999997","0.00448710711733469","0.0999999999999996","0.00350638325549468","0","0","0","0.00331126130365611","0.00176834705674178","0","0.00581960905326362","-0.002030457550382","0.0122851667945785","-0.101782694309942","0.0540672212702757","0.00412371718386151","0.00770716724493781","-0.0562397183228756","0.00103788281241979","-0.00751479650248665","0.0116960397631907","0.00769234562315635","0.00923557103308159","0.0371395469494562","0.00987391455899367","-0.0193208156751989","0.0374653598970527","0","-0.0501401474996666","-0.00404449489650638","0.00489477237672808","-0.0068126784175071","0.00719058054535449","-0.00207039411430809","0.0052438505060115","-0.0558930613072093","0.0041878356836671","0.00525975909322263","0.010374215691451","0.00142928419862854","0.00203112418473135","0.000865123576777331","0.00273579043239676","0.00522760348247117","0.00648063998302148","0.000310307754646446","0.00156718859139152","0.00397344657975045","0.00227480474128152","0.00303302109999018","0.00290287045837591","0.00238543154405393","-0.0246610839683186","-0.02049037386438","-0.0242569397606189","-0.0342893481493132","-0.0243804400902334","-0.0575478716256335","-0.00227402030910895","-0.197400663621075","0.03799412073338","-0.0488363503459173","0.0393235462039137","0.0480092191863601","-0.00788026142530551","-0.0419324888042825","0.00149195364016386","0.0159993716461803","0.00365859507724618","0.00946230393535874","-0.00957738929674073","0.0239321645412103","0","0.0066284270477599","0.0159342684770003","-0.0162061346475006","0.14","0.15","-0.00159190349362959","0.000684797731448583","0.00503986494240749","0.00171873822821134","0.0728","-0.00137013","0.1619","0.138","0.0956000000000001","0.0166026183464751","0.0176102220009824","10.18000031","0.0219455602903045","0.00600782526486476","21.46721","-0.0867999999999967","0.039599999999993","-0.138600000000011","0.00334432445168882","-0.000961076479550904","-0.00634792741625998","0.00891777292205465","0"
"239","2017-11-01","-0.00189385175902324","-0.00315476104377588","-0.0219222189831516","0.100000000000001","0.0284716740813113","0.0734671518818724","-0.0399520510117144","-0.0352681388374583","-0.199999999999989","-0.00107697288745534","-0.0999999999999943","0.00916074740054196","0","-0.0015568748887631","0","0","0.00196270916784869","-0.00829880281469553","0.00176522552456859","0.00426439878645724","-0.00193610902686636","0.00405680069561498","0.00243902559935805","-0.0741079721537217","0.0344861760711694","0.0041067819526539","-0.0154741965825975","0","0.00414079266603196","0.0192108362656773","0.00842110239640892","0.0227282510775559","0.00204081703485315","0.00312012733624378","0.0247991145341322","-0.0541876524139155","-0.00306905611741737","0.00102511541524564","-0.00711746776886457","0.0190673112262028","-0.000977039647826139","0.00487093023459639","-0.00822204015201677","0.00413651055178033","0.00104547840155256","-0.000519513785918413","0.00104515370668423","0.00543949514915454","0.00440762444224418","0.00335631507695796","0.00289327842468299","0.00280256056954869","0.00350277828569779","0.00107139511174678","0.00116440760607025","0.00276951452445843","0.00107613588622705","0.00679764581444873","0.00303225358825894","0.004031706090958","0.00305070549657115","0.00128633956607721","-0.00941145742545935","-0.00321293398399547","0.0172397256748731","0.0211883606931611","-0.0181403898345991","0.0476842751985558","-0.0247779890293716","0.176781376418339","-0.0483689492363002","-0.010269166027463","-0.0527826995779188","-0.0039138993211365","-0.0453151962120426","0.0296486939221303","0.0038954356961689","0.0148000553108537","0.00284621734435093","0.000699772015602562","0.0016656575625702","0.0865620788292665","0.2386","0.00646421542881193","0.0364593930913397","0.00795345112961066","0","0.0600000000000001","0.00299910499722067","0.00195392397551153","-0.000207361253847793","0.000812529778503546","0.1367","0.2383","-0.0173","-0.0516999999999999","-0.0677000000000001","-0.0205735144865464","-0.0136883431171544","11.27999973","0.0276955409084119","-0.00114157857590058","2.47973999999999","0.139400000000009","0.0147999999999939","-0.164999999999992","0.00580920544148457","0.00192123017789392","0.0443834057244177","0.00483092726966561","-0.000953743515309746"
"240","2017-12-01","0.00266898550839834","0.00023402761632596","0.00973085848966715","0","-0.018890762469554","0.0287494132859862","-0.0109290705321907","-0.0365575957337976","0.199999999999989","0.00150743748838877","0.0999999999999943","0.0152861429548263","0","0.0074703233651654","0.00625002034517141","0.00268456537066841","0.0039138993211365","0.00498754151103942","0.00527705710084447","0.00424629088145068","0.00193610902686636","0.00404040953700502","0.00121728560375178","-0.0800427076735364","-0.0344861760711694","-0.00205128277055788","0.0335441128832681","0.0375107332165987","-0.0584962066816086","0.00946877142885238","0.00104766903244347","0.0304311172025393","0.0131647470912108","-0.234106856111479","0","0.00911168035125609","-0.297290931558418","0.00204708362172479","0.00356506616449703","-0.00498257134446423","-0.00489956884115905","-0.00291971010333469","-0.0176995770994006","0.0092450581440513","0.00104438651790595","-0.0116670521472351","0.00208518121276313","0.00220808338074896","0.000470279673290719","0.00208827974819475","0.00205636629169429","0.0025513662910476","0.00248798892540937","0.00197514810115395","-0.00108581173164547","0.00235049629521511","0.00097883107518495","0.00999084315735958","0.00564923227428468","0.00500797518402184","0.00422484466348026","0.00479586127003215","0.000268089328969268","-0.0132584973576151","-0.0200956266146672","-0.0360884627290439","-0.0620800707882001","0.00643384572306971","-0.0688261909298529","-0.147517634599263","0.000750594255663373","-0.0626109795478893","0.0706175672139535","0.0308904870193389","0.0547640854099747","-0.0366173632382232","0.00812040855811968","0.0138833925942756","0.00628626621892157","0.0152492617787434","0.0137487609537164","0.0261267615095955","0.0114","0.00665268728374002","-0.0756776374547528","-0.0551685145770193","0.0299999999999998","-0.04","0.00399602400946009","0.00045793872096489","-0.00000606801639690957","-0.00270321949304275","0.000500000000000056","0.012643062","-0.0144","-0.0518000000000001","-0.0678000000000001","0.0455474753110394","0.0380289471374269","11.03999996","0.00978361446429155","0.0225870479851258","-56.32029","0.0495999999999981","0.0193000000000012","-0.162999999999997","0.00448832903832595","0","0.0310821465849382","0.0024067400305654","0"
"241","2018-01-01","0.000650648347534144","0.0050183918122837","0.00643502864090806","-0.100000000000001","0","-0.0844383191465745","-0.0335226920386438","-0.0215062052209634","0","0.0000307403821064867","0","0.0107430570318225","0","-0.00280695146308396","-0.00312012733624378","-0.00268456537066841","-0.0039138993211365","0.00496278934212846","0.00175284882741433","0.0021164029063776","0.00386100865745931","-0.006066752682238","-0.00855228181531675","-0.0870113769896297","0.0173917427118688","0.0132587357909468","0.0195993207924445","0.0380719479494083","0.0470675108579854","0.00834207131739539","-0.00314630568936458","0.025998774983707","0.00701757265864611","0.243409248773792","-0.00106553020203837","-0.0400978929255018","0.3155655518019","-0.00307219903697042","0.00973889946186635","-0.0140847398817385","-0.0118578464507832","-0.0097943975922874","0.0104494158743407","-0.00615386557437869","-0.00838579337627365","0.0307333117948954","-0.00941961980470207","-0.000377050956574365","0.0041015546523262","0.00106516348493899","0.00233449514892989","0.00175213942066081","0.0025920949269189","-0.000413215647158412","0.00108137901232193","0.00193065867552563","0.000996016114149068","0.00318648565478901","0.000336555724140639","0.00210087920115917","0.00110471806606858","0.00257971846705518","0.017255858137748","0.0196411107543923","0.0375639855758205","0.0537615870180517","-0.0581104525374245","-0.0227019246882456","0.0301654143317265","0.0509914379682943","0.0387556677227909","0.138145851328655","-0.08426034361774","0.0299647887019363","-0.0614086281286434","0.0332408828216169","0.00759379114143233","0.00384840125108088","0.0000882573585145457","0.0122731294498175","0.0315807988300104","0.0706175672139535","0","0.00168497682334845","0.0247957393366569","0.0552445376576642","-0.0899999999999999","-0.03","0.00534790230320681","0.00478725279907799","0.008751322119954","0.0125060070421643","0.00349999999999995","0.00120693799999999","0.1405","0.115","0.0602","-0.020135824653444","-0.0235647879132621","13.53999996","0.0546573986599865","0.0367265219308561","23.04297","-0.289400000000001","0.0698000000000008","-0.151900000000012","0.000785603986570018","0.00287494208559913","0.0289089250182517","0.00956945101615059","0.0019065782705816"
"242","2018-02-01","0.00241299421025687","0.00162847540931921","0.018430772749304","0","0","-0.031322471129041","0.0169018108026036","0.0529224014543423","0.200000000000003","0.00239484302361959","0.100000000000009","0.0118160949887391","0","0.000193836015338178","-0.00312989300892763","-0.00269179166571165","0.0058651194523982","-0.00330578813449911","0.00349650705872939","0.00421941554270866","0.00192492840958458","0.00808085205393905","-0.00122774723832286","0","-0.0173917427118688","0.00706716722309242","-0.00742118433761707","-0.0173917427118697","0.0288382497191346","0.0144332402446574","0.00104986886283687","-0.0223722977545329","0.00299252093645475","-0.00619197024792051","0.024224459964068","-0.0287330221273763","-0.0131647470912108","0","-0.0213721402758731","-0.00609757986811843","0","-0.00493340911795581","0.0123968529768286","-0.00412371718386151","0.00420168685370026","-0.00927569711437393","0.00419755928778365","0.00492485072992288","-0.00918548433787336","0.00153570353001028","0.00174428721349288","0.00129027523289726","0.00115353155659553","0.00177244311506941","0.00108471613296325","0.00162538515229022","0.000515230687498397","0.0020275944665889","0.00308004316248951","0.00430554743285124","0.00162823627528796","0.002625299688702","-0.00105442605063111","-0.0324646188535151","-0.0501465204687488","-0.0839634921401196","-0.0763174414329137","-0.0497160847353459","-0.0599804994109121","-0.159262512044859","-0.0210721793277298","-0.160724619540707","0.0664254759817053","-0.409161969989491","0.0376168635713068","-0.0664192815189359","0.00130896673545955","0.0225000141090433","-0.00176662884918549","-0.0174618810949729","0.00928297962552144","-0.0559669851762141","0","0.00846792696287402","-0.0390504109729388","-0.042789684591213","0.01","-0.05","0.0000689241466673707","0.000840091539229704","0.000975042423688066","-0.00358414740424173","0.0242","0.000287272999999977","0.2214","0.2103","0.1284","-0.0384441613670727","-0.0278648775268113","19.85000038","-0.0397261077880096","-0.0693582029954944","-61.27233","-0.697100000000006","0.1126","-0.134199999999993","0.000048676472408197","0.00191204647162557","-0.0284584671567458","-0.000793965901176641","0.00190295014608655"
"243","2018-03-01","0.00138946805736317","0.00440682610425824","-0.0120368890740483","0","-0.00597730410845898","-0.0323353806429365","0.0329700192375695","0.0404095383378769","0","0.000551842554932236","0.0999999999999943","0.0139038412798911","0.1","-0.00223138583975224","-0.00313972000466789","-0.0054054185669079","0","0.0229142595228753","0.00174367960482691","0.00210305019677914","0","0.0100100935951","-0.00246002584086202","0.0444517625708336","0.0512932943875501","-0.00403226352793862","-0.00279720462106159","0.0067994433889238","-0.012257558986084","-0.00410256985677826","0.00104876779408425","0.045985113241823","-0.000996512289739293","-0.0564279536175496","-0.00835950531608987","0.0535983280627672","-0.0663750689448728","0.004094171532663","-0.0209193622237418","-0.012307847674597","-0.0170430190369721","-0.0159524818618788","0.00409836639228267","0.00823049913651541","-0.0169137224420624","0.0154862760691099","-0.013705807595807","-0.0144693254806931","-0.00255552808261328","0.000804153382179615","0.00105725846337625","0.001178604997438","0.000290650606116568","0.00223755086655148","-0.00234947215824969","0.00142727767056929","-0.000940112634723123","-0.00660130117834647","0.000248470975429558","-0.000734765326688881","0.00128305468516742","0.00142721588045688","0.0178621298503625","0.0266126854028581","0.064752622470122","0.0849036069033531","0.0960651817276936","0.191676009109042","-0.0373936646142647","-0.0357588498415309","0.0350884954352093","0.121625052429126","-0.176681962251738","0.236388778064231","-0.09595244058427","0.0024067400305654","0.00258861955552003","0.0281645544753819","0.00150183340211997","-0.0164774026612733","0.000644445262359628","0.0106594583227828","0","0.00384351880157574","-0.000244192294504231","0.000983377823187581","0.03","0.04","-0.00443835078042909","-0.00495020117464584","-0.0125992399917703","-0.00706931319374959","0.0777000000000001","0.000299523999999995","-0.0212000000000001","-0.0953999999999999","-0.1386","-0.0222057441105541","-0.0115870272650316","19.96999931","-0.0272524973918795","0.00230486509725658","40.41246","-0.575699999999998","0.0998000000000019","-0.115000000000009","0.00195026593071485","0.00381316000641441","-0.0000983169485245291","0.018103603436268","0.00189933580365231"
"244","2018-04-01","0.000123414890163431","-0.0102350277050238","-0.00767758089903392","-0.0999999999999996","-0.0157102929063191","0.0458796057506934","-0.0163491380015293","-0.0507723253734236","0.100000000000009","0.000398363649988909","0","0.0134823055706015","0","0.002812668553271","0.00313972000466789","0.00270636159774273","0.00389105549296698","-0.0130295002903331","0","0","0.00192123017789392","-0.0080000426670761","0.00858374369139181","0","-0.0168071183163807","-0.0050633019565467","-0.0226638595772117","-0.0146272720091707","-0.00411947029523851","0.00205338881184236","-0.00104876779408425","-0.0253842951356722","-0.0070035303773377","0.0989875680363452","0.00835950531608987","-0.0185907755460022","0.114145345213559","-0.00102197249569258","0.00275355841718206","-0.0010325246141889","0.00403633242246038","0.00200803280324546","-0.00409836639228267","-0.00102511541524564","0.0158649546479781","-0.0299738228948634","0.0147522173089394","0.0114043087273057","0.0058131829607575","0.00112874960752643","0.00157511335326671","0.00124694891485173","0.000383509780238633","0.00214905678673965","0.00163451138389119","0.00069925229886352","-0.00108123094277322","0.00377813094308236","0.00171679015083786","0.00238690946963766","0.00109324055559304","0.00292062265158462","-0.0122862983192586","-0.0163137936408742","-0.0111353608598161","-0.0181586120180306","0.194539353327311","-0.132631498519061","0.322335346860711","0.184771432302044","-0.0730682719314686","-0.035912804494016","0.181810178618658","-0.0633696139325899","0.0830281896033345","-0.0181933459612056","0.0130822647630433","-0.00872348913075471","0.0130674957471673","0.0239292361104715","0.00805622294704289","0.0882350045036215","0","0.00611343275539333","0.00756660855728697","0.00356060922293722","-0.0100000000000002","0.19","0.00194295853169102","0.0019045350914908","-0.00111426570556006","0.000953145558169055","0.134","-0.00201452399999996","0.0138","0.00279999999999991","0.00560000000000005","0.0582350055584033","0.0414998370128625","15.93000031","0.00271508594773096","0.0422598092898827","-25.39162","0.0224000000000046","0.0471000000000004","-0.10217999999999","0.00398062538007212","-0.00095192772538244","0.0424056400222606","-0.00234283590177231","-0.00189933580365231"
"245","2018-05-01","-0.000308565788673221","-0.00152091284070721","0.00320615856563311","-0.100000000000001","-0.0296684306622126","-0.0553136379840522","-0.0278569545029663","0","-0.100000000000009","-0.00211620817808189","-0.200000000000003","0.01591970859924","0.1","0.00106480819315014","0","0.00269905696916517","0.00193986481782638","0","-0.00349040493976904","0.004192878260036","0","0.00400802139753864","0.0121360712822254","0.122602322092332","0.0168071183163807","-0.00610999864157868","-0.00670821873511862","-0.000982801061907956","-0.0432328791045657","0.016277063332141","0.00104876779408425","-0.0306054490760781","0.00200601872686601","-0.0210534091978323","0.0226347111768739","-0.0229349712824956","-0.0325954782494513","0.00306278953054573","0.00457248167489066","-0.00517867547845174","0.0169749457901327","0.007992050531338","0","0.004094171532663","0.0197409008062364","0.0262981100743032","0.0196792666131733","0.0245907050596408","0.0194979258711623","0.0027944997287366","0.0021026365063575","0.00213463678150046","0.0021869762245461","0.00255630075272897","0.0017644394566213","0.00395843970408479","-0.00133817177712152","0.0148908750327499","0.00351415725108736","0.00338460239283011","0.00356938992499434","0.00117581126086941","-0.00359091971736092","0.00255823486767603","-0.0110914955845605","-0.0135597747238929","-0.0376968818343411","0.0553125970585029","-0.0450682854017055","-0.195674967116148","0.0248710517462047","-0.0181859133352624","-0.0498137057122197","0.0807613566444587","-0.0246926125903713","0.0776861057439566","-0.0181702626921068","-0.0337110573423117","-0.00699486982493311","-0.0269964338904192","-0.0453203689643347","0.0653529169269316","0","0.00560480004459052","0.0580530284010727","0.0269616917547761","0.0500000000000003","0.02","0.0142392373679794","0.00855974018910999","0.0139934292432731","0.00668918292325316","-0.1148","-0.00883309500000001","-0.054","-0.00919999999999987","0.0161","0.0226408169692753","0.0272899047090363","15.43000031","0.0213781912914328","-0.00608749040135415","74.33151","0.224800000000002","0.121400000000008","-0.113810000000001","0.00702627556434159","-0.0019065782705816","0.0732539139619439","0.000781555334819828","0.00189933580365231"
"246","2018-06-01","0.000617036393871118","-0.000117089163531148","-0.0206993160131503","0","-0.00251256413588319","-0.0191393402106979","0.00563381771825622","-0.0210534091978323","-0.0999999999999943","-0.000337780783485897","-0.0999999999999943","0.00147601502812034","0","0.00154679071829822","0","0","0.00579711768432567","0.00816331063916031","0.00349040493976904","0.00208986491945851","0.00383142231155631","0.00598207167754783","0.0119905513319107","0.037740327982847","0","0.0222231367847101","0.00766287274556898","-0.00295421189743106","0.0328593420972378","0.0209693155174229","0.0238229805944963","0.00546947580453594","0.0188591197370958","0.0494171687960456","0.0280860988733052","0.0445908833278743","0.0547011357130573","0","-0.0147061473896954","0.0123840591997215","-0.00595830958363042","-0.00199203253124036","0.00102616735531225","0","-0.00309119256967261","-0.0197445081365339","-0.00411036321064628","-0.00255007164457233","-0.0111433244923855","0.000740626528912012","0.00158287785384754","0.000318733617805479","-0.000573521639490642","-0.000222310357917058","0.00212571771835095","0.00193895600169849","-0.00225550600213154","0.00518838573604715","0.00311981585110005","0.00231772153546447","0.00302109585957475","0.00235385944795139","0.0263749649271556","0.0511470455440417","-0.00237223914962748","0.00176860411208679","0.0348688256508236","-0.119541664379586","-0.0724726488129912","0.166270692535362","0.0338600570388579","0.0550431535991489","0.0849932128333926","0.0422003544903768","0.0692150690214728","0.0377822716525049","-0.00350914428446458","0.00673054572882692","-0.00166849654514256","-0.00984427208605165","-0.012786654940585","-0.0340897060165535","0","0.0049836852862466","-0.00970617372895788","0.01199834038764","-0.0300000000000002","0","0.00437473355665396","-0.0000986511771063903","-0.000760429560894949","-0.00102888525266387","-0.005","-0.00220952400000002","-0.0666999999999999","-0.0787","-0.0689","-0.00473626927150761","-0.000734250078631149","16.09000015","0.0048307491443218","-0.0353094170508244","8.69583","0.355699999999999","0.0407999999999902","-0.176500000000004","0.00477277084591121","0.0019065782705816","0.0240998713636732","0.0193429628431314","0.00661940951267503"
"247","2018-07-01","0.000123361603856509","-0.00316660089855958","-0.00524247596484972","0","0.00626961301359508","0.00481928643594909","-0.00281294137661448","0.0416726964005676","0.0999999999999943","0.000767518650004462","0.0999999999999943","0.0121787702862779","0","0.00568320173407155","0.00625002034517141","0.00537635703638006","0.0038461585874785","-0.00652530863492196","0.00174064447778388","0.00416667269484616","0.00951481964133816","0.00396825917562094","0.00475625153464954","0.071458963982145","0.0165293019512109","-0.0140847398817385","-0.0173247836573056","-0.0290165429790399","-0.0178858003070754","-0.0290747297002447","0.00510465631168255","-0.0137301928119022","-0.0138616080866241","-0.0876252236349409","-0.0280860988733052","-0.0526230550251388","-0.106205824245778","0.0010188487891023","-0.017749181504283","0.00613498856751615","0.00595830958363042","0.00298656269774877","0.0051151006667709","-0.00102197249569258","0.0092450581440513","-0.000184377996902185","0.0112649072917774","0.00770413956071003","0.00853559779472945","0.00202768432875659","0.00206060533247297","0.0009879455549175","0.00201332279755293","-0.00263351719856515","-0.00242427856248094","0.00213360026963495","-0.00181345311194167","0.00321397436545607","0.00188296797763964","-0.00122298162807927","0.00393657660100497","0.000271400250730965","-0.0000341833595438601","-0.00769555213484097","0.00335337768727051","0.00764402511553897","0.0950269338032808","0.0889896170017348","0.259931275306426","0.0351827818317298","0.023390560941122","-0.0088496152769828","0.0147061473896954","0.0244910200082957","-0.00155642054765792","-0.00437159166149659","-0.00361813835052782","-0.00852147026655525","-0.00962607335824331","0.00364131291524838","-0.0089957895829107","-0.00201816415623757","0","0.00236205418176283","-0.0305378576822815","-0.0148624805633553","0.0100000000000002","0.01","-0.000686479542673979","-0.0000716757624914521","-0.000307376199934595","0.00205335167496656","0.1075","0.00387943699999999","-0.0121","-0.0490000000000002","-0.0629","0.012077421080253","0.00224894012208132","12.82999992","0.0353879507843073","0.00944353370580275","-24.93979","0.233499999999992","0.0798000000000059","-0.254809999999992","-0.00321981921534209","0.00190295014608655","-0.00524027485624315","0.00229621226035004","0.00188323972796489"
"248","2018-08-01","0.00064739886654408","-0.00117536449826439","-0.00659198168215358","0.100000000000001","-0.00501254182354405","0.0284379353205333","0.0359651486935153","0.0448953199078916","0","0.000674929464816287","0","0.013249651049156","0","0.00153565631484032","0.0031104224143923","0","0.00383142231155631","0.0162341227618832","0","0.00414938354681116","0.00754720563538314","0.00592301830312181","0.00118553659410203","-0.109199291964992","0.0162605208717803","0","-0.00681931527205482","-0.00610999864157868","0.0220481372217627","-0.00101781179270066","-0.0081800047119307","0","-0.00600001800009764","0.0750098210048664","0","0.0472528848505451","0.0860419149650822","0.00305033281762324","-0.00188679301257633","-0.0154086253528449","0.000989609185165996","-0.00498257134446423","0.00407332538763505","0.00408163831964803","0.00306278953054573","0.0353227270733507","0.00507884314754659","0.00467846334380617","0.0153224129768255","0.00425784233989711","0.00251855313565353","0.00393282668712858","0.00484244591869621","0.00427773210545352","-0.0000650183815959523","0.00425693623400267","-0.000499198370526668","0.00755658749270756","0.00661699318554846","0.00489813016182615","0.00320443339549966","0.00609584672033915","-0.014235912222313","-0.0404304444866899","0.0202852143966048","0.0231511058011495","-0.0106149864031657","0.087539619087714","-0.0543705945500834","0.220836153802849","-0.0547640854099747","-0.0113017197584409","-0.0498856545108683","-0.0203673028244342","-0.0172824411487484","-0.00109589052063708","-0.0100572862393431","-0.0291593215033726","-0.00998848935916968","-0.0262350025798161","-0.0221898620518755","-0.023437508307488","0.2386","0.00413060305186796","0.0570794840572102","0.0290430497661358","-0.0100000000000002","0","0.00322763839100482","0.001372751482144","0.00232084581792513","-0.000682160234067197","0.0590000000000001","0.236518182","0.0144","0.0252000000000001","0.0315999999999999","-0.0352140693872514","-0.00908904386225196","12.85999966","0.029814314708128","-0.0448532057967999","-41.44094","-0.0486999999999966","-0.0798000000000059","-0.327850000000012","0.00406661671736461","0.000950118836319902","0.024430723121893","-0.00153022218076782","0.00187969980157821"
"249","2018-09-01","0.00193968564024871","0.00270127593936387","0.00987174847915462","-0.100000000000001","0.00750942202213167","0.0230957147946498","-0.0444517625708345","-0.102654154060084","0.100000000000009","0.00211387423046361","0.200000000000003","0.0243661330754099","0.1","0.00201197672661912","0","0","0","-0.00161160389434123","0.00347222571074912","0","-0.00754720563538314","-0.00197044398729851","0.0211027760677354","0.037740327982847","0.0160003413464409","-0.00304414238122863","-0.0127891561163214","-0.0279666077391445","-0.0199272456526245","-0.00203873668984755","0.00205128277055788","-0.0111215233438617","-0.00100351237724006","-0.0388301644273641","0.00608521147554608","-0.0569774347425405","-0.0436144445834783","0.00202839826139289","0.0159253951203233","0.0164274741419472","-0.00595239852729534","0.00498257134446423","-0.00101677690508684","0.0020345886977875","-0.00408580752258025","-0.178322875261657","-0.00507884314754659","-0.00147491982756165","-0.00273602490624647","0.000568904291149493","0.00124591932977224","-0.000116274530111336","0.00267034951576438","-0.000352566509947159","0.00261407977534649","-0.000311386345304842","-0.00136936830954269","0.000272934742572097","0.000788253048344294","0.00209127786664735","0.00296419019464016","-0.000346978566043625","0.0190782889883341","0.02315784858218","-0.0197781064224518","-0.0451551021821057","-0.173820572570227","-0.165941915725069","-0.25353418501922","-0.258674979692695","0.0855547426613334","-0.0303142406629906","0.0101782049157562","0.0752830604205483","0.00158353160564495","0.0152342445718485","0.0108082289782194","0.0139523398435742","0.0034001464396755","0.0232396502971035","0.0140315308042578","0.0840542077316773","0.0114","0.00579012696173642","-0.0241427139611439","-0.00963297083057313","-0.02","-0.04","0.00640140614042473","0.00608511696081671","0.00641010245130502","0.00193766477792678","-0.00430000000000008","0.0101549999999999","0.1005","0.1032","0.1139","0.00528781558315927","-0.0186365038670271","12.11999989","0.00428509296391777","0.0162508895060633","37.97333","-0.237399999999994","-0.183599999999998","-0.380209999999991","0.0046252404645423","-0.00190114125702401","0.0159750535649653","-0.00229973271153128","0.00281294137661448"
"250","2018-10-01","0.00156747070035479","0.000937866422789924","0.00326904508190395","0","0.00621506040343434","-0.0137933221323356","-0.0143063956512375","-0.0728613482648717","0.0999999999999943","0.000734214423584234","0","0.0263131026696097","0.1","-0.00450861716307926","-0.00623054975063608","-0.00537635703638006","0.0132955424812442","0.00643089033029032","0.00173160216427792","0.0061919702479214","0.00566573753567745","0.0156558970725529","-0.00116076623596229","0","0","-0.00816331063916031","-0.0169749457901327","0.0125262598191798","0.0136772253074531","-0.0051151006667709","-0.00926409095979874","-0.0103045408288143","-0.0141559492301324","0.0181091467898469","-0.0101626890922022","-0.0569668246066772","0.0230355704018237","0","-0.0121553623797821","0.0040650462481695","-0.00598804184462232","-0.00398406901487469","0.00304723445546884","0.00101574411983574","-0.00410256985677826","0.106372975578294","-0.00306009738709445","-0.00379242314598827","-0.00942206613551733","0.00141069557653009","0.00182709255452286","0.000784530407101964","0.000507795674909422","0.000883458010978213","0.00048915882502489","0.0011156878359543","-0.0019724296789411","0.000632179055381226","0.00288770678674701","0.00149903750637478","0.00399524595084574","0.00461597480108304","-0.00545787713594414","-0.0182096606190854","0.0474260228312886","0.0485761519839549","0.0283945194149648","-0.0113301704666355","0.0534053481452377","0.120144311842063","-0.112146923189698","0.077473270312284","0.0274673947006105","0.00380952841666815","0.0203609226489148","0.00967229464250785","0.00514608100895764","-0.00641990602061915","0.0119868249891969","0.00248834272862375","-0.00383524286936049","0.0267649793656357","0","0.000293674977330127","0.0073530024356856","0.0315601000927526","0.0500000000000003","0.0900000000000001","0.0134182734298491","0.0111679716275912","0.0109692201064178","0.00386995442000959","0.00530000000000008","-0.000122390999999999","0.0185000000000002","0.0439000000000001","0.0606","-0.0557106877802607","-0.0708677036736667","21.22999954","-0.0719293458798642","-0.0701030021639464","41.25648","-0.137600000000006","-0.198300000000003","-0.372680000000003","0.00408670933245934","0","0.028652426306743","-0.00153609861233939","0.0028050509276083"
"251","2018-11-01","0.00171831892540375","0.00327562295694506","0.0110354901163321","0","-0.00248139085138543","-0.0377403279828474","0.00860837453659968","-0.0537442760066904","0","0.000794791103496451","0","0.0230731499441079","0","0.00182508095422484","0","0","-0.0075757938084573","0.00320000273067045","0.00172860890061788","0.00205549918209602","0","-0.0117188841132139","-0.00582412828598855","0","0","-0.0113344850741068","-0.00606062461169099","-0.00520021972710705","-0.0157981168765913","0.00918842605440595","-0.0325830189757017","-0.0104118309249328","-0.00920722616846081","-0.0283133169640886","0.0131914647543629","-0.0386691411591542","-0.0281143014808398","0.00505306785139137","-0.0113530074649963","0.0339015516756813","0.0129290711988572","0.0178046246335066","0","0.00405269045062351","0.0132722724166303","-0.00776195445500516","0.0101629171397191","0.0131618263857316","0.0176953136001021","0.00238340216368364","0.00200070825568284","0.00270434752491174","0.00342752323970603","0.00274698429118731","0.00313597993775622","0.00273215715668075","-0.000836649755541395","0.00187033392178355","0.00164395348918025","0.00391290893101075","0.000315581127087888","0.000485908121046328","-0.00164318884002235","-0.000867505309484429","0.00384445722226801","-0.00473634499335063","-0.0216043698693333","0.123573630482905","0.00540249828334893","0.140581950621189","0.00297101360257912","-0.0387822181883344","-0.0874593053285864","-0.0749858068845626","-0.0298999456956741","-0.0238106486937193","-0.00430435611833957","0.00647861386106818","0.00193986481782657","-0.00343521053014939","-0.00856718086810537","-0.224285755892986","0","0.00315157106355279","-0.017324606025964","-0.0487059050542857","-0.04","-0.05","-0.00362494069625541","-0.00074480528690124","0.000149488003865272","-0.000714646114381878","0.0686","0.000612846","-0.1111","-0.0921000000000001","-0.0319","-0.0209361664599292","-0.0233655529951076","18.06999969","0.0177017521878344","-0.012017828426961","-14.89096","0.191999999999993","-0.259199999999993","-0.334860000000006","-0.00014369699039768","0","-0.0406519872917218","0","0"
"252","2018-12-01","0.00361110653448904","0.0039631710575101","0.00257898273181834","-0.0999999999999996","-0.0238854849893571","-0.0145281005629094","-0.00860837453659968","0.0361485141163111","0.299999999999997","0.00280727634625499","0.200000000000003","0.0275627945913399","0.0999999999999996","0.00526442948298023","0","0.00269179166571165","0.00379507096855125","0.015848192240024","-0.00172860890061788","0.00205128277055788","0.00188146809970569","0.00587660848898519","0.00349854584251297","0.0363676441708747","0.0157483569681389","-0.00415369236869356","-0.0215062052209634","0.00727275932908","-0.0117459972992959","0.00607904607638243","0.0116836167084857","0.00758297472445513","-0.00308801068857623","-0.00514139950041859","0.00603016902659093","-0.0430272319162111","-0.00715383735661845","-0.00100857295488499","-0.0143749480575233","-0.0198026272961789","0.00394477829101625","-0.00688640202963331","-0.0040650462481695","0","0.00707430944253762","-0.0209459850771179","0.00403660167725839","0.00123610496791748","-0.00219159607028985","0.00117896278650844","0.00113705995113713","0.00190525021694792","-0.00117137158832303","0.00242736963021762","-0.000149914422033753","0.00295150149183752","-0.000848983293517484","-0.00218743403244471","0.000959184743730431","-0.0000267958335630526","0.0023448391469068","0.0000850850191772523","-0.0300663400106274","-0.0436312531264811","-0.0211575994746518","-0.0260002265696642","0.0562180901283593","-0.0581375682380525","0.168669159038464","-0.260061589790062","-0.0320385652786133","-0.0512798885734487","0.0800427076735364","0.0202846711715052","-0.00641027836091901","0.0184487055523332","-0.0202656427580266","-0.00146873098693456","-0.0199294852365997","-0.0280732285284131","-0.0187784252048834","-0.121186504288283","0","0.00194187682817137","-0.0229731032971809","-0.00916565533127844","-0.0100000000000002","-0.02","-0.00205647644936136","-0.000493392138892546","0.00792133490089952","0.00856089338202004","0.0294","0.000920334000000023","-0.1159","-0.1416","-0.1668","-0.0395549340510417","-0.0544115460788017","25.42000008","-0.0962652197660621","-0.0684703014513697","44.53744","0.0908000000000015","-0.302900000000008","-0.264849999999996","-0.00430742828398654","0.000951022420704106","-0.101172611382441","-0.000768935062877674","0.00186567218294975"
"253","2019-01-01","0.000244349420887247","-0.00244598572825971","-0.0051646338168414","0","0.0126423934151765","-0.0246926125903721","0","0.0233928795747058","0","0.000639688097722413","0.0999999999999943","0.0184200098108596","0","0.00514188906642143","0.00623054975063608","0.00536194314138516","0.00378072283990605","-0.0142520227072014","0.0103271141558494","0.00612872194137282","0.00187793482419973","0.0019512201312617","-0.0140682273322001","0","-0.0645385211375711","0.0134368946722425","0.00103466124077567","-0.00414938354681205","0.0233556263771355","0.0110498361865847","0.0219329940904993","-0.0306831356728479","0.012295236857037","-0.0155847310166983","0.0149182279372191","0.0403354402504998","-0.0228225673436446","0.00100857295488499","0.00769234562315635","0.0178399181283302","-0.00691360778481798","0.00394089179987667","0.00507873107901613","0","-0.00302572091653719","0.0597323535681911","-0.00302614748529084","-0.000386035041524124","-0.0131734677295885","-0.000741318151741565","0.000480100843542139","0.00157890937987512","-0.00314487493390381","0.000723299059704693","0.00294843364140125","0.00250715091683548","-0.00163846477045952","0.00089250220845603","-0.0013913638052428","-0.000222455933440596","-0.00155567378166599","0.00130861459415928","0.00336614612498387","0.0417602201716889","0.0689939646871913","0.119368467161483","0.0224276220417163","0.0122219900258163","-0.0770884957761044","0.0511603951913955","0.0459270928864974","0.110555124155775","-0.0302290019613167","0.0547011357130573","0.00641027836091901","-0.00972454989199445","0.0135041503872078","0.00866363786933422","0.0151612642819285","-0.0114785050188368","0.0187784252048834","0.0351153660762851","0","0.00407252749461584","0.0349470781791901","0.0115783129592995","0.04","-0.01","-0.00258364074642969","-0.00246438795513804","-0.0106016340956323","-0.00194166877988522","0.0143","0.00263875599999996","0.0401","0.00960000000000005","-0.01","0.0401511011133415","0.0668335311343338","16.56999969","0.0757421519767538","0.0703774685877327","-28.03034","-0.347799999999992","-0.283369999999991","-0.167810000000003","-0.00214384969891701","0.00474159257258222","-0.0397688178631527","-0.00231035913318411","0.00557622262743607"
"254","2019-02-01","-0.000702665575387229","0.00128197675036468","-0.0110642196053794","-0.1","-0.0319108122810539","-0.105360515657826","-0.0028860048891346","-0.011628037995119","-0.0999999999999943","-0.00198131532664902","-0.199999999999989","0.0200123251492768","0","0","0","0.00267022855587884","0.0018850146957714","0.0142520227072014","0.00341880674878503","0","-0.00375940292390542","0.00389105549296698","-0.00236406729488081","0","0","0.00614126802208315","0.0174274015989591","0.0103413537947326","-0.0190683743655153","0.00199600864671545","0.0194379521569044","0.0116167811706687","0.0121458983021085","0.0319450141219049","0","-0.0217992283425845","0.0330267375178863","0.00603016902659093","-0.00769234562315635","0.0126892869064923","0.00198019866686217","0.00490437471508987","0.0100807305283563","0.00403633242246038","0.00201816415623757","-0.000890552613086015","0","0.00438529867457405","0.00196304378314593","0.00149119263389373","0.00157468198625854","0.00226811142426236","0.00216571281450906","0.00282998188110609","0.000229644432863497","0.000888917150533386","-0.00140491416907438","0.0010216641178067","0.00272034342888749","0.00436592182528259","0.00181456909076526","0.00054187098394815","-0.00469103569052187","0.0030386533106288","0.00522058886817689","0.0168759776227514","-0.0774160778313124","-0.066817837717803","-0.0782007473074753","0.0119235802351811","0.0126258010797216","-0.0150560633489665","-0.0206725708047202","-0.134074723254569","-0.0324703850307841","-0.0153175861401706","0.0126645064180408","0.00221239028294073","0.0153707299139356","0.0227231101156793","0.00895136774132382","0.0737953255981036","0","-0.000109113227814817","-0.0282786201543423","-0.0148755661643172","0","-0.02","-0.00299324615300023","-0.00149236944837483","-0.00858816545623675","0.00292497177859552","-0.0425","0.000890455000000068","-0.0564","-0.0831","-0.0629","0.0163826371752496","0.0247866972430444","14.77999973","0.0292955531541086","0.0337215819611534","-17.5255","-0.605500000000006","-0.12848000000001","-0.067149999999998","0.00227113348316484","0.0018903597311688","0.0334290162227584","-0.00231570925559765","-0.00185528810174596"
"255","2019-03-01","0.00155741866485393","0.00128033538993755","-0.0278717444487615","0","0.010322672307419","-0.0111733005981254","0.0028860048891346","-0.0176995770994015","0.0999999999999943","0.00112830689716681","0.0999999999999943","0.0187705001265019","0.1","0.00113906039842959","0","-0.00267022855587884","-0.0113637586503152","0.00313972000466745","0.00170503025108459","0.0040650462481695","0.00375940292390542","0","-0.00593473551981472","-0.0363676441708747","-0.0512932943875501","0.0101523714640175","0.00708863727773501","0.0143005501421962","0.00745874528767576","0.0226722377687789","0.00505306785139137","-0.00579152197958877","0.0120001440031103","0.00101368483084663","0.0253424868505441","-0.0634983521693107","0.00405269045062351","-0.00100250634962595","-0.027398974188114","0.00580272421256733","-0.000989609185165996","-0.00195886448533322","0.00699653028983693","-0.00201612971518461","0.00603016902659093","0.0195273919170864","0.00704562748394011","0.00477450374278376","0.0095724117448146","0.000727751659899623","0.00143552276233453","0.000461125876165202","0.000317197973208787","-0.00296465257071364","0.004288116407914","0.00129290638886693","-0.000144296436421457","-0.000455973224741156","-0.000169855914869352","-0.000183147265247623","0.000712573523370969","0.00039420187286678","0.0271337855048124","0.0437397488689317","0.0254643388659357","0.0354636094220506","-0.105872679561467","-0.0364311745543038","-0.0994121486383417","-0.134690606272546","0.0226874428142469","0.0361957378050199","0.0802435310500522","-0.0862211754471289","0.0685527306347762","0.00878161516038478","0.0142400236385676","0.0232802581598766","0.0155672087741204","0.0177652411481057","0.0113055974639493","0.0335158195878931","0","0.00315039526985039","-0.0139091809104706","-0.0315728246617581","-0.02","0","-0.000061388854645017","0.00469447700536563","0.0010334595695376","0.00178959907227316","-0.0341","-0.00085928600000007","-0.0284","-0.0490000000000002","-0.0698000000000001","0.0227463589686288","-0.00333693388813927","13.71000004","0.0177655108531232","0.0134188852012511","-0.76737","-0.622100000000003","-0.00994999999998925","-0.00229999999999109","0.00264679270865023","0.00377003274054122","0.0361830892173577","0.0107610569562979","0"
"256","2019-04-01","0.0000915373701939615","0.00741688415660136","-0.0128684471347231","0","-0.0168288761301572","0.0493250665625018","-0.0203791623366518","0.0293276150945205","-0.0999999999999943","-0.00091474576448114","-0.0999999999999943","0.0187952608444357","0","-0.00161405209500565","-0.0031104224143923","0","0.0169975763685715","0.0186340795448929","0","0.00202634314523298","0.020427822690098","0.00580834159574639","-0.00597016698650421","0","0","-0.0173208609426307","-0.0433057357200601","-0.00610378293801705","0.024122826762623","-0.0316858190741405","-0.00911398713770684","-0.0354716991578004","-0.0302747642465917","-0.00202839826139289","-0.0392592124506734","-0.0419641990990316","-0.00303797702007724","-0.00100351237724006","0.0108535845914108","-0.0145704374658777","-0.000990589481696169","-0.00491401480242892","-0.00499252160312125","0.00100857295488499","0.00100150233708973","-0.082559084111919","0.00200458883188404","0.000828920378731723","-0.00525367114629915","0.00286681748356194","0.00243211464437157","0.00113472556382779","0.000146580304396246","-0.00274190400424378","0.000571243165043847","0.00470533453070453","-0.00103124694053412","0.0123549951502999","0.00708130346908747","-0.00143876576940988","0.0188313730878357","0.0019172951224108","-0.0605472081219123","-0.13858659455941","-0.107283616982199","-0.156839404913701","-0.283592087200256","-0.0867572796689888","-0.571132229996982","-0.0319098865021372","-0.117147798101557","-0.110800595061944","-0.0854791451039967","0.212662273846627","-0.0538104488975728","-0.0154188076671833","-0.00604887851216596","-0.00901781123931233","-0.00429997222571779","-0.00592157719571684","-0.00984703197295755","0.0741403704366164","0","0.0020148562798763","0.0317174693121771","0.0547938729649839","-0.0299999999999998","-0.04","-0.000534469605668164","-0.0000281567319664333","0.00235179847662792","0.00619225364140696","-0.017","0.00281928600000003","-0.00520000000000009","0.000600000000000156","0.0259","0.0222969844634218","0.0363295726060571","13.11999989","0.0385603974964157","0.02246612499329","-15.17989","-0.61269999999999","0.154449999999997","0.0247799999999927","0.00376996138005583","0.000940291559642148","0.0290830415466398","0.00152788417805283","0.00185528810174596"
"257","2019-05-01","0.00195080380091817","0.0049525007646789","0.00611622701743642","0.1","0.0346410518942566","0.0367495422087414","0.00586511945239732","-0.0233928795747058","0.0999999999999943","0.00198089265865065","0.0999999999999943","0.016081210320368","0.1","0.00019002375354038","0","-0.00267737777071675","0.00560225554866989","-0.00462606838878177","0","0.00404040953700502","-0.00552996800946115","0.00577479949388415","-0.0169086153984273","-0.037740327982847","-0.0540672212702757","0.0132722724166303","0.056338501641747","0.0311426473558534","0.0225419380944958","-0.0141846349919561","-0.00509945011234869","-0.011094415359203","0.0101937681895423","0.0201011793210872","-0.0294587071511252","-0.00204290162980048","0.0250388644178363","0.00200601872686601","-0.0228297756381268","-0.000978952598984506","-0.00895974137147171","-0.00791299875732498","0.00100050033358379","0.00301962987371951","-0.00904983551991823","0.0158300300831646","-0.00905021631582414","-0.00475946286413098","-0.00976707821259026","0.00177278131922346","0.00157716482372686","0.00129738226063877","0.00401267819887284","0.00158168365926242","-0.0002674103874681","0.000547219980987181","-0.000348231435660244","-0.00281486868283672","0.00360772204052772","0.00422354563764531","0.00106280863225705","0.00527422826885656","0.027438492382295","0.0266586001316096","-0.00914597506654324","-0.02269055406971","0.234955599746542","0.226242956053497","0.349162387737701","0.241109418311809","0.0569517538427906","0.0019018269823885","-0.0374375270721305","-0.126441098399498","-0.0330608622608874","-0.00891867673183899","-0.00793411368467112","-0.00927345873293917","-0.0107444062820489","-0.0297928277880262","-0.0150715841261782","0.00126271500467645","0","0.001929547290759","-0.0142745906763935","-0.00422517578819459","-0.01","-0.01","0.00322805213860455","-0.00373322449851976","0.00250041152082225","-0.00109604376228489","-0.0211","0.00129976200000004","-0.0555","-0.0606000000000002","-0.0974999999999999","-0.0360681153248468","-0.0440590791596627","18.70999908","-0.0680408938928245","-0.0632754295373741","-17.89764","-0.566180000000003","0.23075","0.0254300000000001","0.00327947704035449","-0.000940291559642148","0.0243771470567301","-0.00535783907035192","0.000926354860131262"
"258","2019-06-01","-0.00100540796038651","-0.0114392604500839","-0.0358659131884966","-0.1","-0.00886642920564107","-0.0749013081731178","-0.0448505661653513","0.0117648415795868","0","-0.000487240401866984","-0.0999999999999943","0.0266250661853835","0.1","-0.00266362410147902","-0.00312012733624378","-0.00268456537066841","0.00557104504945549","0.0015444018513735","0.00170212807053005","0.00402415029972492","0.00369004108745408","0.00383142231155631","0.00243309122464197","0","0","0.00505817972735301","0.00496772010193425","-0.0372839153779365","-0.0132587357909468","0","0.0162275366217566","0.00404858852600043","0.00908638255595751","-0.0541777857018104","0.012295236857037","-0.0709667727748595","-0.0611811564750813","0.00499751165047169","-0.00100452042600541","-0.0217830395161114","0.00299550897979817","-0.00597611340334225","0.00299550897979817","0.0090045630930824","0.0150378773645405","-0.00311080093158989","0.0150382129341384","0.0163769812989152","0.0249110804674295","0.000648071008176042","0.00108990412529997","0.00092902680874364","-0.000686535829484675","-0.000986955919908816","0.00303244131112207","0.00206972983965408","-0.0000886807637709222","0.00125499671632972","0.0016547870907435","0.00204670969316952","0.00120518802547682","0.000954432602916537","0.038718563957902","0.0537139772463853","-0.00840608442931412","-0.0192936765331062","-0.269091755528872","-0.130126812070948","-0.475296202611505","-0.230845398584364","0.0276375080627922","-0.00314981558405059","0.0135320062185755","0.0873736302085879","-0.0152416159686179","-0.0158016831913219","-0.0206971515896246","-0.0254350326677876","-0.0223758454550416","-0.0299376274754772","-0.012696095303326","-0.104862104333571","0","0.00244836796405146","0.016695815079764","0.0178612697076268","-0.02","-0.01","0.00182716108607117","0.00401020259066165","0.00222458034320105","0.000373159893056751","-0.0206999999999999","-0.000869761999999996","-0.1905","-0.211","-0.1685","0.0333357349285848","0.0255943251830786","15.07999992","0.0666583014950808","0.0196850336339627","9.23374999999999","-0.33972","0.0812999999999988","0.00104000000000326","-0.00180488181243322","0.000940291559642148","-0.0410814891899886","-0.00615860299120641","0.00277392688272471"
"259","2019-07-01","-0.00262491375574925","-0.00840243010905439","-0.0184271691781657","0.1","0.0276052660918884","-0.0396652563924311","0.0181823190831905","-0.0727593542824287","-0.299999999999997","-0.00250083999929984","-0.200000000000003","0.0146271001550442","0","-0.000571700825480193","0.00312012733624378","0.00268456537066841","0.00369686188132601","0.0122700925918142","0.00169923575295972","0.00200601872686601","0.0109891215755953","0.00571974867278691","-0.0085418457129629","-0.0392207131532816","0","0.00904074465214944","-0.000991571722295248","0.00919781650463136","0.0223359539420631","0.018200704646846","0.00100553050201846","-0.0255768417896496","0.00701054448621719","0.0330608622608874","0.0201619732903442","0.0555105145381676","0.036142292057245","0.0039801047566268","-0.0285442417052986","-0.00804024431856565","0.00298656269774877","-0.00500752173062224","0.0099207162867474","0.00298359246688751","0.00694102935423491","0.000566863166077347","0.0079283313179852","0.00850074700708525","-0.00524005069179267","0.00287911088495802","0.00116596345024095","0.002382543103586","0.00386131026930654","0.000340081981717562","-0.000263484480469865","0.00202930335798584","-0.000314543203002522","-0.00573449307262739","0.000535364331544588","-0.000337115455597572","0.000222093977299853","0.000556079028118081","0.0415511910751327","0.0679323901095721","0.0157990657281672","0.0209454853960622","0.565964167036404","0.0228979640932554","1.04242454674796","0.249205065175244","0.0120148936750759","0.0340505163713232","-0.0217399866364056","0.164906515192277","-0.0224340728622723","0.0713412684603236","-0.0148230931902171","-0.0305565099722103","-0.0095780170970404","-0.0150943099220555","-0.0167015175313619","-0.00468238720334924","0","0.000369214702541143","-0.0039248675327439","0.00910258958655774","-0.04","-0.0299999999999998","0.00540863379487178","0.000981846674552145","0.00298930206112402","0.00504188060379462","-0.0118","0.000464999999999938","-0.0817","-0.0886","-0.1324","0.0188384896792559","0.0104477160597138","16.12000084","0.0130427248169456","-0.0244296133571096","24.19648","-0.38382","0.0412999999999926","-0.0255400000000066","0.00176901401784801","0.000939408241936057","0.0213295010515148","0.00154321018280523","0.00276625349289006"
"260","2019-08-01","0.00180155470946275","0.000820008246030568","0.0156142278015512","-0.1","0.0110770363389081","0.0396652563924311","-0.0780427070068699","-0.0384662808277962","0.200000000000003","0.00207430981582313","0.200000000000003","0.017601356126689","0.1","0.00323532492695922","0","0","-0.00184672259316532","-0.00918842605440595","0.00676821534613925","0.00200200267067263","-0.00547946576462532","-0.00190295014608655","0.00122473989589622","0","-0.037740327982847","-0.00501254182354494","-0.0170089143013259","0.00304723445546884","-0.00201005092802387","-0.0151441561642978","0.0100000833345835","0.0123585507037971","-0.00902261759963707","0.0111168401063395","-0.0191441614976435","-0.0209871291646682","0.006066752682238","-0.00298359246688751","0.00721280818924086","-0.00404449489650638","-0.00598207167754694","-0.00402415029972492","-0.0129162252665456","0","-0.00396040121609698","0.0197624722290879","-0.00296543233432889","-0.00594667737590093","-0.00431163678299562","0.00158640447750497","0.00125816912543445","0.000544034155851516","0.000165174208178453","-0.00201159978508284","0.00274013715537775","0.00284449562863163","0.000388826227685185","0.00791883895649678","0.00582984712365486","0.0031049664586262","0.00446139087196343","0.00142333141803629","-0.0270808298873924","-0.0526582550655572","0.00898049289911995","0.0164174887690365","-0.0675094456429477","-0.0876379153856011","-0.136088862719228","-0.101011449523281","0.0198171622855341","0.0554771356728043","0.0190481949706944","0.0067340321813445","-0.00524935588614373","-0.0224969316426487","-0.0153635779838668","-0.0127492257478499","-0.0175116755496238","-0.0441975627764402","-0.0255049562463623","-0.0794171211658021","0","0.00894989896170273","0.0045118851910253","-0.0163207702775061","-0.04","-0.02","0.00852456442961191","0.00468944774244306","0.00489555046853063","0.00660433251075609","-0.00639999999999996","0.001095238","-0.1789","-0.2528","-0.2748","-0.0447728173102391","-0.0139735860010468","18.97999954","-0.018257281784817","-0.0387896318398462","47.30551","-0.354920000000007","-0.188199999999995","-0.0459199999999953","-0.000511147319224622","0.00374883288151917","0.00222161484114169","0.0015408323541557","0.00275862243907987"
"261","2019-09-01","0.00140235374485087","0.00280636292695746","0.00211044749454548","0","-0.0437843543146919","0.0593165771564195","0","0.0321571116345316","0.0999999999999943","0.000517905844109379","0","0.016958947500247","0","0.00294076007597077","0.0031104224143923","0","0.00552996800946115","0.0137511716128245","-0.00168776411372029","0.00199800266267314","0.00182982667707599","0.00380228594973886","-0.00860484719351895","-0.0408219945202548","-0.0194180858571018","0.0179287670900905","0.0249140938084391","0.0299722735357921","0.0316858190741405","0.0161456585013875","0.00891536365795265","0.0101833873906987","0.0149927845861413","0.042308326567241","0.0111280865094079","-0.0268688920129669","0.0462908838143541","0","0.0451657295801899","0.0100807305283563","-0.0130852395486558","0.00301962987371951","0.00299550897979817","0","-0.00198609797162952","-0.0554753988283707","-0.00198273489036449","-0.00134471071020137","-0.00220321421323177","0.000548316923054475","0.000632360039132344","0.000603121383445711","0.00107564923816732","-0.00137990387089209","0.00187548168902945","0.000632291010839421","0.000385719587647552","-0.00848779763869793","-0.00115810183705537","0.000526999394967738","-0.00163406673514204","0.00321330719436946","-0.00229582463513012","0.00921879456305597","0.00468062979145856","0.0146946449998122","0.0486815629529929","0.0332835794110284","0.117200578199022","0.0556548381943385","-0.0245230533229464","-0.0457419301435458","-0.0356690762067347","-0.155829941346979","-0.0159154553059002","-0.0308055162279963","0.0227697139841361","0.0141558247627517","0.026911503052465","0.0278249913345396","0.0162392895056207","0.0622174861226386","0","0.00164500484010688","0.00529075277567514","0.00288447943382941","-0.0999999999999999","-0.04","0.00391422847697953","0.000444039050631062","-0.00475091506309155","0.00633962662259613","0.00580000000000003","-0.000266666999999998","0.052","0.0205","-0.0367000000000001","0.0271316019600185","0.0276191205999581","16.23999977","0.017035250490979","0.0352958818083096","-31.90189","-0.481229999999996","-0.0430199999999985","-0.0254300000000001","-0.00059562101852888","-0.000935891504904696","-0.00499949578347616","0.00230680609791456","-0.00552487593196993"
"262","2019-10-01","0.00298108148007259","-0.00233808850959782","0.024983950432933","0","0.0277445286336553","0.090060823918181","-0.0499271739565064","0.0125787822068597","0.200000000000003","0.00325361757536058","0.199999999999989","0.0233850643042528","0.0999999999999996","-0.00151673173450551","-0.00623054975063608","-0.00537635703638006","-0.00183992692200707","-0.0137511716128245","0.00168776411372029","0","0.00182648452603473","-0.00189933580365231","-0.00371057939653507","0.0800427076735364","0","0.0137257056798754","0.0194937946810008","0.0300555827321096","0.032601161375398","0.00996024170505549","0.00295421189743106","0.0484523833859463","0.00987174847915373","-0.0333037634741586","0.00201005092802387","0.0845573880280632","-0.0412632211373891","-0.00299252093645475","-0.033935392050636","-0.0192410999270205","0.00807269772511088","-0.00807269772511088","-0.0070035303773377","-0.000993542058878027","-0.00298656269774877","-0.0271302543435894","-0.00397552903696496","-0.00361568143483737","-0.00595648297073126","-0.000460052939783818","0.000171795442721421","0.000528000479963567","-0.00546200117998464","-0.000385560000407024","0.00135800734443594","0.00163665196793194","0.000486402955974956","0.0016419429065209","-0.000628928955616632","-0.000456253664935161","0.00176578543847836","-0.000495590309818634","0.0203757530168858","0.049709271050844","0.0267271106332441","0.0431015861211463","-0.012568471458076","0.124888014559021","-0.0170944333592997","0.26496920618685","-0.0116532032875369","0.070024045733577","-0.0197467629348349","0.132059722013067","-0.0107527917762615","0.0522425643586022","0.0207350054184898","0.019367548426778","0.0191507419175329","0.0297089232679939","0.0234401356241318","-0.0509331558559545","0","0.00240690064388005","0.0148212982621327","0.00316184372904438","-0.0800000000000001","-0.0800000000000001","-0.00188001407380689","-0.00433233918280962","-0.00521870455611051","0.00126779727543891","0.0133","0.00100186400000002","0.00269999999999998","0.0392","0.0581","-0.0169534374869826","0.00424448093091634","13.22000027","0.0202258423657948","0.0343998423087526","5.42533","0.137430000000009","0.0990199999999959","0.0487399999999951","-0.00223428153775954","0.000935891504904696","-0.0361875522373268","-0.00153727931888614","-0.00184842936178242"
"263","2019-11-01","0.00094114796630862","-0.00316511605889502","-0.0256869381595992","0","-0.0315882233082183","0.051293294387551","-0.00684934184557484","0.0185763855729357","0.0999999999999943","0.00109229939860889","0.100000000000009","0.0171867721756662","0.1","-0.00380192454919559","-0.00312989300892763","-0.0054054185669079","-0.00184331849428876","-0.00462606838878177","0.00336700654790434","0.00199401860686432","0.00182315456151461","0","0.00371057939653507","0","0.0384662808277962","0.00291687129512308","-0.027398974188114","-0.0105617880511089","0.0333982804018484","0.00296882949380173","0.00196463717416506","-0.0596598364063352","-0.00788958727516231","0.0523883121665696","0.00800004266707699","0.0109508311867517","0.0612734171442746","-0.00400400935338219","-0.0143151728807638","-0.0113111745815235","-0.00604840553588026","-0.00916036939866416","0","-0.00398406901487469","-0.00299550897979817","0.0395369316677039","-0.00199459563732951","-0.00730794685861902","-0.00975484565794638","0.00241375380827746","0.00161038616045558","0.00291504378636158","0.00448115890965983","0.00322546407257491","0.00516746339275438","0.00194396358049375","0.000375899348590791","0.00243552298872275","0.00340432439356563","0.0044858249721212","0.00249639692840731","0.00267302045961115","0.0224816875897922","0.0422795203367663","-0.09815341995475","-0.144749005013074","-0.0141217908219122","-0.126448077277923","0.0280511379975055","-0.292103822432774","-0.0558689103169225","-0.136678543276547","-0.117783035656383","0.215554691161388","-0.08259852354273","0.0405250257210081","0.0174470837260099","0.0219359044572407","0.0190481949706945","0.0252865209222772","0.0184885799115484","0.0569630059253061","0","0.00122125351301072","-0.0217426478805667","0.00109677963472521","-0.04","-0.0600000000000001","0.00502622488878579","0.00453803650568574","0.00619002906905308","0.00843862790138594","0.0104","-0.000306625000000005","0.1157","0.1277","0.146","0.0181812185196399","0.038751857640019","12.61999989","0.0334802657884001","0.0122214028207641","-27.97021","0.346129999999988","0.304700000000011","0.164670000000001","-0.00219863379960459","-0.000935891504904696","-0.0146416278952908","-0.0626940693389235","-0.00277906617026513"
"264","2019-12-01","0.00151611660685624","0.000586888918777007","0.0167367923555242","0.1","0.0573723404639326","-0.0370412716803497","0.0502618347808879","0.012195273093818","0","0.00163621525459412","0.0999999999999943","0.00638979809877149","0","0.00095183711736091","0","0","0","0.0015444018513735","-0.00168208618298493","0.00199005040801037","0","-0.00190295014608655","0.00738010729762273","0.037740327982847","0.0727593542824283","0.0106229873912875","0.0283637595982134","0.0115164420615592","-0.0212087248772628","0.00197433430371774","0.027107177647812","0.0122201113347753","0.0215483362062026","-0.00663824154129333","-0.000996512289739293","0.0623703307264574","-0.0085268162291614","0.00500251168297172","0.01532988631131","-0.0166844329079039","-0.0091417599580943","-0.00821359853738901","0.00500752173062224","0.00696173870879946","-0.00501254182354494","0.027789277749493","-0.0100304018733892","0.00266988206610108","0.00702123692944312","-0.000621470458059114","0.000372865895433224","-0.000468548192782327","-0.00108075834689945","-0.00163436009736139","0.00263049091272971","0.000146934929394289","-0.000279429419091523","-0.00300245951225541","0.000569304928399308","0.000516524996832323","-0.000309867628136084","0.00244960261362984","0.0387622655633759","0.0555714786013706","-0.000982525168520709","-0.014428372021376","0.0337249233245132","-0.0173232678523867","0","0.0127545002638705","0.0454328620579858","-0.0518915996791574","0.0621317811070057","-0.0897853038723548","0.00390625496706498","-0.0849767882918417","0.0128646676433881","0.0122393415036346","0.0111723476721901","0.018635257213484","0.0167799503621459","0.0615083058127528","0","-0.00453725323107967","0.0217275119599982","0.0138387809272871","0","0.01","0.00156469859989272","0.00531901199411422","0.00176620937236827","0.00103255227921473","-0.00480000000000003","-0.000458810000000032","0.0637","0.0658","0.0709000000000002","0.0314045151318716","0.0501698225609992","13.77999973","0.0281887563558882","0.0349132336192541","13.39064","0.158390000000011","0.340699999999998","0.280969999999996","0.00172802585664068","-0.0018744147943508","0.0106394120672417","-0.00492611833605583","0.000927213789191583"
"265","2020-01-01","0.00260235569142431","0.0112019841159263","0.0205346024417077","0.0999999999999996","0.0203966279076457","0.0140517534556501","0.00326264563481615","0.0298529631496818","0.100000000000009","0.00205661819405378","0.200000000000003","-0.00898973456495433","-0.1","0.00104597546739793","-0.00313972000466789","0","0.00735297430525872","0.00154202035181594","0","0.00396825917562094","-0.00182315456151461","0.00947874395454384","0.00366972888896289","0.0363676441708747","-0.0357180826020791","0.0161985438032755","0.0461692922643531","0.00475964725298805","-0.0169176967205313","0.0156558970725529","0.0142249909313472","0.00101163387484426","0.0258263995598984","0.0169815401480937","0.0187659828017139","-0.0466529148310482","0.0188506995707973","-0.00299850299625604","-0.0122450509601002","-0.0374976978712596","-0.0051151006667709","-0.0187310367060629","0.00199600864671545","-0.00198412763504674","0.00601204215662765","-0.0391845046681114","0.0130203624543919","0.00964968872445304","0.0140524303730309","0.00389339512035871","0.00209012563724376","0.00329606711160987","0.00337442674049142","-0.00057703989095949","0.00474555518236313","0.00406399797053218","0.0017446939821265","0.012812752821352","0.00283858279807211","0.00288560615345806","0.004455407211015","0.00026909679596623","-0.0681399019169415","-0.14166909133877","0.0186771797362635","0.0228573916472463","-0.205174396102919","-0.0039793128514809","-0.242610945620324","-0.0456869575455503","-0.0331141845032068","-0.00106296293181884","0.1297592267031","-0.0339015516756813","0.100083458556982","0.0348619181662189","-0.0036141503063245","-0.00901929246974953","-0.00101824361788891","-0.000691426963383535","-0.00229252736811891","-0.0545714972935443","0","0.00276928322583814","0.0291689366116401","0.0278219637783526","0.01","-0.01","0.00881409474741801","0.00542232564371403","0.00508282619399125","0.00840261641785212","-0.0523","0.001244091","-0.0967","-0.1073","-0.1348","-0.0336841274176169","-0.0343958467043031","18.84000015","-0.00162941936522643","-0.0437588280142545","-36.76456","0.0685199999999924","0.12169999999999","0.388620000000003","0.0000447844098566581","0.000937646575963846","0.0126117342509736","0.00246609249519381","-0.00185528810174596"
"266","2020-02-01","-0.00272356046704125","0.00543888397392323","0.028057952795157","0","0.0452776116938534","-0.0925233688971456","-0.02640417419651","-0.0238106486937184","-0.299999999999997","-0.00296529613027197","-0.200000000000003","-0.00138397058765438","-0.0999999999999996","-0.0187064786193485","-0.0158481922400235","-0.0163938097756766","0","0.00614441257234066","0.00503779402995708","-0.00198216120399142","0.00182315456151461","0","-0.0284848980086867","-0.0363676441708747","-0.0560894666510436","0.0159403281435182","0.0100779597813503","0.0169495583137733","0.0178492291586432","0.0239819646864854","0.0158807634562503","0.0357535599497965","0.0168543315549821","0.0139342709745467","0.0270286723879192","0.0250253675669407","0.00836824967051708","-0.00703167136368066","-0.00824746943001653","-0.0435093723019477","-0.00927363678532878","-0.021232220105774","-0.0191248909096826","0.000992555912751492","-0.0110498361865847","0.0258599011615903","-0.0130203624543919","-0.0118340981312954","-0.0194011110101542","0.000527485247773995","0.00110657578480352","0.00249970618416883","-0.000589018464364297","0.00396079963050171","0.00214170245655232","0.00264319457068288","0.00111117613576524","0.0000568089956284974","0.000706213103970977","-0.000798714326592514","0.00263550450811468","-0.000315505235056013","-0.0598308296045449","-0.0953692482942561","0.00813333469975319","0.0261026239026378","0.00429397852180635","0.0063593219082918","0.104398514621636","0.232824899327486","-0.0140909420860034","0.0235436883691111","-0.0684261386862914","0.174980149935587","-0.0450933022881053","0.055193601204639","0.00468074913151906","0.00588631241811166","0.00870636495690222","-0.00191792102119059","-0.00875985315674088","-0.134137568905671","0","0.001279647560672","0.0232706336115545","0.0323817978302152","-0.01","-0.01","0.0114580094247181","0.0101934322225379","0.00991333889570178","0.00461280510209505","0.00890000000000002","-0.000929090999999937","-0.0516","-0.0905","-0.1284","-0.0993847605651741","-0.0896276575889701","40.11000061","-0.0878595369532214","-0.107951021322726","5.61353","-0.592079999999996","-0.351399999999998","0.485489999999999","-0.00151768098112444","0.00280767615419819","-0.0719750319375785","-0.0032894766503988","0.00185528810174596"
"267","2020-03-01","-0.00629248348667133","-0.0113743101856638","-0.00329924416721905","0.100000000000001","0.0312874682412989","0.0151901654939754","-0.0800427076735373","-0.149143158096637","-0.300000000000011","-0.00449493558853398","-0.299999999999997","0.00195328457968902","0.0999999999999996","-0.0727904145805187","-0.0660305815230857","-0.0684027268844005","-0.0316305438866058","-0.0201089529227136","-0.00841047850859677","0","0.00181983671698571","-0.0152094186635283","-0.221260902499593","-0.251314428280906","-0.23767165187712","-0.0793452765165901","-0.220412552802978","-0.0877756108823853","-0.030248052755498","-0.0201059908417927","-0.0572129320354096","-0.394308067804839","-0.100523373513854","-0.119398731333885","0.00190295014608655","-0.061754061674943","-0.131417226932188","-0.0818925358307228","-0.421114879775293","-0.0635507916951132","-0.154150679827259","-0.153971868919317","-0.117402010694638","-0.0571584138399484","-0.0550216608902137","-0.463595334867831","-0.0380113448317756","-0.0691282380144109","-0.216782503184794","-0.00121711440065448","0.0000975407113592108","0.000478331693038308","-0.00346052143520276","0.00292733715922538","0.00220659929088847","0.00183844750922516","-0.000592565308207211","-0.00534641766278152","0.00127491307884513","-0.00113027906487282","0.00320757405957838","0.00317676718551543","-0.047786950084884","-0.0623317311201692","-0.0957682791104872","-0.0812091821580516","0.0538937336481826","0.131945349468888","0.074623444939582","0.070992872153619","-0.142862086540779","-0.0847977623613172","0.0443285871072305","-0.178119869940255","0.0433280767635367","-0.106825057123903","-0.045418511097556","0.0024955760028228","-0.0597360670264192","-0.0689887131314642","-0.046847158376804","-0.553213402115973","-0.4023","-0.0173155580579909","-0.236083376669649","-0.242883779040124","-0.01","0","0.056176048246483","0.0475518455848505","0.0521963560511711","0.0327562618291548","-0.214","-0.391139091","-0.1913","-0.1721","-0.1494","-0.167382084148652","-0.246937309039202","53.54000092","-0.133667724728548","-0.204546236735933","156.53359","-1.72362","-1.04836999999999","-3.11667","-0.00381524229301405","0.00373134761285865","-0.140458441288593","0.0292228586769037","0.00277649414829284"
"268","2020-04-01","-0.00311526731695011","-0.017545342633527","-0.012637348095593","0","0.0792808028747745","-0.218131009490666","-0.0635728040176122","-0.134530892957605","-0.0999999999999943","-0.000883136715183142","-0.0999999999999943","0.530374731079372","2.2","-0.0839296521893029","-0.0817506500186926","-0.0766071214721968","0","-0.10189430768134","-0.0378702740554093","-0.0281708769666968","0.0198026272961798","-0.00769234562315635","-0.301359297759235","-0.559615787935423","-0.247836163904581","-0.166139004072225","-0.316892450551583","-0.253939101703677","-0.00867475319367372","-0.11247798342669","-0.264722292677414","-0.327539746743017","-0.227258783459316","0.0595233674989588","-0.0719167507671452","-0.20089541456422","0.117430984957448","-0.20848132828677","-2.30891422804569","-0.257757637336947","-0.249762837589487","-0.353640040243578","-0.283500351855108","-0.162766117732874","-0.196292767390692","-3.19899175523611","-0.159751022008753","-0.202704162000954","-0.550416828662447","-0.00275352104476447","-0.00104130114624552","0.0000292607084185481","-0.00965081885105936","0.00653545959232835","-0.000538396669685338","-0.000710352840788276","-0.0284507591362692","-0.0103817991246703","-0.00382572730873899","-0.0112845343342295","0.00215531718343529","-0.000074991184463853","-0.0721159623625933","-0.00663019929405273","-0.25044431656168","-0.242716290180303","0.207405108735319","-0.309523814366829","0.328593388574525","-0.142025574719867","-0.398277983356376","-0.438454709667447","-0.227216876701846","-0.0921704597996573","-0.203029187121444","-0.0496924877136218","0.0176839016030748","0.0109530120191971","0.0199900518123805","0.00468667975619219","0.00371357494664609","-0.554785237054231","-0.2477","-0.0401417118238694","-0.67950023932829","-1.26378366878596","0.01","-0.02","0.0187588164075887","0.0136700425378713","0.00677128516540293","0.01838502865394","0.112","-0.253365909","-0.0991","-0.1032","-0.0959","0.0487040660405427","0.0858314330089005","34.15000153","0.119420838841251","0.0557849023728476","-63.47037","-1.99665","-1.51277","-8.47700999999999","-0.0120992006589475","-0.000931532438111837","-0.272139258173854","0","-0.00277649414829284"
"269","2020-05-01","-0.00367748874503349","-0.0195531929762875","0.00200601872686601","0","-0.0030534374868898","0.100975917340002","-0.0803645097680263","-0.0576291128366364","-0.200000000000003","-0.0023486719454624","-0.200000000000003","0.239965340463349","1.5","-0.0398597212170095","-0.0339015516756813","-0.0290812093008417","0.00565505748334516","-0.00346620797648622","0.00350263055120159","-0.00204290162979959","0.0106383982050557","0.00385356931599024","-0.363965377201411","-0.538996500732687","-0.287682072451781","0.0744476460700314","0.193697067257722","0.17881124164921","-0.00290838789595682","0.0567975983931337","0.110080815294292","0.370039060260296","0.107420248620837","0.0155493900648622","0.0222231367847101","-0.0572311278919715","-0.00564973254211942","0.00537635703638095","0.919460306635434","0.0756790643857634","0.169317472370748","0.147251457366986","-0.0323852511577174","-0.00495663963992854","0.118648461932812","1.44232546122361","0.105974372841048","0.117153900173413","0.220932444064099","-0.00102358150038154","-0.0000369606656825769","-0.000457835424841418","-0.00159103632378125","0.000975150006411763","-0.000425567409625852","0.00048961669427503","0.0000895785846265753","-0.009637817598691","-0.000911638783148659","0.00026003477257119","-0.000242081911123626","-0.000961882813413677","-0.0138864604960958","0.0122620744179152","-0.0358344930743204","-0.0270077055598232","-0.0949802849870256","-0.235442853352362","-0.12374935183104","-0.291091064718808","-0.000609663179988118","0.0146174296425912","-0.571591978982138","-0.244930905499117","-0.395771978902505","-0.0917619797482283","-0.0123242496953742","-0.0144950997454373","-0.0126907493307689","-0.0132278734252571","-0.00890333683814412","0.46905105381819","0","-0.0225010741488028","-0.222363432642812","-0.531377194551947","0.03","0.04","0.0188779755110442","0.0162333185735459","0.0126116741098716","0.0200057291550326","-0.3206","0.00156184199999999","-0.0824","-0.0834","-0.1012","0.0305357757635587","0.0351405662103996","27.51000023","0.0442865329591493","0.0188314526943203","-15.65007","-0.447780000000009","-0.741799999999998","2.03541","-0.00176138889060224","0","-0.0672317629739666","0.00796816964917646","0.00277649414829284"
"270","2020-06-01","-0.000429922620551082","-0.00194010003863809","-0.00939604228169699","0.2","0.0487416216583183","0.112117298120706","0.0369651942334714","0.0891277798960068","-0.0999999999999943","0.00146475461037632","0.0999999999999943","-0.0248431583189204","-0.0999999999999996","0.00599331954396831","0.00382409643840331","0.00978800636616306","0","0.025708356710207","0.00870327512830205","0.00611622701743553","0.00176211499339995","-0.00192492840958458","0.123188454223291","0.538996500732687","0.117783035656383","0.10071397560183","0.18595675806003","0.0120154367444112","0.026821531194563","0.0321959398004878","0.141801794820082","0.338056081735522","0.124958873726454","0.0415546094096806","0.0372592117840069","0.0207261305171169","0.0279347773315539","0.0847747399579166","1.58119470012071","0.154983319342474","0.147019855841409","0.252851707599793","0.0489394290402219","0.0649266445656922","0.12963106265294","1.79873421610143","0.121582326661511","0.131347025320613","0.373804958577228","0.00238030057318347","0.00121993646857699","0.00234104115267772","0.00386884949657515","0.00351061634953926","-0.000801599098678259","0.000471970691321991","0.000998019252580921","0.00208281421878327","0.00197380059086493","0.00368826307210751","-0.000372869998898758","0.000585201063745922","-0.00218791870432433","-0.015438524890401","0.144600490695691","0.182762234969056","-0.226778393845479","0.117383754357408","-0.361155751727494","-0.114105406718836","0.268479204279229","0.300697316460859","0.389270422188184","0.202671096209234","0.298078007742903","0.108213584640233","-0.0036890083737271","-0.0127621448799622","-0.0135728487788497","0.0213932152022354","0.0182072217248493","0.315292604117632","0","-0.00587581469675769","0.652069323374914","1.46068134206802","-0.01","-0.01","0.00804917892450874","0.00668218067671056","0.00858898137341768","0.0111386182305839","-0.1371","-0.002832297","-0.0315","0.00370000000000004","0.0408000000000001","0.0139523448420213","0.00446103284382282","30.43000031","0.0182213742031152","0.00116530174903495","-34.5986","1.00987000000001","0.136240000000001","5.55516","0.00482282083195279","0.00186219793106446","0.129154361802605","-0.003976148379639","0"
"271","2020-07-01","-0.00249104429707359","-0.0102477412604767","0.000674081589393971","0.3","-0.0156558970725529","0.175564774331075","0.187014827225704","0.183612712557575","-0.299999999999997","-0.000610053703644198","-0.0999999999999943","0.0230351120225469","0.0999999999999996","0.0337531321480862","0.0374575625349003","0.0350913198112699","0.0167757895048366","0.0511240753330808","0.0154775230689124","0.0161293819298836","-0.00529568757471033","0.015296665375474","0.145254856320582","0.405465108108164","0.138150338480817","0.0458393267514872","0.0936594535956274","0.106987855317202","-0.00759016926667577","0.0567733011897396","0.0437600202172668","0.071561281473409","0.0661970020943583","-0.0233983533730013","0.0423991909003645","0.0051151006667709","-0.0260479843189776","0.0632291667702019","0.279838894990755","0.0185534078957472","0.0245548051072078","0.0591476725026947","0.0830233358116743","0.0576756775266398","0.0387529862972329","0.521618063781426","0.0260752189291971","0.0443045141266989","0.130470167163981","0.00561474567904888","0.00356002079210238","0.00398980951750245","0.00765745855144104","0.00604846736314484","-0.00402406048107163","0.00468143186295011","0.00794469768672476","0.00302804370957036","0.00563691433649973","0.00763767872457826","0.00308207693583824","0.00252264146988643","0.0012971221924083","-0.0205400761448296","0.0533324724095099","0.0672846577435351","-0.12159807678951","-0.145315139046585","-0.141094422421818","0.0159875507603129","0.0871279338986728","0.0969442620036869","0.359528012921138","0.112171798488597","0.236891101319801","0.0805804866593389","0.000878577751329601","0.00949930914717778","-0.00577046051666927","0.00486621126025621","0.0130865967248062","0.0711592179076446","0","0.004422137166749","0.270814603358859","0.502734956674422","0.01","0.04","0.0116780026399219","0.00564444054779578","0.00608794478233854","0.00949240432210274","-0.0912","-0.004743675","-0.0884","-0.0686","-0.032","-0.0385258688605621","-0.0109539775095726","24.45999908","0.0536368015973441","0.0065777013411128","1.17301999999998","1.56492","0.48357","4.38815","0.000743570373858834","0","0.0738319842556997","-0.00399202126953746","0"
"272","2020-08-01","-0.00376369409269728","-0.0123382194440396","-0.0074400072646954","0.3","0.0462510176507553","0.0968498259899171","0.119639356961675","0.0864735980038267","-0.400000000000006","-0.00131287706820515","-0.200000000000003","0.0172682295019744","0.0999999999999996","0.0368085140263599","0.0396448313472404","0.0308666479805271","0.0201287674306139","0.0175303294049964","0.0101868453069933","0.0139029051689921","0.00176834705674178","0.0225150223676351","0.128858486925131","0.154150679827258","0.149531733970964","0.0216887332344502","0.0757725584723303","0.0410951279476315","-0.0358739389028857","0.0203710748080255","0.016045648643189","0.0939699216040353","0.037527855869012","-0.0524901826213968","0.0137427724040302","-0.0310905870700315","-0.056216350652047","0.0318570739446198","-0.0535752163403016","0.036105004642117","0.0120549405053536","0.0100841190666259","0.0664254759817062","0.0249606013364483","0.0145140428842545","-0.161733564760878","0.011375290968215","0.0110333563305005","0.0257555541550865","-0.00464879618643808","-0.00750817824311754","-0.00740022155790569","-0.000579679212219954","-0.000908822851901865","0.000718223087116887","-0.0105681203922271","0.00611461721371765","0.00646298956343641","-0.00400265687546383","-0.000266865911944757","-0.015738424986486","0.00214824007547429","0.0131993868049793","0.0421106687732902","0.00229828550643774","-0.00320580105901414","0.184691226149273","0.137832474523913","0.241849046968424","0.0909028174443725","0.0509246366980651","-0.0282526835207726","0.0767499816165609","0.143529476309045","0.0620637099045025","0.0913924470754237","0.016439030838117","0.0141969645106739","0.00370053222506551","0.0272779637894534","0.0337019152235037","0.034101963290976","0","-0.0000144511106885403","0.143414232282543","0.249091607191824","0.0900000000000001","0.15","0.00422470133572439","0.00116222466833626","-0.00607316447354656","-0.00530178987313867","-0.025","-0.00363086999999999","0.0438","0.0623","0.1233","0.0182419689569624","0.0492943640803798","26.40999985","0.0677190831777388","0.0270132112684531","-35.7325","0.903809999999993","0.204650000000001","-0.154420000000002","-0.000473319721932343","-0.00093066549295262","-0.0103594883769555","0.00239712459972097","0.00092378759456313"
"273","2020-09-01","-0.000587426008946679","-0.00885347761977506","0.0307510861331428","0.2","0.0306004404487172","0.0265670273847221","0.063239458135917","0.106543247906876","-0.0999999999999943","0.00119082165489637","0.0999999999999943","-0.00650596194123043","0","0.0343418230500543","0.03472571137383","0.0299423566150785","0.0108109161042158","0.00315457674851594","0.00505477066162463","0.0117648415795859","0.0087951314528274","0.0110702237542464","0.0844466153887913","0.174353387144778","0.154150679827258","0.00279459893101563","0.0406057549259433","0.0111733005981254","-0.0300623841015168","-0.0175686442023233","0.0176338676010692","0.0641193218021519","0.0155325187596222","-0.0628101420594298","-0.0276770433785769","0.100083458556982","-0.0744915106848687","0.013348362823427","-0.00416233691468726","0.00941183418234637","0.0129871955268115","0.0088790816411306","0.0390723928801","0.0074746744167058","0.0143063956512375","0.0289004487081304","0.0140380811513516","0.0131121005386756","0.0328418929895875","0.0032821032410296","0.00276173800214885","0.0039388292996526","-0.000393045931392561","0.00761780213349641","-0.000738177810015697","0.00745272382487651","0.00658096229501905","0.0094695904337955","0.00455553234256782","0.000355107022906983","0.0116303934148882","0.00113539096355919","-0.0105899772958722","-0.0274074121878023","0.0810134713751332","0.107508145027223","-0.131935972080584","0.191459459339379","-0.248485572080429","0.185815325783635","-0.0146256762045418","0.109443548171754","0.102718506194988","0.194319854860756","0.0634317141623795","0.0710189497592015","-0.012042116410564","-0.014021899590319","-0.00968640172156186","-0.0170560593334121","-0.013035994742448","-0.0894934241206764","0","-0.00486259447729154","0.0597143151073602","0.0820066039464642","0.13","0.15","0.00792014531320717","0.00481261982552716","0.00925660094833702","0.00702330143768037","-0.0093","-0.001493636","-0.0329","0.00130000000000002","0.00750000000000006","-0.018171898713236","-0.0269504328886701","26.37000084","-0.0400181200992389","-0.0441276134094122","65.50185","0.871390000000005","-0.173940000000002","-0.552109999999999","-0.000625321731374277","0.00093066549295262","-0.0632173149787772","-0.00159744442915688","-0.00092378759456313"
"274","2020-10-01","0.000123697312833571","-0.00477088161675532","0.0137301928119014","0","-0.0064132148347138","0.0963311089384318","0.0165749650942129","0.0365575957337976","0.0999999999999943","0.000640624783581956","0.100000000000009","-0.031562225082272","-0.199999999999999","0.02129294515849","0.0236098656391337","0.0204386676772743","0.0089206657583798","0.0218077178113987","0.0100335289895774","0.00969939708871337","0","0.00913248356327223","0.0478032186853454","0","0","-0.00186219793106446","0.0103271141558494","0.0237888619640145","-0.0133130486497377","-0.00280243060570218","-0.00461042771478226","0.0475914825755019","0","-0.00532766310778765","-0.0122354467588384","-0.0131817367020641","0.00107353740852467","0.00770504637440528","-0.0371790032417545","0.0546833262740538","0.0085653628589224","0.0186102798566674","0.0159414779976883","0.00212539931231337","0.00754720563538314","-0.0733958790532681","0.00832987605997193","0.0109174782642274","0.0136556154346774","0.00041090058877041","0.000935960179612069","0.00193806082490507","-0.00215109001761855","0.00188782146851429","0.00121580255266406","0.000296660825004077","0.00736877445910514","0.00359490724262163","0.00123237194334472","0.00479165457492748","0.000135882201469911","0.00466043371507264","0.0472103051616415","0.0651505528213896","0.0448896954525022","0.0513421898822166","0.090319228344077","-0.0287617189336622","0.120201416520666","-0.157262351095827","0.0731876465143877","0.0626370998552872","0.0600642407426504","-0.00229621226035004","0.0422827211593777","0.0181164375053031","0.00285891578021236","0.00110803335436183","0.00354143389427397","-0.00165224555326038","0.0022358438056288","-0.0177563234801976","0","-0.0046188562164442","0.0673000265874943","0.0882927591165235","0.13","0.19","0.013244559908058","0.0097589611547626","-0.00369586715036796","-0.00332196924144412","-0.0114","-0.000890909000000002","0.0359","0.0328","0.0242","-0.0407236102977606","-0.00584428325610098","38.02000046","-0.0280556922664417","-0.0461651156428013","32.99029","0.668959999999998","-0.330269999999999","-0.456339999999997","0.00143521937134771","0.000929800159966909","-0.0219239638221806","0.00478469812333593","0.00184672259316443"
"275","2020-11-01","-0.00436959339128684","-0.00504669251791334","0.0096931292056599","0.0999999999999996","-0.0120204868541247","0.094072555883975","0.0243584438320408","0.0203052661607455","-0.299999999999997","-0.00271784938191111","-0.200000000000003","0.015924572290487","0.0999999999999996","-0.000206568891459646","0.00332779009267448","0.0028860048891346","0.00884179058146106","0.0107280722399983","0.00497926339960753","0.00769234562315635","0.0052401866635563","0.00724640852076774","0.0743644152888621","0.113328685307003","0.0465200156348926","0.00279199809103137","0.016978336534418","0.0223522940338405","-0.0292907969210656","0.00838384044389784","0.00828352642664321","0.0215062052209634","0.0108206646407165","-0.050394013751407","0.00378072283990605","-0.00847976007911466","-0.0585479170004142","-0.0277950077647517","-0.208638865111328","-0.0122700925918142","-0.0391354289436006","-0.050038231184411","-0.0184167267862314","-0.0247191522206753","-0.048132485750461","-0.261682926798314","-0.0366067664815866","-0.0489071225457725","-0.119684731269086","-0.000246085990163452","0.000355815816846782","-0.000183827113388211","-0.00281260522418102","0.000320441180083491","0.00166577642185032","0.00302287807739416","-0.0330187890816926","-0.000429238883468098","-0.00119595763133476","-0.00519584092764807","0.000973180685884244","0.00360917120626169","0.0160003413464409","0.0274098446287674","0.034319531562117","0.0483125098175829","0.124538023203056","-0.0473019104664392","0.132054188300304","-0.0446117139459572","-0.0129145973831637","0.0626645306885631","0.0374081020661698","-0.0422598092898827","0.0632438936600304","0.0116020935525469","0.0099941948344906","0.00575365548556639","0.0118941751830751","0.00956395046649838","0.0169521469469556","0.0603464923087609","0","-0.0114593273621022","0.0660741918290828","0.0636960579825629","0","-0.02","0.00843307988492015","0.00445342076085531","0.00176816638143507","0.00720863901493907","-0.0045","-0.000193074000000001","0.0617","0.0778","0.0906","0.117131613631047","0.116237933207866","20.56999969","0.10214642793926","0.149326291673017","16.57002","-0.280140000000003","-0.0952100000000087","-0.00968000000000302","0.00487948247998896","-0.00559181326577818","0.0554607182061344","0.00634419257137342","0"
"276","2020-12-01","-0.00086999756916839","-0.00851068966790791","0.00768741774268644","0","-0.0515381223970977","0.0802808312608025","-0.00805373480709726","-0.0101010959865038","-0.100000000000009","-0.00140763204490568","-0.0999999999999943","-0.00665211994002579","-0.0999999999999996","-0.0086104583018809","-0.00666669135818942","-0.00868312257346071","0.00351494210744452","0.0359320092260633","0.00660068403135217","0.00573067470898447","0","0.00360360750329836","0.0311756174684499","0.0689928714869517","0.0659579677917974","-0.0168701283034851","-0.0403661500605148","-0.102319657951456","0.00950878796902721","-0.0320479830263585","-0.0259996074911228","0.0152897044810825","-0.0254327967730097","0.0493250665625018","-0.0075757938084573","-0.00121728560375178","0.0692203768911854","0.022297467805557","0.133364712067424","0.0406873053153909","0.0164929521938415","0.0402288882227859","-0.02763995048754","0.0342279401897025","0.0185642849685097","0.237941006722997","0.01987787870313","0.0183549976784345","0.0765511033067092","0.00215584869515205","0.00229378866556259","0.00140316686989981","0.0036949124289163","0.0032686272126416","-0.00225152364907011","0.000662686951133271","0.00630781379064464","0.006647420481361","0.00392334119182038","0.00509992420468157","0.0000577095020306666","0.00585071122890787","0.00444668036406881","0.00888989190691269","0.0402672358435137","0.052200756052855","-0.0770215573393607","0.0748815961655467","-0.176505950871139","0.117864791777919","0.0142543105022046","0.00552383552571278","0.0848492139851347","0.0694723728147677","0.0720772975928181","0.112345821925143","-0.00290622194607693","-0.00278551712142627","-0.0112598586378611","0.0108147751953274","0.0168929277135724","0.157858284655608","0","-0.00556409250850365","-0.0244654220468803","-0.0433771909065239","-0.0499999999999998","-0.0599999999999998","0.0187113584124567","0.0123068444931107","0.0157728283420155","0.00646597495718026","-0.0119","-0.004480952","-0.0379","-0.0612","-0.0753","0.03624307603204","0.0578698308573919","22.75","0.0364490476931394","0.035798806854586","-119.19387","-0.220969999999994","0.402500000000003","0.863590000000002","0.00624733688190636","-0.000935016430906543","0.0929249691362427","0.0117879557520419","0.00184331849428876"
"277","2021-01-01","0.00149096132483884","-0.00601370886635166","0.00127551037701146","-0.0999999999999996","-0.0543393227113711","0.0689928714869517","0.00805373480709726","-0.0205135398331029","0.200000000000003","0.000979432007778058","0","-0.0189814542535887","0","-0.00365325806864814","-0.00671143458798662","-0.00291121020745866","0","-0.0298529631496809","-0.00660068403135217","0","0.005212870188533","0","0.00322580924888261","-0.0339015516756813","0.0618754037180875","-0.0326638068187917","-0.0530938904556484","0.0393713836372189","-0.0517915091284049","0.0227282510775559","-0.0403125601772825","-0.168829174705547","-0.0308291580199018","-0.0515747862965172","0.0160305177273896","-0.0693409397118376","-0.0714982822041801","-0.0279503941083457","-0.244668781626098","-0.0553851391510838","-0.0688370961147236","-0.0845251741277622","-0.0141118441926817","-0.0223294763980881","-0.0900963029741373","-0.411675273385538","-0.0963423971979207","-0.0883253159061965","-0.277389182979759","0.00484223003084577","0.00323904548478075","0.0044742222062451","0.0042097855578874","0.00595847275031714","0.00396669032155428","0.00702979549671385","0.00459647077457744","0.0156792078736472","0.00426839449600397","0.007310105071738","0.000977863320063234","0.00342170182523436","-0.0918253402147702","-0.242862437405922","-0.175011751309444","-0.234844659899331","-0.119991354551611","-0.127215316214571","0.00112170510920073","-0.190332631222259","-0.171157181676355","-0.276250531277249","0.0465200156348926","-0.22482281283393","-0.0455270654986979","-0.177416871698713","0.0128750653136418","0.00839101014293786","0.0149256502166756","0.0149328545065561","0.0148534044287529","0.0913196133701515","0","-0.0104918669164622","-0.0587688081934914","-0.0629291617484018","-0.0800000000000001","-0.11","0.00954488638525497","0.00673161347146412","0.00561530759516415","0.00770233677733323","-0.0019","0.000193570999999997","0.0125","0.0448","0.0326","-0.00866649995679936","-0.0127566042251637","33.09000015","-0.0111991376183109","-0.00239280954108922","22.41999","-0.0366700000000009","0.576480000000004","-0.200220000000002","0.00489582518212794","0.00373483160565335","0.0638087377658317","0.0231670592815343","0.00367647472930877"
"278","2021-02-01","0.0000931113146442897","-0.00773000499414955","-0.00383142231155542","-0.100000000000001","-0.0784927202797805","0.021108963210235","0.0571584138399484","0.0455775084963195","-0.0999999999999943","-0.00153078436652443","-0.100000000000009","0.0297546409156295","0.199999999999999","-0.00429657459507826","-0.00337268447863925","-0.00584796988242298","-0.00527705710084447","-0.012195273093818","0.00495459312468327","0","0.00690849034381102","-0.00360360750329836","0.0112090845347197","0.0339015516756813","0.058268908123976","-0.00882791412356543","0.0101150287701115","0.0205039801977076","-0.0569630059253061","0.0111733005981254","-0.0138069254461026","-0.0277554677215326","0.000948316808859317","-0.0845573880280632","0.00931105423308942","-0.0633208120195441","-0.0969078065278","0.0135137191667232","0.0965287839765203","0.08301707781317","0.024236616230441","0.0556342758423733","0.00900327624995878","0.00643089033029032","0.0136772253074531","0.0840996337900699","0.0163772186415612","0.0178562825617909","0.0274822816897817","-0.00131427686497325","0.000958571152907517","-0.00163491309135223","-0.00327936050378919","0.000387507665221529","-0.000626018454114116","0.000954199210553224","-0.0222429692199774","0.00437861963004813","0.000837218485545227","-0.000924733028035752","0.000893601117169783","0.00395454900399584","0.0694108391357187","0.14577352567872","0.05220302492142","0.0648466825655198","0.00477854245077403","-0.136125178602464","-0.133531392624523","-0.354191592397224","0.157290806393835","0.083926060088011","0.157392173751429","0.354712234770884","0.195097432628506","0.139432507353237","0.0195138616754393","0.0147583047045814","0.023113237803277","0.03225534389267","0.0172349101227476","0.128497748170167","0","-0.00723915599606251","-0.0821745081332281","-0.13580322794202","-0.12","-0.14","0.00865099724436114","0.00666866405799738","0.00461322872282821","0.00781854697979156","0.0213","-0.000739999999999998","0.1838","0.255","0.2999","0.0164674893072938","0.0331492361585859","27.95000076","0.0257568766454419","0.0386019240079407","-46.09997","1.12416","1.04603999999999","0.727869999999996","0.00657358899352607","0.00186219793106446","0.0802152960935961","0.0285948752770553","-0.000917852290228893"
"279","2021-03-01","0.000465426571848226","-0.00375769797525649","0.0233965778063956","-0.0999999999999996","-0.0481192483441983","-0.00261438057407037","0.0612186224279005","0.0147422817372034","0.0999999999999943","-0.000214496928919061","0","-0.00662467170169112","-0.0999999999999996","0.017799064738143","0.0167508104248153","0.0145562977742077","-0.0268112574506567","-0.00153491971808428","0.0016460909066689","0.00380228594973886","0","-0.0108893997992681","0.054234823717664","-0.0689928714869517","0.0727593542824283","-0.00493828164058208","-0.00826830617694707","-0.0404761133846225","-0.0297463931064197","0.00554018037561477","-0.00597611340334225","0.0277554677215326","0","0.0121804185568717","0.0192754935283279","0.00138985428905425","0.0112430915741806","0.0275803471821732","-0.0288283518999783","0.102526314421951","0.052205079269501","0.0643975867422979","0.057229545184005","0.0116836167084857","0.0439518875291833","0.154992985586884","0.0378534419810386","0.0426708074846314","0.0924893790086614","0.00139385881544898","0.00221268020336479","0.00118283898852792","0.00120249955323627","-0.000264049530351091","0.0031627658456914","0.00145748507984771","0.00670156217200911","0.00239123039867433","0.00201239243763138","0.000925669732904835","0.00216726437263244","0.00288754665683323","0.0527249228100608","0.0810225961402651","0.0030297889070976","-0.00704670376932626","0.0321153344323442","0.0622754775832126","0.115431350980905","0.174398481956628","0.0834010017501363","0.064277675284135","-0.116570179231174","-0.120980677047844","-0.0681378051672175","-0.014938037108867","0.0131878947983974","-0.0105029791344431","0.0156611463981628","0.0303776151512638","-0.00079339324007488","0.0490348050073237","0","-0.00188988815199309","-0.0286214438769097","-0.0456342839491732","-0.0600000000000001","-0.05","0.00818688952155533","0.00470829528920724","0.00661401711549914","0.00672618817771742","0.028","0.0000184779999999954","0.1651","0.2234","0.2021","0.0341576982982712","0.0286756267877752","19.39999962","0.0415628074789325","0.0304822116942844","32.18752","1.82979999999999","1.27618000000001","1.04963000000001","0.00405429460490004","0.00371402469637161","0.0763539435415667","0.0791292570505338","0"
"280","2021-04-01","0.000744232234797693","0.000648887181291968","-0.00626961301359508","0","-0.0395024429762456","-0.0510177743417248","0.095094220403853","0.0335762955336039","0","0.000796471062812998","0","-0.0133054916471789","-0.0999999999999996","0.0185010643262009","0.0197374828383214","0.0171924005403725","0.0425596144187965","0.0122138922939383","0","0.00756147270057639","0","0.0252265629456749","0.143100843640673","0.133531392624523","0.0344861760711694","-0.0139583522507074","-0.0139342709745467","0.0386293907914581","-0.0558804583944559","0.0128089582925819","-0.0020000006666665","-0.0295160315565655","-0.00379867503321574","-0.161237881710314","0.00543972329581788","0.0889770364073019","-0.204681488474474","0.046767289442438","0.246816553307464","0.0435052409668035","0.0909717782057271","0.0889474860164965","0.0756614375563185","0.0291383778117691","0.0815799869924225","0.0876848547260121","0.080719182944744","0.080947025391561","0.208924160752277","0.0034969116314859","0.00381918614058907","0.00139092570457584","0.00492116898251472","0.00219920747615809","0.000175865842454304","-0.000326572629217052","0.00770181792287471","0.00352891127893785","0.00982779919775176","0.00613608039101576","0.017604703230978","0.00522207870710741","0.0126133537390842","0.028854437657829","0.00910962238741853","0.0082205925378247","-0.0547382165392793","0.148868703899358","-0.0254348971478215","0.280554458527549","-0.00806094826163317","-0.014620772165534","-0.0522506903438771","0.192981462919303","-0.0485978749658784","0.107698916589758","-0.00349618898201332","-0.00766110714026658","-0.00801624772798618","0.000553383616450631","-0.00122739266699368","-0.00921523953349634","0","-0.00762597121032726","0.0127524171210212","0.0488290053601652","-0.03","-0.0700000000000001","0.00997299767990079","0.00598991236192781","0.00714643813762628","0.0035356175985104","0.00539999999999999","-0.0000684779999999968","0.00110000000000005","0.00590000000000002","-0.00319999999999987","0.0391097831642853","0.0444774760136823","18.61000061","0.0510973303917623","0.0382251845706016","-37.80795","1.447","1.00479999999999","0.682199999999995","0.00341698088809938","0.00277649414829284","0.00790219750737218","0.0243749373020012","0.00275103337189009"
"281","2021-05-01","0.00362022147635166","0.0130181641284182","0.0260722403097748","-0.2","0.00487211682400002","-0.0832618412881496","-0.0441572840410984","-0.0733825459340238","0.299999999999997","0.00232451549843482","0.100000000000009","-0.0580395360252393","-0.4","0.0158749440538939","0.0129451645920371","0.00848661387731875","0.00864309615601933","0.0030303053491787","0.00164338574372991","0","0.00171969087952739","0.0141345109349054","0.125163142954006","-0.0645385211375711","0.0813456394539518","-0.00100452042600541","-0.035224964983537","-0.0111525319504757","0.00509555242659943","0.0374709314294934","-0.0171634702940882","-0.0285989106620006","-0.00095192772538244","0.0169256508833424","0.0528291848281572","0.0746523873745","0.02409755157906","0.0205557083490406","0.0268400437898135","0.0206192872027353","-0.0119285708652734","0.00578593706704389","0.0524137426840401","0.011218883604788","-0.0223681273605774","0.020015827885449","-0.0274238174796881","-0.00833678575465768","0.0312419048308463","0.00434955902723961","0.00457010610035749","0.00473245633748752","0.00597196206662444","0.00756923871303489","0.00404114770249018","0.00274852649933174","0.00792221225706184","0.00421065567503097","0.00325936741174738","0.00611302919799741","0.000251940199876393","0.00110088194106692","0.0270679802180318","0.0234989224384563","-0.00166890163153255","-0.0139715142199801","0.023722387440352","-0.0059365898458168","0.0367857568165109","-0.324102703773284","0.0157919149223567","-0.0173322136626251","0.233055946619868","0.130097716365472","0.193918475344865","0.0163816023718857","0.00641260753302397","-0.012861352249142","0.00354196733306503","0.0194785888320119","0.017828847293296","0.0558116931581072","0","0.00337961593142388","0.0164916801043873","0.0113287810319971","-0.03","-0.02","-0.00180778540182835","-0.00147129137123514","0.00377266111336461","0.00345927074159391","-0.0029","0.000882895000000002","0.0193","0.0543","0.0621999999999998","0.00807001024045917","0.00826006583868377","16.76000023","0.00547149261992885","0.0380022249717715","-38.27218","1.1587","0.767300000000006","0.495500000000007","0.00712055047790083","0.00276880656813283","0.0455198925889686","0.00998344398418283","0.00182982667707599"
"282","2021-06-01","0.00345327633278103","0.00396191968177817","0.0127855622969717","-0.0999999999999996","-0.0308476032272607","-0.097408187467332","0.0267276489058146","0.0151136378100478","0.100000000000009","0.00155684815547374","0.0999999999999943","-0.0726531528088987","-0.4","0.0138588636693076","0.00960007372901917","0.00841519692528436","-0.00690849034381102","0.0209588510208443","0","0.00188146809970569","-0.00344234419097322","-0.0141345109349054","0.113287491510784","0.182321556793954","0.0606246218164355","-0.0162110946280825","0.00290275965796116","0.0102278901832564","-0.0669981296885265","-0.0293224028655885","0.00710302326824674","-0.017375837253911","-0.00573067470898447","-0.115512887121844","-0.0420377131953931","0.102999239472147","-0.148955862950154","0.0171461588349713","-0.0355832688855431","0.0202027073175195","0.0168571170664222","0.012422519998557","0.0324465930272755","0.0140989243795024","0.0103142030167644","0.0181001489308512","0.00646634984369676","0.0202636448017657","-0.00806231709680993","0.00408412371028031","0.00429781601768026","0.00479393953300226","0.00843978703398551","0.0119691181904079","0.00293150678602965","0.00292900753842679","0.00703932897129632","0.00928977629213778","0.00726582276774848","0.00973467918269471","0.00346735379999136","0.00580371322857207","-0.0379245075042292","-0.0751495707613898","0.0311150992395586","0.038558993603683","-0.17749804382425","0.0596102265395277","-0.309744587715398","0.397188285489314","-0.0589773115893575","0.0479047639404602","0.070307131394066","-0.165450235081192","0.0455116460828764","-0.074335244881973","0.0000501663749581382","0.00385830012133859","0.00370131690043018","0.00471122675439517","-0.00455225197543335","0.065377217924933","0","-0.000385085052817757","-0.0348272646998815","-0.084033507033217","-0.0799999999999998","-0.0800000000000001","0.00800887386249016","0.00605339892585732","0.00755954716420959","0.00745068602925869","-0.0024","0.000383014000000001","0.00440000000000002","-0.0509000000000001","-0.0766","-0.000346137600498508","-0.0136708742521225","15.82999992","0.0219708726330214","-0.0327898268083908","11.22888","0.685300000000012","0.344899999999996","0.346999999999994","0.00723325934917712","0.00643089033029032","0.0328082845588145","0.0235612993383976","0.00364963908754934"
"283","2021-07-01","0.00270494739667626","0.0165711210834694","0.0239102843121115","-0.100000000000001","0","-0.160773220587751","0","-0.0151136378100478","0.0999999999999943","0.000792755476465956","0","-0.0208313165805656","-0.0999999999999996","0.00666277205148891","0.00317965291737954","0.00557104504945549","0.00690849034381102","-0.00594355390084811","-0.00164338574372991","0.00187793482419973","0.00172265331144583","0.00885745383406089","0.0801219250063303","0.0540672212702757","0.0979804083602032","-0.0102670306397439","-0.0165615085890014","0.000924641767219292","-0.015058463874202","0.0178735767992952","-0.0412855330127844","-0.0510991007759101","-0.0115608224010764","0.119699913476061","0.0238632622732959","-0.0796881606036992","0.165192381997795","-0.00400802139753953","-0.0368963036248413","0.010380716054561","-0.0228751893919856","-0.0105012898206631","0.00102933616911383","-0.00501254182354494","-0.0255091772318359","-0.0883703380154515","-0.0270664525742195","-0.0219515902707137","-0.0292195603336136","0.00208148491178994","0.00320369032297343","0.00151870494773935","0.00513855350791568","0.0105928312320435","0.00238143875121035","0.0000124922462350335","0.00558251460916557","0.00863380151177338","0.00542932099779515","0.00804111023004052","-0.000439138812306238","0.00599295218644331","-0.0201497218276963","0.00201417313072305","0.018796902288237","0.0233412384625851","0.226462621528614","0.155036027383982","0.0568164750436608","0.182432366257196","0.0232028970796634","-0.0349137769785965","-0.105832102556451","-0.0625203569813335","-0.0793367422365208","-0.0152307553457058","-0.00186273729202124","0.00934993309329812","0.00325956713373857","-0.014469442642838","-0.015808333803519","0.0271033916667127","0","0.00369777821423156","-0.0480298420030643","-0.0880509768546176","-0.15","-0.0999999999999999","0.00216141595514685","0.00158243215273757","-0.0000815755653462702","0.0000209106018633776","-0.0047","0.000713635999999997","-0.0645","-0.157","-0.191","0.00385333940357491","0.025276725646858","18.23999977","0.0224931760075702","0.00274851776909335","44.76448","0.294299999999993","-0.0542999999999978","0.153999999999996","0.0077560828711685","0","0.0162784254491129","0.0436640065093892","0.0018198367169866"
"284","2021-08-01","0.00337092743816569","0.00899219247614624","-0.00236546532533577","-0.199999999999999","-0.0633696139325899","-0.0557913596284152","0.00875279110959504","0.06390380197948","0.100000000000009","-0.000182887798846565","-0.0999999999999943","-0.039278041919439","-0.3","0.00525958161920137","0.00316957476127921","0.00277392688272515","0.00515022597631631","0.0118519905870142","0.00328407520119001","0.00374532273016204","0.00171969087952739","0.00702990592825881","0.0644196927849858","0.123613955967177","0.101352494260288","0.00103145960666229","0.00196270916784869","-0.0252704134962602","0.0458301225409556","-0.0106857650804617","-0.0116588496037036","0.00869990987554559","-0.00680605446899918","0.168766780436139","-0.00613230130206421","0.00459770924862912","0.209285154671537","0.0109836351339645","-0.0149170867032371","-0.00344827927891611","0.0100100935951009","0.000959232687460343","0.0143005501421962","0.0129807114727214","0.00382044399738568","-0.0605102320298432","0.000945479261260651","0.00464333061710676","0.015482755713661","0.00534754565138201","0.00517860716183996","0.00460539488074964","0.00788322740130216","0.00874418254610919","0.00159695149051434","0.00388467761834395","0.00515921489400534","0.008846090715931","0.00567793073100093","0.00986929536485621","0.00135758661796512","-0.00103888514635778","-0.0264852297305467","-0.0630421168585045","-0.0149656539002425","-0.03158716224738","-0.0749400641076248","-0.149442018979121","0.0286552557603761","-0.321297104857081","-0.1430655584481","0.00137676192900038","-0.0532813666129366","0.103342351501588","-0.0409653534195042","0.0488670902050865","0.0017978875995146","0.0051313208961985","0.00452856757180634","-0.0041525193303098","-0.000579584164598024","-0.0605996786660308","0","0.00259191608931175","0.00964867134845981","-0.0160094820500714","-0.0600000000000001","-0.0600000000000001","0.000311716321355959","-0.00052097081631608","0.00553586991955868","0.0043733762777709",NA,"-0.000145021000000002","-0.00270000000000004","-0.0538999999999999","-0.0966","0.0195873615575479","0.0490374087286138","16.47999954","0.0285781431228411","0.00668687605754092","-10.17364","-0.0952000000000055","-0.5047","-0.026299999999992","0.00747812387404261","0.00638979809877149","0.0160052628265916","0.0208340869028421","0"
"285","2021-09-01","-0.0000305936701714415","0.00557933379623776","0.0011834320907802","-0.100000000000001","0.00665338449073705","-0.0634462217389622","-0.0400053346136993","-0.0143887374520997","0","0.000213365847034908","0","-0.0444814054378089","-0.2","-0.00184744084826516","-0.00316957476127921","0","0.00341880674878503","-0.00294985464642128","0.00327332534496882","0.00186741417479563","0.00343053509678892","0.00349650705872939","0.0621962078699063","0.0454623740767572","0.0809690625336668","-0.0114049966139902","-0.008862687257845","0.0103725588156225","-0.0417007291989444","-0.00358744779365594","0.00637621713927672","0.0414762559017632","-0.00391007340784366","-0.0581277416178478","-0.00882618262827162","-0.079947146490416","-0.0726473182515237","0.00889773541986472","-0.0694058386619307","0.0222041573110099","0.000995520241501069","0.00287218962409597","0.0200809960570494","0.00593473551981472","0.0019047624806543","-0.0778128714659267","-0.000945479261260651","0.00265673190045845","-0.0015484637283194","0.00233349828845187","0.00400547719127479","0.00214087935159595","0.000775590350461729","0.00650367451296087","-0.00333985577023888","0.00303775723098092","0.00500025057583095","0.0129738559044406","0.00517782141648949","0.00469013433655975","0.00211651874806857","0.00807842590750114","0.0282560159561474","-0.00543086763337541","0.0377007254446564","0.0338455136400579","0.0405211974056394","0.251510142147859","0.0878349548937019","0.534082485930258","0.0534820690722153","0.0515105046841722","-0.0100000833345835","-0.298651103822355","-0.0108109161042158","-0.0758846975248728","-0.0052705311553165","0.000747319743900854","-0.00538531882366414","-0.00214025587120314","-0.00479443022127252","0.0515123516648384","0","0.000805452959788511","0.0127244195125353","-0.00549281682992309","-0.11","-0.03","0.021830008918668","0.0168050364255148","0.0185921514414584","0.00639758703752236",NA,"-0.000459523999999996","0.1312","0.1583","0.1585","-0.0124865130557144","-0.0454488960575574","23.13999939","-0.04873779284571","-0.0232924517296502","19.52276","0.0545000000000044","-0.837699999999998","-0.162300000000002","0.00714576453306419","0.00995933990275777","0.0415853479959026","0.00544301313564155","0.00724640852076686"
"286","2021-10-01","-0.000397802909207101","0.00160602913018515","0.000591191267588442","-0.0999999999999996","-0.0106667678041958","-0.110712024415832","-0.0229367853430986","0.0191393402106979","0.0999999999999943","-0.000792731305615746","-0.100000000000009","-0.0334247439947459","-0.2","-0.00311921492790024","0","-0.00277392688272515","0.00340715832161465","-0.00444116199996802","0","0.00558140983819566","0.00682596507039968","0.00522194398115161","0.0199011543172949","-0.0930904230660117","0.0327898228229913","-0.00837701233804822","-0.0548918275675172","-0.0460734076153217","-0.0250360781613246","0.011612457424091","0.00948873750870138","-0.156616012354811","-0.00885396831725416","-0.0368295592790924","0.0296965053538525","0.0196808320338651","-0.0510916611577112","0.00588814262522241","0.0589467078717929","-0.00848181505590873","0.00496278934212935","0.0047687262520828","0.0216330953554262","0","-0.00381316000641441","-0.0177713552264827","0.00660049561744902","0.00644024041895008","0.0320108877999772","0.00921064643912975","0.00790545398455574","0.00598398669426542","0.0118366905861943","0.00999869423380031","0.00764814008128065","0.00630688086256465","0.00562782177463132","0.0175048739555447","0.0120055164979785","0.0100772293155044","0.0224765050514067","0.00510006626082269","0.0739616350379784","0.129119126355315","-0.0380451186363242","-0.0540200580376453","0.165330856798509","-0.137060116144976","0.13643790201766","-0.372863101774569","0.0101827774138563","-0.0417824510259202","-0.0392877170730355","-0.10318423623523","-0.0269294118786316","-0.0984686896199047","0.00619149188144696","-0.0217260941779267","0.0118435329767777","0.024000258470493","-0.00269787614875855","0.114660670880844","0","-0.00668979868334318","-0.0084327920536591","-0.0304707097044563","0.02","0.0900000000000001","0.00580613444688538","0.00382088869529973","0.000357276146701224","0.00663892362895702","0.0861","0.000269048000000001","0.3144","0.2807","0.228","0.0171472606801686","0.00326407990904087","16.26000023","0.0668581753392115","0.0433861553366199","-8.21812","0.282899999999998","-0.694000000000003","-0.247500000000002","0.0167086085548038","0.00269905696916517","0.0759914829462269","0.00781019290015372","0.00180342699915048"
"287","2021-11-01","0.000397802909207101","-0.00383402856649795","0.00941183418234726","0","0.0159577854386113","-0.0448953199078916","-0.0306266575789911","-0.0386521544342795","0","0.000396444205669866","0","-0.0392307842045483","-0.2","0.00535515616955173","0.00316957476127921","0.00554018037561566","-0.00170212807053005","0.0103321952372051","0.00651468102119335","0.00555043053064885","0","-0.0034782643763247","0.0187073369347646","-0.0246926125903717","0.0106952891167476","0.0156497716671282","0.0429513871955995","0.0526185455202306","0.00421645037893459","0.00796112121586745","0.0166497082365638","0.0868313751891261","0.019570096194097","-0.04498112763922","-0.00517688817953399","0.0728020911515319","-0.0666913744986726","0.00488043916490888","-0.0058582475683675","-0.0180494801189832","0.00197824001210556","-0.00764091587617877","0.0125666225998584","0.00491884907159612","-0.00382775586976436","0.0316430983102993","-0.00849498408426452","0.013783422252267","-0.00321863335685002","0.00689545780429751","0.007410530592302","0.00716729722584802","0.0118269021820366","0.00661929920253233","0.00304062574524004","0.00428503952981931","0.00637344831484666","0.022098610391362","0.00888297759777775","0.0132407833723027","0.00351979379165918","0.00671139146341874","0.0128371026391196","-0.0121940056699081","0.046941016064995","0.0333355808477656","-0.0815738670601096","-0.014772096632079","-0.0521252906321328","0.0629931143474263","0.00455852538472179","0.00750137470030232","0.0722396275858213","0","0.0281364126286672","-0.0222231367847101","-0.00698398050936433","-0.00695388505541694","-0.00144098350850724","-0.0101107770190705","-0.0182734232930717","-0.0302593108873443","0","0.00411006228011779","0.0536975622363407","0.00975108605086028","0.22","0.24","0.00672017883575471","0.00710027459886753","0.0103098803225787","0.00619145453511294","-0.025","-0.003382684","-0.0905","-0.1436","-0.2437","-0.0253329685919521","-0.0257278270722043","27.19000053","-0.00836862569591723","-0.0499190476641362","48.09785","0.290400000000005","-0.322000000000003","-0.345799999999997","0.0103577652338561","0.0151585604308417","0.0569676828992651","0.0172060014489137","0.00449438958783954"
"288","2021-12-01","-0.000887623828230488","0.00371057939653596","-0.0070505579966671","-0.100000000000001","-0.0186423508092801","-0.0363676441708742","-0.0120338395637232","0","0","-0.00118980443280847","-0.0999999999999943","-0.0369128258744214","-0.199999999999999","0.00252158023241833","0.00315956029036846","0.00550965581096952","0.026892376899089","0.00146735169395029","0.00485830915107677","0.00735297430525872","0.00169923575295972","0.032565002678159","0.0128104233856403","-0.0512932943875506","0.0105821093305369","0.002068253064059","-0.00804024431856565","0.00372093452569011","0.00837993730675102","0.0303710978762988","-0.0240220428388884","-0.042473522558728","0","-0.00815221906155106","0.0381887728476604","-0.0217524317999045","-0.0115608224010764","-0.0068393036502421","-0.0118204686004262","-0.0416173381867786","-0.00694102935423491","-0.0213186368361074","0.00287769982761521","-0.00788181420225342","0.00478240988021472","0.0257036193234699","0.00943424618442279","0.00607193875156398","-0.0278731629695184","0.00469724410540796","0.00582024012727875","0.00479265281451436","0.00814548126019769","0.00537557661329777","0.00595760257847016","0.0015134190288304","0.00698007745385755","0.00273186323199834","0.00841380562088021","0.0108187960463654","0.00681491966120273","0.00629522758560134","0.0104463984502257","0.0115395891965893","0.0222717973919995","0.0166985684007521","-0.0269195259132413","0.0911219708569675","-0.0927569616610793","0.100403193470398","0.0730975463110841","0.0271026910007865","0.0176711425628104","0.144006230755486","0.0551459358010966","0.0222231367847101","-0.000818990273931064","0.00648396023473907","-0.00144306293876409","-0.0126230007667472","-0.0109911757351553","-0.0887064924332179","0.0714","0.000963141023323288","0.0344420366789606","0.0457955477674474","0.0700000000000001","0.04","0.00406900118427522","0.000584094478409014","-0.000987787462380041","0.000897189541346322","0.0319","0.067287446","-0.0581","-0.1019","-0.0994000000000002","0.0442511673846084","0.0417926520939496","17.21999931","0.0426886482072923","0.0337558426773921","51.55124","-0.0223000000000013","-0.469129999999993","-0.502300000000005","0.00838927779641079","0.0105634785095692","0.0175587408510605","0.00995033085316788","0.000896459047036835"
"289","2022-01-01","0.00134643063273643","-0.00557104504945549","-0.00472814119594567","-0.0999999999999996","-0.00809721023261911","-0.154150679827259","-0.0369955876765955","0.0666913744986726","0","-0.000549618334446222","0","-0.0271544787304379","-0.2","0.00675743472988266","0.00628932890756406","0.00547946576462532","-0.00665559861173648","0.0174423026633423","0.00804509568483169","0.0091158334080097","0","-0.010169579169629","0.0126483899671594","0.233614851181505","0.0104712998672953","-0.00414079266603196","0.0040282028286045","0.012915308676682","0.0287888284771691","-0.0526437334854224","0.0322440829909052","0.0483965408618499","-0.00973717527785833","0.0453410994806047","-0.0734036791387274","0.0307716586667537","0.0398913290273022","0.00488998529419238","-0.00596304688824656","0.0416173381867786","-0.00398804117795581","0.0145846046547629","-0.00672756021305698","0.00788181420225342","-0.0153849188394792","0.0428862731323889","-0.0189574937477746","-0.00522757616557712","0.0151505618793699","0.0049985587489795","0.00618779865495621","0.00628663516674381","0.00621634908236844","0.00766722290129217","0.00230227764034144","0.00674909865490229","0.00721261502831924","0.0128278988551518","0.00687724918916404","0.00745809053858949","0.00436208776398434","0.00867181255132066","-0.122173361990797","-0.162170394355014","0.0684028666922636","0.106421735478582","0.0992710712310387","0.104923739062107","0.129527955764713","0.158951003819843","-0.112421092514998","0.0515703410716899","-0.216003497180733","-0.133195314651271","-0.194726953651442","0.00911583340800881","0.0157796202247056","0.00504015601336183","0.0172643135941433","0.0274469742289511","0.0193588057346491","0.153900258443816","0.0786","0.000584491836274736","0.0272641580359814","0.0184094883130221","0.0399999999999998","0.0699999999999998","0.0016490388179804","0.00113692875447668","-0.00197936899664874","0.00107950881303154","0.3627","0.08163619","0.3672","0.3676","0.3379","-0.00385959738951058","-0.0684826052846184","24.82999992","-0.0540182299759753","0.0223789740278928","-33.52532","-0.276700000000005","-0.995699999999999","-0.697199999999995","0.0111049639769945","0.0216552420706","0.0336737564671654","0.0144552965149725","0.00268456537066974"
"290","2022-02-01","0.00226037117439049","0.00742118433761618","0.00531759007832378","-0.1","0.00270636159774273","-0.0703164984174593","-0.081090157229867","-0.101782694309943","0.0999999999999943","0.00161745667367796","0","-0.0235584151644916","-0.100000000000001","0.00393682394291339","0.00312989300892763","0","0.00166805710069706","-0.00144196131690144","-0.00481928643594909","0","0","0.00170212807053005","0.0101603062401576","-0.0210534091978327","-0.0210534091978323","-0.00311688564025303","-0.0151901654939746","-0.0166362432023721","0.00269905696916428","0.00896866998276025","-0.0196388740719229","-0.0463325566409987","-0.00392157365318191","0.00390371348047402","0.0177624563398409","0.0363676441708742","0.0152463105728735","0.00680605446899918","-0.0193242728264025","-0.0174982592410524","-0.00701757265864611","-0.0126276568678012","0.00481001408378479","0.0117074507942352","-0.00680605446899918","-0.0186368427298653","-0.0105821727768571","0.00130006738819688","0.00658071748207512","0.00463444171020667","0.00595671452193254","0.00504644078420489","0.00719580707753599","0.00299766686444349","0.00667990067050498","0.00239211693119445","0.00530869777597452","0.00496616083274224","0.00402383060840908","0.00516283431393082","0.00150233768128706","0.00562981677212928","0.0499587272335216","0.101556539432105","-0.0156836613122788","-0.0229212918209516","-0.218291229243015","-0.1721506515382","-0.371105208767761","-0.372341060683132","0.0779204052883777","0.0210917856544288","0.160342650075179","-0.0300158959402657","0.165772991288425","0.0197670407407768","-0.00189129828777457","0.00652606907717301","-0.00368047257785103","0.00241109605406642","-0.00169748001939252","0.115790273221957","0.225","0.00482410571684966","-0.0387102733896203","-0.0758069354871047","0.16","0.14","0.00502821722203173","0.00374586657721743","0.0127244941174869","0.0115139577162697","0.2889","0.224125","0.3046","0.284","0.2241","-0.00815375797830065","-0.0393236078888162","30.14999962","-0.0318627611837954","-0.0118730306492103","-44.16628","-0.371499999999997","-1.48138","-0.85763","0.00989927262327674","0.00256739550524632","0.0433746547834733","0.011415649083677","0.00445832214171116"
"291","2022-03-01","0.00249878238258106","0.00369004108745408","-0.010663608156686","0.1","0.0817045277485464","-0.0756374142056204","-0.0276260662749319","-0.00511510066677001","0.100000000000009","0.00191924020466772","0.0999999999999943","-0.0447168387817962","-0.199999999999999","0.00105358948494327","-0.00312989300892763","-0.00273597981887441","0.0132452267500209","0.0368313585311437","0.00642056780292233","0.00542987759436908","0.00169635324817818","0.023530497410194","0.00774597211465533","0.041672696400568","0.0105821093305369","-0.00312663099943222","0","0.00186219793106446","-0.00405132221917803","-0.011675031580503","0.00520563382726547","-0.0218872728875006","-0.00393701295933901","0.00647251450561726","-0.0159719455660525","0.0413413401564418","0.00137457066316671","0.000968523078130445","-0.123132685403625","0.0140230168207491","-0.0050428750338618","-0.00982326170294368","0.000959232687460343","0.00290557105141431","-0.00587085834978396","-0.08006752692389","-0.00193666971544815","0.00955475918634718","0.0338860549720277","0.00798364101009557","0.0077495181231667","0.00673275823882105","0.0112002451888765","0.00446505170953973","0.00497806347772173","0.00598529879172405","0.00651474765383741","0.0218908220877317","0.00901521009865576","0.0132268900181193","0.00225074735387428","0.0077628479975382","-0.00588392367078328","-0.0210869014897401","0.00902626923725336","0.00974203770165438","0.181488837276214","0.0324214740260054","0.2383103438577","0.0945020487187875","-0.0757631287827305","0.0646029354504538","0.0962280320945537","0.0721273812903931","0.0670324709375212","-0.0197670407407768","-0.00768320210312723","-0.0320447564340756","0.00167462150832526","0.000945399415169135","-0.0273312658387257","0.188258119912149","0.1446","0.00433686080251228","-0.0218543947521965","0.0038871184578273","0.32","0.36","0.0156083089207222","0.0130642307530309","0.00639845977800491","0.000736982973126743","0.177","0.142397609","0.0346","0.0566","0.1089","0.00719183158672188","0.00374042847101208","20.55999947","0.0351482863092194","0.00446888000123247","171.54411","-0.373899999999992","-1.51520000000001","-0.901009999999999","0.0305467723052881","0.00681433641972973","0.206190095326232","0.12519652691969","0.00355240160436754"
"292","2022-04-01","0.0049789106770195","0.00392109312583244","-0.0156065592565167","-0.1","0","-0.0818300182476319","-0.0112677248463422","-0.0689928714869517","0.200000000000003","0.0029174918126138","0.200000000000003","-0.0449328356175984","-0.2","0.00162609438480299","-0.00313972000466789","0","-0.00660068403135217","-0.033949512156255","0.00319489089651981","0.00360360750329836","-0.00169635324817818","-0.015063046311095","0.00615386557437869","-0.0206192872027353","0.0104712998672953","-0.00104438651790595","-0.0185381209989117","-0.0340619494625356","0.0200944470597539","0.00270636159774273","-0.0135914272035391","-0.0170035977625842","-0.00692729143256621","0.0179032914925275","0.013327607312962","0.0123840591997215","0.0337641796032075","-0.00290838789595682","0.129211731480006","-0.00261438057407037","-0.00608521147554608","0.00982326170294368","-0.0222985487224561","0.000966650631094801","-0.00294840508429761","0.0108339851732788","-0.00583087994932363","0.00303408281126138","-0.0252817938959495","0.0182590667461125","0.021168464105429","0.00561103240361586","0.031012212284439","-0.00208277311081142","0.0106815341796835","0.00591697820921933","0.00537307103228921","-0.000404913379312572","0.0292994666482662","0.00608711677403551","0.0759616000033845","0.0053531680528227","0.0318440412681085","0.0320092076175804","0.00315986130887858","-0.0304756746546602","-0.109963638917078","-0.0454798993350369","-0.20081613943012","-0.136378369636451","0.0874901404212487","-0.0299115214444807","0.100301870701566","0.221079567093359","0.0648818687804296","0.117984668886224","-0.00867106326389688","-0.0219482558475218","0.000250951525847476","0.0437140500017561","-0.0196250069978115","-0.114356078566404","0.1304","0.00682474270676714","-0.0407814308885861","-0.0490154082150411","0.24","0.21","-0.00236496489575266","0.00347515674529397","0.000203521543543417","-0.00127156937029227","0.1385","0.128359496","0.3092","0.2905","0.2544","-0.000635303925900388","-0.0215634502819118","33.40000153","-0.0920678247992974","-0.0406486102723735","-57.34302","-0.399900000000002","-1.27797","-0.815060000000003","0.0280942101949304","0.00508045123241896","0.113201588396936","0.0954467389687954","0.00970453138917815"
"293","2022-05-01","-0.00190969912082473","0.000366815434816203","-0.01094901448967","0","-0.0264999734014504","0.215361410872155","-0.00283688133519977","-0.044951387862266","-0.400000000000006","-0.00370911285017961","-0.299999999999997","-0.0164542719391703","0","-0.00306308270507571","0","-0.00274348594575091","0.00330578813449911","0.0297683213958537","0.00794285351393675","0.0107335556431085","0.00169635324817818","0.00168492036491941","-0.00384172581599884","-0.0425596144187961","-0.0210534091978323","0.00208768343048416","0.00828162083172224","0.00671465352564127","-0.0173917427118688","0.00449438958783954","0.00524935588614373","0.0274858740360946","0.0059406115301206","0.00379507096855125","0.00528170241917625","-0.00205338881184236","0.00397614837963989","0.00580834159574639","-0.00121285642520874","-0.0184945826361647","-0.0112533156867274","-0.0127891561163214","0.00488998529419238","0.0105719389253993","-0.0158733491562897","-0.021180187708933","-0.0176994531320416","-0.000587191917098551","0.00314243476748288","0.00476772298107651","0.00594236993377671","0.00534264062155598","0.0069156091398434","0.00291759775579116","0.0046743788094047","0.00394218067665753","0.00514653141949373","0.00677168229705332","0.00788238223031688","0.00873821899426656","0.00369097425405006","0.00849220291910607","0.0358422682162676","0.0524784555860425","0.0396767061774188","0.0421211525360317","0.0433937919086267","0.0290175799851209","0.109750863959119","0.132640047525843","0.0393617336720009","0.0380306458829853","-0.0525315944328799","-0.295980875266476","-0.031383328705946","-0.0581076308072808","-0.0180311710821117","-0.0201864439714106","-0.0166143395804128","-0.0184566958471208","-0.0373860574563844","0.0804398219814884","0.2262","0.00356294913735411","-0.00187144203193057","0.00872120634747731","0.27","0.28","0.00289236895874545","-0.0000974576397503313","-0.00350595844859924","0.00539780484652219","0.1759","0.225143609","-0.00190000000000001","0.0707","0.2023","0.00401566849791735","-0.0141369994172003","26.19000053","0.0000531761546298526","0.0265785910894261","-6.19378999999998","-0.232100000000003","-0.754549999999995","-0.671099999999996","0.0176464007265582","0.0307716586667537","0.0434262260049528","0.00861097548256406","0.00874131440157289"
"294","2022-06-01","-0.00115364777967031","-0.00146806975229197","0.00366300775873718","-0.2","-0.08260352853521","0.0838814839807025","-0.0645385211375711","-0.0591888713903304","-0.0999999999999943","-0.00170716134501525","-0.299999999999997","-0.0180231284012828","-0.100000000000001","-0.00172711614607568","0","0","0.0114849498668974","-0.0154823641483768","0.00630916919326463","0.00177777824599978","0.00507186209796107","0.00838227875280406","-0.0147346597569369","-0.0219789067187754","-0.0106952891167476","-0.00942909028885186","-0.00103145960666229","0.0217502664001765","-0.00541273310675017","-0.00179533261867437","-0.0286796076945297","-0.0115365726284162","-0.0119167249334629","-0.0242823432270036","-0.00970453138917815","-0.077989318861694","-0.0160003413464409","-0.00872521289086947","-0.0510378339186683","-0.0053476063265947","-0.00309119256967261","-0.00995033085316788","-0.0187105409128243","-0.00575265248945023","0","-0.0110878901854115","0.00396066654539418","0.0164008147766097","-0.00163296328792129","0.00711745648022733","0.00746959290441846","0.00547752956036382","0.0111046632703892","0.00036562490374262","0.00992536144593975","0.00600259655983671","0.00535253178807965","0.0196109806358367","0.00900630205361356","0.0121680253196589","0.00395764545480181","0.00623684739924605","-0.0356830029596473","-0.100011127788346","-0.0330244991459896","-0.0649537756038683","-0.156894165773009","0.063564476941151","-0.20450120050493","0.0463497593988471","-0.0700070605295586","-0.0552259236533903","-0.0772526288331932","0.338454397825204","-0.0773011627328763","-0.0215991118034617","-0.00762099610095301","-0.0134128770069558","-0.00931272482956905","0.0304474341683898","-0.0123722922155506","0.0794316972469833","0.1613","0.00358967664216081","-0.0477037462486525","-0.0525488833567298","0.28","0.24","0.0094738281725828","0.0100997309429456","0.00795334251861846","-0.00299408369975929","0.2593","0.160874286","0.4846","0.4755","0.4859","-0.0641419750665531","-0.0896702780627372","28.70999908","-0.0876515816720964","-0.101782669847217","4.15303999999998","-0.733000000000004","-0.410800000000009","-0.517830000000004","0.0220952429152089","0.00408664238545242","0.101377139213981","0.00540055318000032","0.00347524242030328"
"295","2022-07-01","0.000273352672206073","-0.00281983880835668","0.00728600673093283","-0.1","0.00829880281469464","-0.077650934230066","-0.0919823897116503","-0.109433841045463","0.0999999999999943","0.00125017168026176","0","-0.0136189509243545","-0.0999999999999996","0.00459903081386503","0.00313972000466789","0.00274348594575091","0.00162999221093063","0.00424629088145068","0","0.00707967558806111","0.00336700654790434","0.0033333364197583","-0.0165423228693156","0.0219789067187754","-0.0439631234211166","-0.00527705710084359","-0.0114168339199061","0.0148563549495151","0.00541273310675017","0","-0.0021574981400212","-0.0299808322119359","-0.00802411527004754","0.0479890055279908","-0.00533334597536239","-0.109071095054362","0.0498137057122188","0.00485673611294946","0.0570874591444914","-0.0125900943600721","0.00309119256967261","0.00299550897979817","0.00495786836078693","0.00575265248945023","0.00299550897979817","0.0712916909529451","0.00394504153103714","0.0136139365108043","0.00591271960321826","0.00797966977343376","0.00776440578457343","0.00648231449690191","0.0131252047233089","0.00201730378886172","0.00827339989599543","0.00488151109369913","0.00620248324207418","0.00673824315375431","0.00978228185988005","0.0129817942231662","0.00709805317961061","0.00661189050538501","0.0608057161889537","0.120551177271922","-0.0133330023955267","-0.00422080071348674","0.150021286485247","-0.0281914173851057","0.137809826006258","-0.207181048623744","0.0830286625114898","0.0373979850879245","0.032535790051397","-0.554677506294841","0.0271817414223525","-0.19303374984284","-0.0044628983549222","-0.0168135653331854","0.0108422968477018","-0.0074087153553517","-0.0247963608524269","-0.0919501720872802","0.1125","0.00587928099658797","0.0469653081307495","-0.00417003456194287","0.53","0.61","0.000836873331632404","0.00170492585628601","0.00179987213990884","0.00413766465158893","0.2743","0.114130476","-0.2858","-0.237","-0.128","0.0412861141099707","0.0771969018819565","21.32999992","0.0872013846250503","0.0312166233498186","71.27754","-1.0026","-0.335029999999989","-0.369190000000003","0.0109885203997471","0.011354542102926","0.00606006764275473","-0.0421694009670892","0.00519032307069267"
"296","2022-08-01","-0.000394866737607913","0.0125665046606507","-0.0158539906019861","0.2","0.104533727681832","-0.0188093319574962","0.058080838035969","0.109433841045463","0","0.000578818312911622","0.0999999999999943","0.000524727809494863","0","-0.00229687152370861","-0.00628932890756406","-0.005494519317641","0.00811034453745396","0.00282087634164174","0.00470589103741226","0.00527705710084447","0.00335570784697214","0.0115799474309597","-0.020867530880003","0.0215062052209634","-0.0342890734786323","-0.00530505222969335","0.02168386455965","0.0344236887638836","-0.04414509876396","-0.00811912443850371","0.0021574981400212","-0.00654309858893587","0.00201207311341989","-0.105223519972976","-0.0216224640131664","0.0147604155831207","-0.135359880974521","0.00193610902686636","-0.00241546011160398","0.0285478797986825","-0.0155524130074847","0.0039801047566268","0.00197628522821169","0.000955566245668393","-0.016080748528454","0.045694851297359","-0.0168738687880374","-0.0178547273844032","-0.0216648919929483","0.00408584395073633","0.00505869629642108","0.00624429766938637","0.00197974233768989","0.00691892774373383","0.0128234971881289","0.00672862901933985","0.00577283238679305","-0.0144328998650056","0.00551658915940481","0.00109100289143281","0.00466704826226759","0.00761985236285337","0.0812753912200819","0.14027841425465","0.0105100351455043","0.0146492006215304","0.166974505900042","0.105853369290278","0.177841549300982","0.279584862219161","0.0863643082996788","0.0227871695939506","-0.112840999367076","0.379852532251438","-0.11596903948464","0.102602478479368","0.00186937335073445","-0.00122568799010803","0.00482826739509096","-0.0117032596369171","0.000833750256735183","-0.108213584640232","0.4318","0.00301942332732885","0.0756097969912553","0.146299956330212","0.18","0.12","0.00716988767233495","0.010114522359375","0.00587938488447648","0.000155617751898873","0.3867","0.431214069","0.3044","0.1824","0.0703","-0.0245375984281822","-0.0561521988871512","25.87000084","-0.0433670306482732","-0.066892200451488","-75.99038","-1.06089999999999","-0.51876","-0.241259999999997","0.000137466274715192","0.00402415029972492","-0.0570482146888651","-0.0018744147943508","0.004304784951632"
"297","2022-09-01","0.00106274775818527","0.00326817454846839","0.0338400869717681","0.1","0.0683309485767998","-0.0063492276786592","-0.058080838035969","-0.056441310904952","0","0.00228154331231245","0.0999999999999943","0.00307722768770713","0.0999999999999996","-0.0015341838276246","-0.00315956029036846","0","0.00322580924888261","0.00421645037893459","0.00779427172681935","0.00699303549097063","-0.00167644632725228","-0.00660068403135217","-0.0138834406382315","0.0210534091978327","-0.023530497410194","-0.00212992625782515","-0.0154403479199647","-0.0492800437133987","0.00982464042851827","0.00722024797348642","-0.0152011613320502","-0.00658619285285678","-0.0040282028286045","0.0230206509903805","0.0260688919703007","0","0.0331203779224518","-0.00581960905326362","-0.0282054258447246","-0.019538809856317","-0.0115608224010764","-0.0160163583885744","0.00394089179987667","-0.00670821873511862","-0.0112074530203889","0.0015935921712984","-0.0110721467502559","-0.00870267871805908","0.0129985436422775","0.00373780164001193","0.00568076420173584","0.00667522085930347","0.0036155184798955","0.00425285697443905","0.0115733890420906","0.00467448356087549","0.00592724629438778","-0.000126354460313144","0.00820422102250151","0.00662200242082903","0.00563460744131947","0.00975351218076629","0.00282061688674773","-0.00480925240007579","-0.0508287542095598","-0.0737446557117938","-0.0707243291598267","-0.0743126664775815","-0.00772701848471069","-0.0724038135954173","-0.142043781043425","-0.077874558755056","-0.0224340728622723","0.0901510969942976","-0.015170961007807","0.0494273097787525","-0.0353424101529924","-0.0260927014752145","-0.033249057318163","0.000547930680734332","-0.0577223452906385","-0.112520649486557","0.2349","0.0024167782871114","-0.0686836022435209","-0.104563219968687","0.36","0.57","0.0443931051609532","0.0385412422399334","0.0323194475541335","0.0204151553922163","0.6842","0.234895455","1.2671","1.1729","1.0573","-0.0628135584729232","-0.104726584139733","31.62000084","-0.0980491666732846","-0.0980465686055307","68.88838","-0.476500000000001","-0.43010000000001","-0.101569999999995","-0.000335056643014874","0.0111822251455393","-0.0798965797371349","-0.01084660480696","0.0153455696746603"
"298","2022-10-01","0.00378633435826892","0.0106978603032601","0.0165000797013874","-0.1","-0.0222621964874703","0.153240347493114","-0.0723206615796261","-0.0946652265410783","0.200000000000003","0.00230666607071228","0.200000000000003","-0.00774383709640603","-0.0999999999999996","0.00182158144420175","0","0","0.00961545869944214","0.00837993730675102","0.00464756839654701","0.00694447235281093","0.0232182901020073","0.0180480698717025","-0.0342986359478532","-0.0425596144187961","0","0.00425532557013852","0.00103680672844053","-0.00656970922316091","-0.0225998319172405","0.0274961889842835","-0.00658619285285678","-0.0200229158751082","0.0110387473148217","-0.0298935302781427","0.0382988495579406","0.0121360712822254","-0.0258263995598984","0.00871676221441664","0.0449923907939818","0.0177782460212841","0.0115608224010764","0.0180004860236211","0.00294551022975664","0.00861661626087873","0.0101937681895423","0.101281791116608","0.00705983744512029","0.0199472727972854","0.0238172863866701","0.0166282310834024","0.0193299612708422","0.00716213924188569","0.0256034572652249","0.000544243188566364","0.00864833121810062","0.00731880893439098","0.00583193227022474","0.00193783442520292","0.0256628262599213","0.00765150658765541","0.0619147489815411","0.00817050850778879","-0.0115163238543019","-0.0116790943590352","0.000581409852170367","-0.00477280164363414","-0.0842534604525849","-0.0564983246337185","0.0336860576548066","-0.0761270624138168","0.00573768210960957","-0.082773921534903","0.0292368201850248","-0.220990697953109","0.0424003660706616","-0.0844503445683165","0.00913600140050796","0.0265444455376225","0.0040104674502823","0.0265732445836475","-0.00167896473850519","0.0390021578032691","0.3333","0.00277985852059892","-0.0452376744510605","-0.109547816439958","1.64","1.82","-0.0434968246243752","-0.0375528036701134","-0.0132945331421741","0.00108465180262485","0.4739","0.328804762","0.5456","0.6089","0.5469","0.0295834642491766","0.0411716240509303","25.87999916","0.0768345644000856","0.0674911127424522","21.81505","0.0972000000000008","0.102150000000009","0.0875800000000027","0.00959731334205906","0.00712310095282387","0.000995176732161214","-0.0480791794256534","0.0042211966436243"
"299","2022-11-01","-0.000272137642850723","0.00738538199043859","-0.00762690702090119","0.1","0.026886482184584","-0.0165293019512109","0.0176995770994015","0.0279738520424058","0","0.000575836114773409","0","0.00722072193375478","0.0999999999999996","0.00248732549552333","0.00315956029036846","0.00275103337189009","0.0063593219082918","-0.00278551712142683","0.00308642220318944","0.00861331767811446","0.00490597876885435","0.00648300487807862","-0.0189009063092005","-0.0674412807955327","-0.0741079721537217","-0.00212539931231337","0.0154244703256321","0.0121667387598787","0.00711746776886368","-0.018543577712169","-0.00773912099295604","0.0145010906907999","-0.00600602406021178","0.027212563524885","-0.0285857489114409","-0.00362538161431658","0.0398913290273022","0","0.0292932485894868","-0.00618649785749881","-0.00944888919793208","-0.00397219986043318","0.00293685967331037","0","-0.011218883604788","0.0117677772413129","-0.0101013230949922","-0.00155912796576274","-0.00399389492170243","0.00486467467865088","0.00526360428761156","0.00576861489237921","0.00499985414432668","0.00404251009883856","0.0058800375401374","0.00555986318580659","0.00524429839528943","0.00713539485572168","0.00751465178752586","0.00901197123272962","0.00449153357842669","0.00822957038259267","-0.00378553263283266","-0.00533779913244281","0.0416665958947355","0.0627396945902277","-0.0353712324316797","-0.0181058114480397","-0.0506356159685799","-0.0240818666577596","0.0819887804653714","0.163445851396647","0.0101181301655853","-0.0811634071072067","-0.0284848980086867","0.045484376034933","0.0144785762232384","0.0180311790510819","0.00104356910070766","0.00198692154139657","0.0379204689190518","-0.0206773266740576","0.6818","0.00341562652658745","-0.321574232434529","-0.22484124269076","-0.11","-0.00999999999999979","-0.00933994928796267","-0.00212296589985961","-0.0126446354259926","-0.0162515719367136","0.1403","0.674167965","-0.6956","-0.6925","-0.6297","0.0656836993160539","0.0687607026453438","20.57999992","0.0523579761153137","0.117307400464229","-61.53216","-0.121000000000009","0.42282999999999","0.259609999999995","-0.00130609980390485","0.0047207011349375","-0.0537407394644739","-0.0155430554505553","0"
"300","2022-12-01","0.000967264229208453","0.00615240937361961","-0.00235849165929292","-0.1","-0.0198026272961789","-0.130361817863244","0.0743585673185461","0.141260069996181","0","0.000666343615641551","0","0.00489349490518176","0","0.00457579444724043","0.00314960890289617","0.00274348594575091","0.00316455960296302","0.00556329668532918","0.00767463475310848","0.00342466088136462","0.00488202759730783","0.00483482005458313","-0.0183812615059304","-0.023530497410194","0.0127390257774298","0.00106326432133041","0.0151901654939746","-0.00186219793106446","-0.012848142477849","0.00355872261699375","-0.0089186767318381","0.0326826474303585","0.00400802139753953","-0.0795953804462162","0.00525855725346691","-0.0257524961024149","-0.0936356050339926","-0.00580272421256733","0.0373981259091858","-0.0106952891167484","-0.0170216875694305","-0.007992050531338","-0.0167574152919423","-0.00190839752576011","-0.00102616735531225","-0.00544088629896322","-0.0020322047087884","-0.00357222342658048","-0.00503809163891233","0.00346623973875849","0.0044689923404488","0.00587949586179687","0.00276958740595251","0.00496608463679058","0.00789659122236012","0.00556683062767534","0.00486099781109102","-0.00415783583815827","0.00374128330474712","0.00339697711819512","0.00207670337884751","0.00752408432818919","-0.0327530363160697","-0.0632218023058044","0.0211048457459668","0.0284335381176817","0.0839179987661511","0.192307557073079","0.176717454439658","0.247868298096972","-0.00259560623316624","0.0322240682207333","-0.027212563524885","0.00581396986542071","-0.0190240360046969","-0.0385775898216778","0.0120733473815653","0.048183464191118","0.000608246097737408","-0.0138583368349403","0.0367811437207008","-0.122003260604053","0.3182","-0.000130596609027478","-0.16018328933905","-0.119906523536887","-0.45","-0.550000000000001","-0.0266049479835484","-0.0128993087795681","-0.00769603125265128","-0.00841657401257656","0.2555","0.318062273","0.1271","0.0844","0.1144","-0.0157086002134008","-0.016324979810987","21.67000008","-0.0607818252732706","-0.027980626889589","-77.43958","-0.122500000000002","0.402860000000004","0.387569999999997","-0.00397159689131347","0.00313479880537137","-0.074777715149403","-0.0302664805807389","0.00587989934287947"
"301","2023-01-01","0.00232365249780209","0.0023562687621741","-0.00651468102119335","0.1","0.0380888511195971","-0.0519597389307114","0.0193554429529561","0.0969419451922304","0","0.00105917787444376","0.100000000000009","-0.0129710302049153","-0.0999999999999996","0.00389197890302828","0","0.00273597981887441","0.00629923342798744","0","0.00609757986811843","0.00341297259623996","0.0096931292056599","0.0048115569972218","-0.00353982670512387","-0.0487901641694322","-0.0127390257774298","-0.00106326432133041","-0.0040282028286045","-0.00748366448717253","-0.0203200024909576","-0.0017777782459989","0.0144527251664801","-0.0107759663444913","0.00299550897979817","-0.0614425434324426","-0.000874508144931951","0.0341913647482794","-0.0831149067105068","0.00772950708226716","-0.00669645359512128","0.00536194314138605","0.00214362354325104","0.00300450902029947","0.0128396825630404","0.00666351823077083","0.00102616735531225","0.0197446066709333","0.0020322047087884","0.00753778773006175","0.00529045693790131","0.0019680908712249","0.00346365780587233","0.00329987707313706","0.00548831242942069","0.00126758629983693","0.00710661125406192","0.00000709219463781649","0.00560106593378578","-0.0171960237953414","0.00646245907041877","0.00673309915105944","0.00324147457819396","0.00684116863465582","-0.0427740224282793","-0.0948134246243537","-0.0399502709793804","-0.0857275757650751","-0.185637662436879","0","-0.146284545788598","0.160228390477249","-0.0249113838117818","-0.126714376188069","-0.0549296620309345","-0.0721032939013444","-0.0566313252392137","-0.0452565915881209","-0.00951593913662929","-0.0085509481272229","-0.0139960297273252","-0.0312366522433987","0.00401360247191873","0.0193372810410901","0.25","0.0116620098525839","-0.0371171576905223","-0.0387883480563023","-0.39","-0.29","0.0113237902942789","0.0128254554293896","0.00864130657845408","0.012461363178728","0.2268","0.249598333","-0.0587","0.00999999999999979","0.0621","0.0433613916079523","0.0517082615839186","19.39999962","0.0599211819186731","0.0604327412188805","2.13110999999998","-0.0571999999999946","0.432649999999995","0.478560000000002","0.00124167614950063","0.0162983817331197","-0.0208604532119489","-0.000520969014127459","0.00584552812743588"
"302","2023-02-01","0.000753273006678157","0.0100691636357784","0.00178094437099485","0.1","-0.00567860696884281","0.17114825619583","0.0437569803571005","0.10318423623523","0.0999999999999943","0.00190369767556575","0.0999999999999943","-0.0101395878485757","-0.1","-0.000189501611330911","0","0","0.00625980134850668","0.0137743224648288","0.00757005886054518","0.010169579169629","-0.00160901080570053","0.00955421280481161","-0.00711746776886457","0.0246926125903717","0.0127390257774298","0.00106326432133041","0.0160163583885744","0.0232028970796634","0.00584796988242342","-0.00267260738147712","-0.00775627157135883","0.0182506407611971","0.000996512289739293","0.0497465036692519","-0.0105541876786903","0.0166670524852117","0.0566953436765454","0.00096200103619104","-0.0101295182388554","-0.0170790668291394","0.0117084892649002","-0.00300450902029947","-0.000981836112257106","0.00284225676892991","0.00715383735661845","0.0790584101002425","0.00808956356959456","0.0109086595987655","0.0189166351599326","0.00711861995444672","0.00622910524593597","0.00978987555502294","0.007979634986891","0.00681441848181932","0.0100750652229855","0.0087129581529622","0.00609868205366761","0.00206628344233237","0.00758168676825538","0.00869802007301785","0.00561761170125801","0.00707636631783759","-0.00431748409036281","-0.0213425432731054","-0.00550158459124539","-0.00782807333721713","-0.0317613041245979","-0.0875905834929345","-0.0357064871219972","-0.300170297631215","0.00875453263424752","0.0121418236762558","0","-0.0252379325898628","0.0240975515790609","-0.0041237171838624","-0.00596846250754535","-0.0099771294338194","-0.00556513957833162","0.00866288533462445","-0.0120894601254126","0.00109031448199115","0.475","0.00630077960496145","0.0901852850979648","0.0825384495973935","-0.3","-0.35","-0.0080091999500862","-0.0022239587673436","-0.00499116824449253","-0.00510537671208056","0.1995","0.474531667","0.0427","0.0438000000000001","0.0779999999999998","0.011392325236697","0.00250527230915765","20.70000076","-0.0264594790307005","-0.00894380416273322","-9.37596000000002","-0.252200000000002","0.813860000000005","0.526039999999995","-0.00359508869362757","0.00384172581599884","-0.060228773524525","0.00104166676085704","0.00166389389469579"
"303","2023-03-01","0.00375787716567366","0.0013969734518664","-0.00475625153464954","-0.1","-0.014917086703238","0.0652405218684011","-0.0928666843918489","-0.0977641687658917","0.100000000000009","0.0013877159219895","0.0999999999999943","0.00802737584216207","0.1","0.00727001266490301","0.00313972000466789","0.00272851465320434","0.00311526731694922","0.0108844611984233","0.00900906994236639","0.00336700654790434","0.00160901080570053","0.00631913635147896","-0.0308274637952595","0","-0.0519597389307114","0.00635595360069807","0.0118461405041623","0.014572206859091","0.0130342178389062","0.0141720706783763","-0.0145660838665398","-0.00426439878645724","0.00496772010193425","-0.0313692636676457","0.0140476410132502","0.0438869503558745","-0.0222939169592129","-0.00481928643594909","-0.0522463561704374","-0.00636655174554157","-0.0117084892649002","-0.0141416498146718","0.0029426210541974","-0.00664454271866877","-0.00920722616846081","-0.120691379523536","-0.00808956356959456","-0.00831311143606328","-0.011185140382965","0.00472682344587724","0.00463048625956816","0.00755207188334489","0.00481453646997152","0.0052121076920241","0.00777257372123224","0.00613676908819723","0.00541543232769329","0.00144739349106592","0.00603733798315665","0.00639466476195401","0.00489227143746015","0.00646652585960108","0.00488727512654208","-0.00901991561420168","0.0153384444252875","0.0108130759267642","-0.0101359067643338","-0.0457588420671247","-0.0876725340385072","0.0017725263134194","-0.00511961573694464","0.0750709527680993","-0.0447001789179069","0.0498545602252189","-0.0377403279828474","-0.0304166080683137","0.00685535097153522","0.0213020044437676","0.00362527476050505","0.00811495488272751","0.00404608123919803","-0.0516821005980512","0.1011","0.00567569603357043","0.133659677245511","0.16659451355248","-0.100000000000001","-0.0499999999999998","-0.0188035771641797","-0.0114505682086001","-0.0101079312762717","-0.00712285245963784","0.1178","0.101043696","0.1066","0.00850000000000017","-0.0478999999999998","-0.0346510353072116","-0.0502273884638775","18.70000076","0.0344512928837091","-0.00061978498726134","52.37101","-0.252389999999991","0.912930000000003","0.510920000000013","-0.000716594814406905","0.0022979711376232","-0.0404604675435123","0.00622731643977392","0"
"304","2023-04-01","-0.000450200346755025","0.00116265563614348","0.00238095350574241","0.1","0.0352109060430514","0.0808520966290951","-0.0203396842371228","-0.027398974188114","0.0999999999999943","0.0020779697588722","0.100000000000009","0.0235735229673821","0.0999999999999996","-0.00509290924452621","-0.00313972000466789","-0.00272851465320434","0.0108276386520636","0.00135226525001375","0.0133632278121665","0.00836824967051619","0.00960007372901917","0.00471328445209807","-0.0242323133877678","-0.0500104205746617","-0.0134230203321399","0.00105540906894408","0.0232794217780476","-0.0340262710572352","-0.00722024797348642","-0.0204360732633067","0.00562747686572873","0.0085106896679088","0.00592887112227825","0","-0.0158175529797084","0.0179176126004084","-0.00322580924888261","0.000965717119958853","0.0442962859049763","0.00182315456151461","0.00640343703520685","0.00810541418282185","-0.0019607849419403","0.00190295014608655","0.00716848947861326","-0.0677603403454823","0.00808956356959456","0.0147000571920977","0.0181996992998581","0.00867066115644347","0.00588493092144094","0.00978002915326137","0.0063819691443256","0.0105198930156518","0.00861465900754666","0.00733933168231972","0.00521728333230909","0.0051802286503991","0.0105111194740788","0.00992431243835942","0.0163377028024499","0.0113311411101793","0.000720153440548543","0.018242806593026","-0.0218556857217607","-0.034389007828203","0.00162866485512314","0.00965724550317582","-0.0866179085603944","-0.0190708997966054","0.0411759141841852","-0.0746838060346526","-0.073082856738476","-0.07574597415796","-0.0406503059628758","-0.0547182436943583","0.0128203294050939","0.010840701500438","0.00149931676893744","0.0248363883000309","0.0257874134007971","0.0762004608854143","0.1739","0.00760535096594062","-0.0087738418161436","-0.0484256962591481","-0.0999999999999996","-0.140000000000001","-0.00598755740239199","-0.00235096050143291","-0.00423049555767463","-0.00187022416290539","0.1934","0.174252415","0.1098","0.0865","0.0598999999999998","0.0298421866152907","0.025907826314846","15.77999973","0.0145361774382771","0.0504715673124099","-80.54168","-0.29713000000001","1.04142","0.493559999999988","-0.00249514811614849","0.00458016067857514","-0.0533122304279441","0.00721652616386859","0.000830909894086851"
"305","2023-05-01","-0.00445287614846634","0.00452148471884684","-0.00895795778209951","0.2","0.0637709275058","0.00966191091173663","0.0203396842371228","-0.022472855852059","-0.299999999999997","-0.00156560518520799","-0.100000000000009","-0.017775641394512","-0.0999999999999996","-0.00816486070112443","-0.00630916919326463","-0.00273597981887441","0.00613498856751615","0.0067340321813445","0.0102715503218302","0.011599135843352","0","0.00625002034517141","-0.0200101960068855","0","-0.0413852161628547","-0.00953902304675935","-0.00769974930130335","0.0231170719568814","-0.0219789067187754","0.00715566559541259","-0.00788736483316566","-0.0366815666346056","-0.00592887112227825","0.00303030534917959","0.00176991196645826","0.0110376396516205","0.0064412461028569","-0.000965717119958853","-0.00342661671664768","-0.00547946576462532","0","-0.00202020270727576","0.00684599250798978","-0.00380952841666815","-0.00819676720417917","0.0307231504671259","-0.00910514969208087","-0.00156925242602313","-0.00457805815100265","0.0050702919322016","0.00450951852131061","0.00801678215602091","0.00461222858535866","0.0046697103660646","0.010498811702211","0.00693249945818945","0.00528773134091355","0.00296715470228438","0.00694303837082686","0.0050763661056004","0.00648564204488178","0.00476186074999687","-0.0135008497599394","-0.0301537615568588","0.0532939203528233","0.0780078128927464","-0.0335088227657856","0.0496821942831325","0.108032003064211","0.125906124466717","0.00828827478117411","0.121124899689326","-0.346770988821787","-0.0748648789641742","-0.274888720991871","0.066364749080682","0.0100696103625006","0.00481355854403653","0.0129587664062925","0.028467334168325","0.00168505556421031","-0.114671741813212","0.175","0.00236485884774496","0.0325664925272005","0.040436830252812","0.12","0.12","-0.00748763411771947","0.000515052181714992","0.00118211030711279","0.00214148684626458","0.2097","0.175418889","0.3197","0.3118","0.3256","-0.051991025998797","-0.0368186297570414","17.94000053","0.00247927151579042","-0.061693590054023","21.27645","-0.0627899999999926","0.849289999999996","0.453050000000005","-0.00472807131636381","0.00683114610883528","-0.043516409591242","-0.0350179495482044","-0.000830909894086851"
"306","2023-06-01","-0.00244546880118257","-0.00731413256592184","-0.010250315856168","0.0999999999999996","0.0124871549725638","0.087411937780085","0.0133335308694651","0.0280130362276747","-0.299999999999997","-0.00190008049565371","-0.199999999999989","0.00811310391027398","0","-0.00487362998204421","0","-0.00274348594575091","0.0241703609278128","-0.00538359308347314","0","0.0049301661078589","0.125537744943777","0.0246166276353561","-0.0145421854997743","0.02531780798429","0","0.0262758154022826","0.0332572217564824","0.021700670733118","0.00295858203974486","0.0333071980177682","0.0267873159636496","-0.00440529346791596","0.0312220482613599","-0.0121767105752557","0.0373145242719213","-0.0460496856113286","-0.0210875616200958","0.00289435802636451","0.024860037319395","0.00365631120311072","0.0031864073694079","0.00604840553588026","0.0067994433889238","0.000953743515309746","0.00819676720417917","0.0711707547538563","0.00910514969208087","0.00789242545535274","0.00849677646061764","0.00278348153250293","0.00258490578548039","0.00275076753896856","-0.000180494452113561","-0.00620403585754493","0.00103446671395957","0.00487275790259305","0.00521151632545105","-0.00909681433254225","0.00355675877947898","-0.000326775356728374","0.00464580167396133","0.00536843798680756","0.0118252742267497","0.0269940890958846","-0.0150341014107589","-0.0322335765674691","-0.146050076871691","-0.163299244084854","-0.306694051940353","-0.175870262672639","0.0510616496032608","-0.0581843257721477","0.231801614057324","0.246197314182534","0.150107002663449","-0.00633581844908626","0.0197811208839536","-0.00529023137675289","0.0133940217965648","0.0431545234270301","0.012587801648266","-0.00838272489088787","0.2341","0.00661059259164887","0.102322749428238","0.0691298357789947","0.67","0.77","-0.00757986120004439","-0.00250961241927072","0.000825830910864411","-0.00153834882858916","0.357","0.234406364","0.6253","0.4038","0.1979","0.00721784369221901","-0.0164840605362659","13.59000015","0.0627188649866781","0.0140079757731266","-18.29338","0.293979999999991","0.452780000000004","0.403270000000006","0.000476364804194796","0.000756143703323886","-0.0223115734231252","-0.0177090756247553","0"
"307","2023-07-01","-0.00163364126484566","-0.00478888960532231","0.0120483385161743","-0.0999999999999996","-0.0124871549725638","0.00877198607283702","-0.115715637773031","-0.20806444448709","-0.200000000000003","-0.00296287555000951","-0.300000000000011","0.00733650425872323","0.0999999999999996","-0.00499376818048702","-0.00634922767865875","-0.00275103337189009","-0.00749067172915741","0.00806455983673082","0.00436999967111795","0.00327332534496882","-0.0819171224678872","-0.00916036939866416","-0.0267210356376149","-0.0779615414697119","-0.0141846349919561","-0.0104276231622586","-0.00562325755436177","-0.0373619765586559","-0.00147819686931072","-0.0191476694141341","-0.0177782460212841","0.023992426743221","-0.0125666225998584","0","-0.0128591570482905","-0.0422598092898827","0.00490597876885435","-0.00386100865745931","0.0209836523005915","0","-0.00958984440461474","-0.00201207311341989","-0.00972770316801164","-0.0028639637714285","-0.0112879597738518","0.0765968066466414","-0.0152213323016479","-0.0113298267048094","-0.012896290313746","-0.00075917261341791","0.00104136071714113","0.00370061304163492","-0.00830902805170712","-0.00619175006097054","0.00494566925049922","0.00731895126447174","0.00415085667821753","0.00403709873529986","-0.00537733879285749","0.00221166967858509","-0.0166340934472535","0.00881512108934665","0.0211889559019145","0.0121929025520657","-0.00605841384901495","-0.00781494726426679","0.216696327653308","0.0995834296987468","0.356962810370697","0.132503033557509","-0.0119964403152117","-0.00412772226230196","-0.0543226817391576","-0.17461651041955","-0.0583985761739498","-0.0466209085371627","0.0113478836220331","0.0138496531924401","0.0000858332260944838","0.0175201412155843","0.0195992476221127","0.0680481888211366","0.3409","0.00452939428284793","-0.0606606571371611","-0.10131070632667","0.76","0.73","-0.0110072059677435","-0.00275166661185366","-0.0067897663773504","-0.00728568610675318","0.4041","0.343018398","0.122599999999999","0.0712999999999999","0.0429000000000004","0.0245386851647851","0.0387156102830932","13.63000011","0.0306639508791928","0.0289434005118752","16.35738","0.395130000000009","-0.00169999999999959","0.35244999999999","0.00118664222489105","0","0.0229755902262949","-0.0130792055205768","-0.000831600879526384"
"308","2023-08-01","0.00223801696316528","-0.00540034184011517","-0.013261194941383","-0.100000000000001","-0.0329992688390464","0.0173164500114602","-0.0772584831371317","-0.115235263577585","0.0999999999999943","0.000302736742442633","0","-0.00590393254794108","-0.0999999999999996","0.00125078190165251","0","-0.00275862243907943","-0.00150489117942065","-0.0053691404150582","0.00290275965796116","0.00488998529419149","-0.0231313320234188","0","-0.0151594616073725","-0.0845573880280628","0","-0.00420168685370026","-0.00754720563538314","-0.0282504662858516","0.0103017835278258","-0.0159436503971362","-0.00112170510919984","-0.019587133275305","-0.00683262785044558","0.0286812112467185","-0.0130266714000085","0.00597730410845987","0.0336840185010141","0.000966650631094801","-0.00218818468055293","0.0045516692147185","0.00427351077738169","0.00301659353942529","0.0106952891167476","-0.00287218962409597","0.00411947029523851","0.0134176668684001","0.00611618260956703","0.00956862042826501","0.000747393798796736","0.00226625187932177","0.00228167860212947","0.000564346173717363","0.00319177491629675","-0.00525690164855702","0.000680064113513437","0.00102517731915907","0.00390113970210652","0.000843068679577204","0.00615443826397215","0.00477227864547257","0.00206904941439549","0.00910838246093217","-0.0305905617473439","-0.068170230763986","-0.00612735282306964","-0.0128780129042081","-0.0996709087873153","0.0405880490284876","-0.193532587973098","-0.0958643499487373","-0.0247655133522162","-0.0301958664377224","0.135955636236028","-0.043704434234729","0.131811701744995","-0.0258586639732208","-0.00274185545878147","0.00650323058269886","-0.000686872182925236","0.0118133588366929","-0.0136003346915536","0.0726892727469126","0.2273","0.0061469130522589","-0.217387067156384","-0.0749416594468304","-0.18","-0.04","-0.00630563542752327","-0.000433103400077073","0.00561961440269876","0.00246825343405277","0.0427","0.230704329","-0.0167999999999999","0.0926","0.1492","-0.033545779815249","-0.0285110006955609","13.56999969","-0.0178752039120749","-0.0398214713638483","24.39053","-0.0940000000000083","0.184669999999997","0.328100000000006","0.00279506797326631","0","0.0735910547581166","-0.00274649994123877","0"
"309","2023-09-01","0.0028356832178531","0.00164667174352573","-0.0320619324596629","-0.0999999999999996","0","-0.128028474427292","-0.0451822227932324","-0.0630129678287341","0.299999999999997","0.00190513688419891","0.100000000000009","0.00447979973344825","0","0.00278458099174905","0","0","0.0134631801682943","-0.00134680155037881","0","0.00324675609887048","0.00622085987510257","0.00611622701743553","-0.0237002334710272","-0.0298529631496813","-0.0143887374520997","-0.00210748233956437","0","0.0245295317601615","0.00583943265155984","0.00800359986052257","-0.016978336534418","-0.019978466930886","-0.00392542211610536","-0.0286812112467185","0.00261894518962791","-0.0314795969193957","-0.0336840185010141","0","-0.00769657455198924","0.00181488253082307","-0.0117963834403696","-0.00503272325460991","0.00770716724493781","-0.00191938638580336","-0.0113696315202985","0.000714150465733532","-0.012270003227834","-0.00296951381258381","-0.0163974313854691","0.00496902368424638","0.00323261522561075","0.00357772495210915","0.00308327988890975","-0.0040027865078236","0.00193950508914192","0.00584916083873951","0.00337026184362723","0.0113882366766238","0.00608395654000094","0.00476455950168188","0.00518476079463102","0.00369084243828355","-0.0166083033732782","-0.0283771901508416","-0.0473602832584668","-0.0704121349985254","-0.153717685665915","-0.217369425446828","-0.172104975591273","-0.236958045757398","-0.0141312606987825","-0.0805861859477837","-0.0656691035078572","0.0760697187367603","-0.0573356088435126","-0.0230424941471545","-0.0109164857274404","-0.0207105375700816","-0.00326910132847844","-0.00446276507272447","-0.0253440405887956","0.0842216506656568","0.0227000000000004","0.0050899096034609","-0.0825072866723442","-0.0287767174380225","-0.29","-0.27","-0.0111171019479048","0.000957845806070168","-0.00128570558714536","-0.0123251726346467","-0.0144000000000002","0.024476623","-0.234999999999999","-0.1099","-0.000399999999999956","0.0165417488891482","-0.0176931793970105","17.52000046","-0.0499461677949444","-0.0113137791796669","31.54943","-0.0550999999999959","0.0790499999999952","0.298339999999996","0.0042784651730163","-0.00302801139764153","0.0794334065214467","-0.00165152803847324","0.000831600879526384"
"310","2023-10-01","-0.00180908208297303","-0.0137264017667302","-0.065374292184968","-0.1","-0.00325203538637719","-0.03980625040042","-0.00421053253634351","0.0630129678287341","-0.0999999999999943","-0.00102771825386405","-0.100000000000009","0.00581321879932872","0.0999999999999996","0.00248994574152039","0.00634922767865875","0.00275862243907943","-0.0134631801682943","0.00134680155037881","0.00289435802636451","-0.00487409575824582","0.00154918698682938","-0.00458365966765761","-0.00837701233804822","0.0870113769896297","-0.0444517625708345","-0.013807972966335","-0.00379507096855125","-0.00936336428875073","-0.0310446216819606","-0.013375143662433","-0.0219281723386118","-0.0307366256481298","-0.0128650957968848","-0.0185476723557612","-0.0140476410132502","-0.0274331417801568","-0.0281242688708616","-0.00290275965796116","0.0218349286031998","-0.00181488253082307","0","0.00201612971518461","-0.00481001408378479","-0.00288600488913549","0","0.00860744924970458","0.00205517943517108","0.00278116840842557","0.00180788468124504","0.00122203784035935","0.001526617001926","0.00214406270314284","-0.00603518226398812","-0.00315849890975589","0.00323967891127745","0.00396738802711538","0.00303085418447952","-0.000315526886224595","-0.000173849407340833","0.00154018747027425","0.0023387902760898","0.00609381918573823","0.0111935719551006","0.0454168075102288","0.0534717280933403","0.0824235430821734","0.0415490029128724","0.183338776964499","0.127097379533837","0.10272954609872","-0.00252951230995713","0.11587853229199","0.0223722977545338","-0.103946088265015","0.0063593219082918","0.0588405000229333","-0.0110531445676614","-0.00514047754785218","-0.0070910016945229","-0.00576757587421017","-0.0179994271766099","-0.0338574005906613","0","0.00481836286884452","0.100919303754825","0.0967164647306085","-0.220000000000001","-0.31","-0.00587494255043097","-0.0152870063929669","-0.0183533783520176","0.00154215728796814","-0.117699999999999","0.00170974099999999","0.0370999999999997","0.1496","0.2228","-0.0427926958282825","-0.0676851161747418","18.13999939","-0.0222248409997654","-0.0366954400066937","-5.29509000000002","-0.0113999999999947","-0.179659999999998","0.251900000000006","0.00197180529014283","0.00151515180501072","0.00790618183946902","-0.00718830853066788","0"
"311","2023-11-01","0.00114613193062318","-0.00381998793277027","-0.00335008688528138","-0.1","-0.0364882932631367","-0.147405291687726","0.100284362625965","0.135437970895104","0","-0.000272219955403941","0","0.00340759644356936","0","0.00105157506941911","-0.00316957476127921","0.00275103337189009","0.00300752106395574","-0.00134680155037881","0.00576370471675069","0.00811034453745396","0.00463321292148855","0.00305810635882064","-0.0234053237315521","0.0273989741881144","-0.0152674721307884","0.00533334597536239","0.00474159257258222","0.00936336428875073","0.00299850299625692","0.0177940638004683","-0.00116754245603801","-0.0269494926895524","0.00793654959573598","0.00622085987510257","0.0201319709519243","0.0187857747389746","0.0166393190039651","0.00193610902686636","0.00645858003941235","-0.00729264854614087","0.0149895740195252","0.0050226122662913","0","0.00288600488913549","0.0144481357473865","-0.0312512184347868","0.0142718955650212","0.0110696500733809","0.0232318079343035","-0.000586912385543533","0.000846588327701318","0.000610238969781885","-0.00418010652783158","-0.00375222643394795","-0.00448440828366108","0.00287210321671143","0.00262490634723773","-0.0121085264241779","0.000448705982368408","-0.00205287166722744","0.00291029366527567","0.004131413033948","0.00477125254610833","0.0189330932398217","-0.0252276660637296","-0.0391771173733471","-0.0655726473931226","0.00120962879149999","-0.0743047257205154","0.0758498294135004","0.00505264232807789","-0.0581841864648336","-0.127230174547794","0.206755582131237","-0.098166871161415","0.0303053494953289","0.00611202450408221","0.0211095890783337","-0.0026938969148344","0.0223813557667034","0.021303350565628","-0.0883367582306986","0","0.00753221515895497","0.0561042088061434","0.0320054812368458","-0.13","-0.319999999999999","-0.00180452534590891","0.000669142485330454","0.00146608300229545","-0.000532214478580428","-0.0414000000000003","0.000381818000000145","-0.2938","-0.2974","-0.2983","0.0248384613388755","0.0651709135949101","12.92000008","0.0854244481946527","0.0601230307368987","1.55433999999997","-0.391970000000001","0.285049999999998","0.216999999999999","0.000923569387848744","0.00528502551405463","-0.00268605950623066","-0.000555092992327033","0"
"312","2023-12-01","-0.0020216961971169","-0.0125167117326281","-0.0432017814626686","0.2","0.0233733511853087","0.0403512955235668","0.0911377119985248","0.0392207131532816","-0.200000000000003","-0.000272294079286084","-0.0999999999999943","0.00256410396893791","0","0.00818350746499785","0.0126184639592117","0.00820798041782966","0.00598804184462232","0.0331375581998756","0.00286944242795251","0.00483482005458313","0.00614441257234066","0.0045696956900656","-0.00539666717215415","-0.0555698511548108","0.0451204352804702","0.00636269378782828","-0.00189393996007059","-0.00936336428875073","0.00448096343503579","0.0043994791594848","0.0208099995137934","0.00237248035363002","0.00787405643090544","-0.0109120334509827","0.00862818122333842","0.00371517455186332","-0.0116183879538658","-0.000967585948735916","0.00854706057845789","-0.015675747454809","-0.0334985400744845","-0.021266624268681","-0.00677312700584576","0.00383509578394214","-0.0365194468277128","0.00301343093131745","-0.0381691232053809","-0.04414597914705","-0.0407358709693888","0.00328484550901089","0.0024761844528316","0.00440310220598299","0.00188615200776171","-0.00320084002321134","0.00413445100438391","0.0068156365404463","0.00343075095264754","0.000368013785841991","0.00239720952110213","0.00120934943729442","0.00389392849001921","0.00233725334925591","-0.00256108146330725","-0.0119700721254823","-0.017444694828141","-0.0380148149194373","0.0582786690305692","-0.0881549882864689","0.0307438318054825","0.0166670524852117","-0.00479940297332782","-0.0321336344840848","0.00501254182354405","-0.210295408836361","0.0138891121606672","-0.0592928863685813","0.00900788336237035","-0.00329121660592546","0.00969872514211453","-0.0208984860410197","0.0177814356845069","-0.0661635044006461","0","-0.0093728630033123","0.0838141575841664","0.037300998881431","-0.21","-0.25","0.00756376867830255","0.00714218275296297","0.0121653636897658","0.0053844200799098","-0.0197000000000003","-0.000508851999999393","-0.4296","-0.4099","-0.375","0.043022277300139","0.0768299962707495","12.44999981","0.0432790353369885","0.0201718289519688","-34.06042","-0.195070000000001","0.393479999999997","0.206000000000003","0.000254126248586714","0.00375799014232925","-0.02281284409613","-0.00948403203600101","0.000830909894086851"
"313","2024-01-01","-0.00384342325528131","-0.00424783695960507","-0.00632691038476363","0.2","-0.00110071557618507","0.117155092150663","0.148660274220823","0.0560894666510432","-0.299999999999997","-0.00266634505319274","-0.200000000000003","0.0025575461511167","0","0.00331141794622969","0.00625002034517141","0.00543479598595686","0.00298062813813793","-0.0304457665341644","0.00713778904829265","-0.00160901080570053","0.00762780204888625","0.00606062461169099","-0.00869570696755417","0.0281708769666964","-0.0148150857851412","-0.00742708984361506","0.0224939193479674","0.0102948967268626","-0.00298507684345317","-0.0195041643779819","-0.0196424570577554","0.0129489743408033","-0.00491401480242892","-0.0157981168765913","-0.0278763695282551","0.00370142310318577","-0.00670019256981913","0.00482859460619522","-0.0074746744167058","0.019328719553501","0.0377403279828474","0.0242681272724372","0.00773698250215205","0.000956480225957179","0.0375435124574031","0.0159530664827168","0.035127637555509","0.0438051371623942","0.0361981667307312","0.00214580055036334","0.00218349565987928","0.00226738267339751","0.00381413461456879","-0.00132450652774864","0.00277463859411775","0.00206276590344423","0.00272218674428939","-0.00904920571105707","0.00394544062249478","0.00135332324372493","0.00488874124062796","0.00534596161766232","-0.00466407640742794","-0.0150923927092315","-0.00369237329888072","0.0134226635491874","0.0806056756555273","0.0850069048051054","0.247944752148925","0.103196701410647","-0.0247812390699114","-0.0434556731172897","0.260439336057907","-0.0621772449518918","0.206453316873831","0.0518022146394239","0.00596942299696046","0.00364320534592011","0.00421379133196861","0.0185947719455326","0.00378638931505576","0.0315715603800282","0","0.00854125836529107","0.0498669477419629","0.0697951157699173","-0.25","-0.32","-0.00644103164752075","-0.0020134001089307","-0.00687307270190374","-0.000358616344682261","-0.0161999999999995","0.000563396999999632","-0.0141","0.0697000000000001","0.1328","-0.0140274084197127","-0.0169847870297257","14.35000038","0.0157706938416915","-0.0189376134239567","41.69929","-0.126750000000001","0.288560000000004","0.178599999999989","-0.00155499558463115","-0.00451128584650107","-0.0113635094774639","0.0139161722553407","0.000830220055989095"
"314","2024-02-01","0.00051533111163593","-0.00928647924946624","0.0195536956266373","0.0999999999999996","0.0185493589111312","0.122795577479928","0.00896866998276025","-0.012195273093818","0","0.0010916369572147","0.100000000000009","0.00401491792548203","0","-0.00226950452021768","-0.00312012733624378","-0.0081633106391612","0.0103627870355467","0.0160003413464418","0.00849863472146239","0.00961545869944214","0.0030349036951538","0.00902261759963707","0.00326975768155702","0.0273989741881144","-0.0303053494953289","0.00953902304675935","0.00830646215775399","0.00742118433761707","0.00149365225678277","0.0133394596939276","0.00813485020627613","-0.0332967739130696","0.0107791342548271","-0.0063897980987706","0.0149060190856272","0.0516011287750828","-0.0169495583137733","0.00288600488913549","0.00107123738149895","-0.0174717088062879","0.00105764155813493","-0.00601204215662765","0.00288600488913549","0.0047687262520828","0.00102301799203453","0.130902858525115","0.00304148564987194","0.000241546064252418","0.00565965564505788","0.00363424611710962","0.00181525918355757","0.00229586840144616","0.001550339955412","-0.00424086237355707","0.000992435010914444","0.00431281528865004","0.00285210371236575","0.00332415533479678","0.00375529024593261","0.00219039655478726","0.00341525241862024","0.00751630587809985","0.000511727090056979","-0.00594383163345569","-0.000116648197501235","-0.0026701579624504","-0.211838937110868","-0.098833235139983","-0.228543790899027","-0.172961826325944","0.0118690651118367","0.018438440048465","-0.260439336057907","-0.0152094186635283","-0.196161630837284","-0.068916152011675","0.00183034776584279","-0.000351988739994646","0.00419610977491799","0.01687166371077","-0.00623940736013467","0.0410815714113832","0","0.00429520203029732","0.112632705470185","0.0772430647167575","-0.0199999999999996","0.0499999999999998","0.00303266872491648","0.00360803072072713","0.00340790343034847","0.00570657633593896","0.00380000000000003","0.00078723000000025","0.2793","0.1911","0.1379","-0.00236319182572231","-0.015781463914081","13.39999962","0.0504275284756908","0.00981903220298408","-46.42777","0.11515","0.0338300000000089","0.142099999999999","0.00235705518768408","0","0.0340608801159094","0.00220872535955596","-0.000830220055989095"
"315","2024-03-01","-0.000909587110191623","0.0142607084928272","-0.0132267852418737","0.100000000000001","0.00539084863487638","0.0176216013498198","0.0436750635026613","0.0242436116099931","-0.200000000000003","-0.0010916369572147","-0.200000000000003","-0.0015275924299587","0","-0.00265428158487335","0","0","0.0073367900638539","-0.0200407508834468","0.00702743580745668","0.0063593219082918","0.00604231445596248","0.0119049025063189","-0.0109410281782081","-0.0273989741881144","-0.0635134057223254","0.00210748233956437","-0.0204278226900989","-0.0102183889586787","0.00595239852729534","0.0166451499587543","0.00346620797648622","0.0203477995722663","0.000974184197843897","0.00956945101615059","0.0249260863627763","-0.00704228262541307","0.0152674721307884","0.00479157600989932","-0.00107123738149895","0.0192932029346791","-0.00105764155813493","0.00701054448621719","0.00479157600989932","0.00379867503321574","-0.00307219903697042","-0.152859598978326","-0.00711094091197761","-0.00278543626638239","0.00398168822365008","0.00442693429758596","0.00215353020891329","0.00387935301587358","0.00232136056746566","0.00175270210040137","0.00120315300364404","0.00485744762089855","0.00199542822807125","0.0000103625347057509","0.00376639782211748","0.00273281415647176","0.00334715704835085","0.00636997814232219","-0.0164892277200863","-0.0455260285498369","-0.00942668702329463","-0.0165491565493703","0.183063259034521","-0.0638426455106362","0.174283515708193","-0.134798140662366","-0.0253704243322019","-0.024614511864165","0.0699923718200353","0.00382409643840287","0.0692203768911863","0.047199771994566","0.00546860921797609","0.00992535004626927","-0.000769395207862844","0.00817667251019127","0.00741971988650855","0.022856107749055","0","0.00525362225668147","-0.0245102875619168","0.0149956411417858","0.12","0.2","0.00288037139767816","0.00645979129617658","0.0125952268966287","0.00797592711536588","-0.00850000000000062","0.000780951999999502","-0.0457000000000001","-0.0899999999999999","-0.1187","0.0411384914721999","0.0426262457580862","13.01000023","0.0305474200851865","0.0436150100155306","-45.66456","0.220849999999999","0.0953199999999867","0.098700000000008","0.000952614881019928","0.00300978406290398","0.00572641086697748","-0.00110375287143771","0.00497101272202105"
"316","2024-04-01","0.000970196844132687","-0.00667842929063411","0.0083740894105313","0","0.022329476398089","-0.0220759516992004","0.00284495213223135","0","0.100000000000009","0.00197014536711748","0.200000000000003","0.00533639535859987","0","0.00558475586618279","0.00312012733624378","0.00272851465320434","0.00291971010333469","0.02794593039056","0.00697839538146283","0.00631913635147896","0.00150489117942065","-0.00444774639823642","-0.00330578813449911","0.0800427076735364","0.0162605208717803","-0.0105821093305369","0.000937646575963846","-0.0046794657219591","0","-0.0264099856497229","-0.0174524499512261","0.0117786991926128","-0.0166916000932531","0.00632913505164723","-0.0336674007643492","-0.0557044723645861","0.0100503358535011","0.0028639637714285","-0.0107759663444913","-0.00822297918043269","-0.0160003413464409","-0.0120483385161743","0.000955566245668393","0.00567109270381572","-0.0144630620275548","-0.156872104434004","-0.00921613408821464","-0.0192827417117662","-0.0350854899049438","0.00147123570842782","0.000983940211448056","0.00433147487784653","-0.00938057879347395","-0.000873447244786334","0.00281075806362437","0.00603508908004199","0.00210378302214074","0.00823299727045109","0.000692250084868617","0.00237272737406988","0.00207962871051774","0.00744395576922167","0.0060150557297618","-0.0183752992154762","0.0960241308502727","0.124806861107547","-0.0611460737822469","0.123600682012666","-0.0785764317510091","0.194981588950078","0.00925285931113251","0.108536588687729","-0.0452997592296631","0.0411272914238632","-0.0472785683527492","0.0419190873346285","-0.00519385956059715","-0.00565121373479838","-0.00188323972796478","0.0115514296054711","-0.016172859245601","0.0516795913845058","0","0.0165844373856192","-0.0415642971642374","-0.00264442458342629","-0.0200000000000005","0.0300000000000002","-0.00673396851312269","-0.000191450769776225","-0.00388609303530885","0.000945557552507026","-0.0161999999999995","0.00883809499999977","0.178300000000001","0.1842","0.1923","0.0210311224372628","0.00405024233873341","15.64999962","-0.042505777827575","0.0142217367580391","36.85372","0.106710000000007","0.277050000000003","0.0939999999999941","0.00104626129212896","0.00300075243923814","-0.00271272795599897","0.00770080813317797","0.00494642393532541"
"317","2024-05-01","0.00287473909262204","0.0100613007056669","0.0341563257966415","-0.2","-0.0662925998192048","-0.0597879183789729","-0.0495006437730305","-0.134387190708419","0.0999999999999943","-0.00036342712171944","-0.100000000000009","0.0323543882554853","0.2","0.0000943885979278747","-0.00312012733624378","-0.00272851465320434","0.00291121020745866","0","0.00831029713362774","0.0031446566794715","0.00599701947237463","0.00296736122780228","-0.0200675630508096","-0.0800427076735364","0.0317486983145798","0.0031864073694079","-0.000937646575963846","-0.0065882591243831","0","0.00711114107750266","0.00117302066236302","-0.00351906521519574","0.0039525743158233","-0.00791769773678475","0.0113488778086541","-0.0125314923119131","-0.0117352562184205","0.0028557849013584","-0.00543184388236195","0.0136676387286645","0.0286188053056522","0.0180185055026785","0.00286123228103197","0","0.0266956304631893","0.0370609802930346","0.0253946329185641","0.028736036474136","0.0400594788991828","0.00261738020233603","0.00150340371737383","0.00314968835507397","-0.00144596839350362","-0.00314329383104875","0.000813079475931405","0.00548739943844316","0.00210301057179828","0.00619218860901988","0.00376091900109319","-0.000627492156808656","0.00326949435098375","0.00677073798477764","-0.00604972979356511","-0.0169290621004485","-0.0374311975243931","-0.0588059459220052","0.00344234419097234","0.0813416987147875","-0.0371910283260801","0.230561413694614","-0.0271262779567518","-0.0976672927146716","0.0545805683041358","-0.104140259252597","0.0198353610561464","-0.0799549922224037","0.00455759564202829","0.00878346687572273","0.00119883556060471","0.0226969037708962","0.00970340867355335","-0.0954769715651986","0","0.0069661610012588","-0.0119945088637348","-0.0111604448969427","0.16","0.2","-0.00123763287125911","-0.00209156765764007","-0.00324711258950394","-0.000846588718895092",NA,"0.00206666700000024","0.0154999999999994","0.00570000000000004","-0.000100000000000655","0.019409768780152","0.0375859366398696","12.92000008","0.0469038054560897","0.04562883634302","22.66378","-0.221410000000006","0.41328","0.126000000000005","0.00202312077549095","0.00299177485682289","-0.00559038489349177","0.00655381919853415","0.000822030461415046"
"318","2024-06-01",NA,NA,NA,NA,NA,NA,NA,NA,NA,NA,NA,"0.0219629042864051","0.100000000000001",NA,NA,NA,"0.00290275965796116","0.0143324929007758","0","0.00469852078155419","0.00298507684345317","-0.00148257996022316","-0.00451468035452685","0.0800427076735364","-0.0317486983145798","0.00739570196112904","0.0148978546806378","0.00939856542363859","0","0.00176991196645826","0.0174321671686712","0.0380449340642697","0.0107897074213801","-0.0405570587656259","0","0.04077155188613","-0.0554734934750289","-0.00190295014608655","0.00217627942259568","-0.0118344576470033","-0.0115608224010764","-0.00997017231984998","-0.000952834755271859","0","-0.00916036939866416","0.0657486726241725","-0.0121090435682438","-0.00993339221513878","-0.0215660747523909","0.0027146677697158","0.00188012671509747","0.00276826806343206","-0.000974572984754103","0.000536553998307904","0.00405489819847891","0.0045422873210029","0.00198341064268466","-0.00413415192322063","0.00293528445765648","-0.000163598780508097","0.00208676851920516","0.00765598865713411","0.0485102509159407","0.104103628545072","0.0291597756147031","0.0606572269197283","0.11401223030299","-0.00139599836538018","0.206196809144262","-0.12122933429997","0.0688202529526496","0.0957294893266045","0.185012313750877","-0.120836473143274","0.17520408902509","0.055446573193672","0.00880030206920246","0.00916617837880185","0.0107253326388888","0.0183330372226305","0.00599749272485392","0.00609757986811843","0","0.00432552490074478","-0.0178432992483977","0.00181650092884311","-0.0199999999999996","-0.0300000000000002","-0.00689779980192107","-0.00344607405589947","-0.00139562230745938","0.00511690058893599",NA,"-0.00000476199999965843","-0.0679999999999996","-0.0585000000000004","-0.0570999999999993","-0.0145303383740867","-0.0216557385957028","12.43999958","0.0340823430819821","-0.0404549154804665","36.6761","0.0557699999999954","0.438270000000003","0.138800000000003","-0.00583762515735039","-0.000747105002998794","-0.095358463370621","0.00271813160012613","0.00246204473977496"
"319","2024-07-01",NA,NA,NA,NA,NA,NA,NA,NA,NA,NA,NA,"0.0778985294028809","0.3",NA,NA,NA,NA,NA,NA,NA,NA,NA,NA,NA,NA,NA,NA,NA,NA,NA,NA,NA,NA,NA,NA,NA,NA,NA,NA,NA,NA,NA,NA,NA,"0.00408163831964803","0.0904513932731366","0.00708126656405028",NA,NA,"0.00162727263184651","0.00168737766409155","0.0023242888788567","0.0000288374810603169","-0.00216047516156592","0.00466374051515982","0.00282282368633929","0.00305124589714615","-0.00243529477117505","0.00111323203472869","0.0025597308868757","0.00065300915956073","0.00553203645068418",NA,NA,NA,NA,NA,NA,NA,NA,NA,NA,NA,NA,NA,NA,"0.00888878820346761","0.0120923216568941","0.00414009293986917","0.0102446381668537","0.0119658878952158","0.034651017463216","0","0.00391651935202475","-0.0134039416952199","0.0224160255354526","-0.140000000000001","-0.17","0.00207734000574433","0.00448894675866818","0.00183600028211117","0.0032823474376702",NA,"0","-0.0782000000000003","-0.0257999999999994","0.00219999999999931","0.0301763311314893","0.0627946925086729","16.36000061","0.011257710544843","0.0388015292772739","28.0013",NA,NA,NA,"-0.000674789275383642","0.00223964259350407","-0.0180124894177682","-0.00326264563481615","0"
